ID,ID2,Item title,Final URL,Image URL,Item subtitle,Item description,Item category,Price,Sale price,Contextual keywords,Item address,Tracking template,Custom parameter,Final mobile URL,Android app link,iOS app link,iOS app store ID,Formatted price,Formatted sale price
25319,,Alpin AWHM-160J8BA9,https://jtclima.bg/produkti/termopompi/proizvoditeli/%d1%82%d0%b5%d1%80%d0%bc%d0%be%d0%bf%d0%be%d0%bc%d0%bf%d0%b8-alpin/alpin-%d0%b8%d0%bd%d0%b2%d0%b5%d1%80%d1%82%d0%be%d1%80%d0%bd%d0%b0-%d1%82%d0%b5%d1%80%d0%bc%d0%be%d0%bf%d0%be%d0%bc%d0%bf%d0%b0-%d0%bc%d0%be%d0%bd%d0%be%d0%b1%d0%bb%d0%be%d0%ba-ets-max-awhm-160j8ba9/,https://jtclima.bg/wp-content/uploads/2024/12/ETS-MAX-4-6.003-scaled.jpeg,Термопомпи Alpin,инверторна термопомпа,Термопомпи Alpin,5100.00 EUR,4743.00 EUR,инверторна термопомпа моноблок;Термопомпи Alpin;Термопомпи;Термопомпа моноблок;Alpin;Производители,,,,,,,,,
25317,,Alpin AWHM-160J5BA3,https://jtclima.bg/produkti/termopompi/proizvoditeli/%d1%82%d0%b5%d1%80%d0%bc%d0%be%d0%bf%d0%be%d0%bc%d0%bf%d0%b8-alpin/alpin-%d0%b8%d0%bd%d0%b2%d0%b5%d1%80%d1%82%d0%be%d1%80%d0%bd%d0%b0-%d1%82%d0%b5%d1%80%d0%bc%d0%be%d0%bf%d0%be%d0%bc%d0%bf%d0%b0-%d0%bc%d0%be%d0%bd%d0%be%d0%b1%d0%bb%d0%be%d0%ba-ets-max-awhm-160j5ba3/,https://jtclima.bg/wp-content/uploads/2024/12/ETS-MAX-4-6.003-scaled.jpeg,Термопомпи Alpin,инверторна термопомпа,Термопомпи Alpin,5050.00 EUR,4696.00 EUR,инверторна термопомпа моноблок;Термопомпи Alpin;Термопомпи;Термопомпа моноблок;Alpin;Производители,,,,,,,,,
25277,,Crystal 19S,https://jtclima.bg/produkti/termopompi/%d1%82%d0%b5%d1%80%d0%bc%d0%be%d0%bf%d0%be%d0%bc%d0%bf%d0%b8-%d1%81-%d0%b2%d0%b3%d1%80%d0%b0%d0%b4%d0%b5%d0%bd-%d0%b1%d0%be%d0%b9%d0%bb%d0%b5%d1%80/crystal-%d1%82%d0%b5%d1%80%d0%bc%d0%be%d0%bf%d0%be%d0%bc%d0%bf%d0%b8-%d1%81-%d0%b2%d0%b3%d1%80%d0%b0%d0%b4%d0%b5%d0%bd-%d0%b1%d0%be%d0%b9%d0%bb%d0%b5%d1%80/crystal-%d0%b8%d0%bd%d0%b2%d0%b5%d1%80%d1%82%d0%be%d1%80%d0%bd%d0%b0-%d1%82%d0%b5%d1%80%d0%bc%d0%be%d0%bf%d0%be%d0%bc%d0%bf%d0%b0-%d1%81-%d0%b2%d0%b3%d1%80%d0%b0%d0%b4%d0%b5%d0%bd-%d0%b1%d0%be%d0%b9-5/,https://jtclima.bg/wp-content/uploads/2026/09/termopompa-crystal-all-in-one-01-scaled.jpg,Crystal,инверторна термопомпа с,Crystal,8278.00 EUR,7615.00 EUR,инверторна термопомпа с вграден бойлер;Crystal;Термопомпи;Термопомпи с вграден бойлер;Термопомпи Crystal,,,,,,,,,
25275,,Crystal 15S,https://jtclima.bg/produkti/termopompi/%d1%82%d0%b5%d1%80%d0%bc%d0%be%d0%bf%d0%be%d0%bc%d0%bf%d0%b8-%d1%81-%d0%b2%d0%b3%d1%80%d0%b0%d0%b4%d0%b5%d0%bd-%d0%b1%d0%be%d0%b9%d0%bb%d0%b5%d1%80/crystal-%d1%82%d0%b5%d1%80%d0%bc%d0%be%d0%bf%d0%be%d0%bc%d0%bf%d0%b8-%d1%81-%d0%b2%d0%b3%d1%80%d0%b0%d0%b4%d0%b5%d0%bd-%d0%b1%d0%be%d0%b9%d0%bb%d0%b5%d1%80/crystal-%d0%b8%d0%bd%d0%b2%d0%b5%d1%80%d1%82%d0%be%d1%80%d0%bd%d0%b0-%d1%82%d0%b5%d1%80%d0%bc%d0%be%d0%bf%d0%be%d0%bc%d0%bf%d0%b0-%d1%81-%d0%b2%d0%b3%d1%80%d0%b0%d0%b4%d0%b5%d0%bd-%d0%b1%d0%be%d0%b9-4/,https://jtclima.bg/wp-content/uploads/2026/09/termopompa-crystal-all-in-one-01-scaled.jpg,Crystal,инверторна термопомпа с,Crystal,7920.00 EUR,7286.00 EUR,инверторна термопомпа с вграден бойлер;Crystal;Термопомпи;Термопомпи с вграден бойлер;Термопомпи Crystal,,,,,,,,,
25273,,Crystal 12S,https://jtclima.bg/produkti/termopompi/%d1%82%d0%b5%d1%80%d0%bc%d0%be%d0%bf%d0%be%d0%bc%d0%bf%d0%b8-%d1%81-%d0%b2%d0%b3%d1%80%d0%b0%d0%b4%d0%b5%d0%bd-%d0%b1%d0%be%d0%b9%d0%bb%d0%b5%d1%80/crystal-%d1%82%d0%b5%d1%80%d0%bc%d0%be%d0%bf%d0%be%d0%bc%d0%bf%d0%b8-%d1%81-%d0%b2%d0%b3%d1%80%d0%b0%d0%b4%d0%b5%d0%bd-%d0%b1%d0%be%d0%b9%d0%bb%d0%b5%d1%80/crystal-%d0%b8%d0%bd%d0%b2%d0%b5%d1%80%d1%82%d0%be%d1%80%d0%bd%d0%b0-%d1%82%d0%b5%d1%80%d0%bc%d0%be%d0%bf%d0%be%d0%bc%d0%bf%d0%b0-%d1%81-%d0%b2%d0%b3%d1%80%d0%b0%d0%b4%d0%b5%d0%bd-%d0%b1%d0%be%d0%b9-3/,https://jtclima.bg/wp-content/uploads/2026/09/termopompa-crystal-all-in-one-01-scaled.jpg,Crystal,инверторна термопомпа с,Crystal,6641.00 EUR,6109.00 EUR,инверторна термопомпа с вграден бойлер;Crystal;Термопомпи;Термопомпи с вграден бойлер;Термопомпи Crystal,,,,,,,,,
25271,,Crystal 9S,https://jtclima.bg/produkti/termopompi/%d1%82%d0%b5%d1%80%d0%bc%d0%be%d0%bf%d0%be%d0%bc%d0%bf%d0%b8-%d1%81-%d0%b2%d0%b3%d1%80%d0%b0%d0%b4%d0%b5%d0%bd-%d0%b1%d0%be%d0%b9%d0%bb%d0%b5%d1%80/crystal-%d1%82%d0%b5%d1%80%d0%bc%d0%be%d0%bf%d0%be%d0%bc%d0%bf%d0%b8-%d1%81-%d0%b2%d0%b3%d1%80%d0%b0%d0%b4%d0%b5%d0%bd-%d0%b1%d0%be%d0%b9%d0%bb%d0%b5%d1%80/crystal-%d0%b8%d0%bd%d0%b2%d0%b5%d1%80%d1%82%d0%be%d1%80%d0%bd%d0%b0-%d1%82%d0%b5%d1%80%d0%bc%d0%be%d0%bf%d0%be%d0%bc%d0%bf%d0%b0-%d1%81-%d0%b2%d0%b3%d1%80%d0%b0%d0%b4%d0%b5%d0%bd-%d0%b1%d0%be%d0%b9-2/,https://jtclima.bg/wp-content/uploads/2026/09/termopompa-crystal-all-in-one-01-scaled.jpg,Crystal,инверторна термопомпа с,Crystal,6386.00 EUR,5875.00 EUR,инверторна термопомпа с вграден бойлер;Crystal;Термопомпи;Термопомпи с вграден бойлер;Термопомпи Crystal,,,,,,,,,
25268,,Crystal 6S,https://jtclima.bg/produkti/termopompi/%d1%82%d0%b5%d1%80%d0%bc%d0%be%d0%bf%d0%be%d0%bc%d0%bf%d0%b8-%d1%81-%d0%b2%d0%b3%d1%80%d0%b0%d0%b4%d0%b5%d0%bd-%d0%b1%d0%be%d0%b9%d0%bb%d0%b5%d1%80/crystal-%d1%82%d0%b5%d1%80%d0%bc%d0%be%d0%bf%d0%be%d0%bc%d0%bf%d0%b8-%d1%81-%d0%b2%d0%b3%d1%80%d0%b0%d0%b4%d0%b5%d0%bd-%d0%b1%d0%be%d0%b9%d0%bb%d0%b5%d1%80/crystal-%d0%b8%d0%bd%d0%b2%d0%b5%d1%80%d1%82%d0%be%d1%80%d0%bd%d0%b0-%d1%82%d0%b5%d1%80%d0%bc%d0%be%d0%bf%d0%be%d0%bc%d0%bf%d0%b0-%d1%81-%d0%b2%d0%b3%d1%80%d0%b0%d0%b4%d0%b5%d0%bd-%d0%b1%d0%be%d0%b9/,https://jtclima.bg/wp-content/uploads/2026/09/termopompa-crystal-all-in-one-01-scaled.jpg,Crystal,инверторна термопомпа с,Crystal,5619.00 EUR,5169.00 EUR,инверторна термопомпа с вграден бойлер;Crystal;Термопомпи;Термопомпи с вграден бойлер;Термопомпи Crystal,,,,,,,,,
25263,,Crystal 19S,https://jtclima.bg/produkti/termopompi/%d1%85%d0%b8%d0%b4%d1%80%d0%be%d1%81%d0%bf%d0%bb%d0%b8%d1%82-%d1%82%d0%b5%d1%80%d0%bc%d0%be%d0%bf%d0%be%d0%bc%d0%bf%d0%b8/crystal-%d1%85%d0%b8%d0%b4%d1%80%d0%be%d1%81%d0%bf%d0%bb%d0%b8%d1%82-%d1%82%d0%b5%d1%80%d0%bc%d0%be%d0%bf%d0%be%d0%bc%d0%bf%d0%b8/crystal-%d0%b8%d0%bd%d0%b2%d0%b5%d1%80%d1%82%d0%be%d1%80%d0%bd%d0%b0-%d1%82%d0%b5%d1%80%d0%bc%d0%be%d0%bf%d0%be%d0%bc%d0%bf%d0%b0-%d1%81%d0%bf%d0%bb%d0%b8%d1%82-aqua-aura-ii-19s/,https://jtclima.bg/wp-content/uploads/2026/09/termpompma-vuzduh-voda-crystal-aqua-aura-2-19-kw-01-scaled.jpg,Термопомпи,инверторна термопомпа,Термопомпи,6979.00 EUR,6281.00 EUR,инверторна термопомпа сплит;Термопомпи;Crystal;Термопомпа сплит система;Термопомпи Crystal,,,,,,,,,
25260,,Crystal 15S,https://jtclima.bg/produkti/termopompi/%d1%85%d0%b8%d0%b4%d1%80%d0%be%d1%81%d0%bf%d0%bb%d0%b8%d1%82-%d1%82%d0%b5%d1%80%d0%bc%d0%be%d0%bf%d0%be%d0%bc%d0%bf%d0%b8/crystal-%d1%85%d0%b8%d0%b4%d1%80%d0%be%d1%81%d0%bf%d0%bb%d0%b8%d1%82-%d1%82%d0%b5%d1%80%d0%bc%d0%be%d0%bf%d0%be%d0%bc%d0%bf%d0%b8/crystal-%d0%b8%d0%bd%d0%b2%d0%b5%d1%80%d1%82%d0%be%d1%80%d0%bd%d0%b0-%d1%82%d0%b5%d1%80%d0%bc%d0%be%d0%bf%d0%be%d0%bc%d0%bf%d0%b0-%d1%81%d0%bf%d0%bb%d0%b8%d1%82-aqua-aura-ii-12s-%d0%ba%d0%be%d0%bf/,https://jtclima.bg/wp-content/uploads/2026/09/termpompma-vuzduh-voda-crystal-aqua-aura-2-15-kw-03-scaled.jpg,Термопомпи,инверторна термопомпа,Термопомпи,6642.00 EUR,5977.00 EUR,инверторна термопомпа сплит;Термопомпи;Термопомпа сплит система;Crystal;Термопомпи Crystal,,,,,,,,,
25257,,Crystal 12S,https://jtclima.bg/produkti/termopompi/%d1%85%d0%b8%d0%b4%d1%80%d0%be%d1%81%d0%bf%d0%bb%d0%b8%d1%82-%d1%82%d0%b5%d1%80%d0%bc%d0%be%d0%bf%d0%be%d0%bc%d0%bf%d0%b8/crystal-%d1%85%d0%b8%d0%b4%d1%80%d0%be%d1%81%d0%bf%d0%bb%d0%b8%d1%82-%d1%82%d0%b5%d1%80%d0%bc%d0%be%d0%bf%d0%be%d0%bc%d0%bf%d0%b8/crystal-%d0%b8%d0%bd%d0%b2%d0%b5%d1%80%d1%82%d0%be%d1%80%d0%bd%d0%b0-%d1%82%d0%b5%d1%80%d0%bc%d0%be%d0%bf%d0%be%d0%bc%d0%bf%d0%b0-%d1%81%d0%bf%d0%bb%d0%b8%d1%82-aqua-aura-ii-12s/,https://jtclima.bg/wp-content/uploads/2026/09/termpompma-vuzduh-voda-crystal-aqua-aura-2-12-kw-01-scaled.jpg,Термопомпи,инверторна термопомпа,Термопомпи,5159.00 EUR,4643.00 EUR,инверторна термопомпа сплит;Термопомпи;Crystal;Термопомпа сплит система;Термопомпи Crystal,,,,,,,,,
25254,,Crystal 9S,https://jtclima.bg/produkti/termopompi/%d1%85%d0%b8%d0%b4%d1%80%d0%be%d1%81%d0%bf%d0%bb%d0%b8%d1%82-%d1%82%d0%b5%d1%80%d0%bc%d0%be%d0%bf%d0%be%d0%bc%d0%bf%d0%b8/crystal-%d1%85%d0%b8%d0%b4%d1%80%d0%be%d1%81%d0%bf%d0%bb%d0%b8%d1%82-%d1%82%d0%b5%d1%80%d0%bc%d0%be%d0%bf%d0%be%d0%bc%d0%bf%d0%b8/crystal-%d0%b8%d0%bd%d0%b2%d0%b5%d1%80%d1%82%d0%be%d1%80%d0%bd%d0%b0-%d1%82%d0%b5%d1%80%d0%bc%d0%be%d0%bf%d0%be%d0%bc%d0%bf%d0%b0-%d1%81%d0%bf%d0%bb%d0%b8%d1%82-aqua-aura-ii-9s/,https://jtclima.bg/wp-content/uploads/2026/09/termpompma-vuzduh-voda-crystal-aqua-aura-2-9-kw-01-scaled.jpg,Термопомпи,инверторна термопомпа,Термопомпи,4934.00 EUR,4440.00 EUR,инверторна термопомпа сплит;Термопомпи;Crystal;Термопомпа сплит система;Термопомпи Crystal,,,,,,,,,
25249,,Crystal 6S,https://jtclima.bg/produkti/termopompi/%d1%85%d0%b8%d0%b4%d1%80%d0%be%d1%81%d0%bf%d0%bb%d0%b8%d1%82-%d1%82%d0%b5%d1%80%d0%bc%d0%be%d0%bf%d0%be%d0%bc%d0%bf%d0%b8/crystal-%d1%85%d0%b8%d0%b4%d1%80%d0%be%d1%81%d0%bf%d0%bb%d0%b8%d1%82-%d1%82%d0%b5%d1%80%d0%bc%d0%be%d0%bf%d0%be%d0%bc%d0%bf%d0%b8/crystal-%d0%b8%d0%bd%d0%b2%d0%b5%d1%80%d1%82%d0%be%d1%80%d0%bd%d0%b0-%d1%82%d0%b5%d1%80%d0%bc%d0%be%d0%bf%d0%be%d0%bc%d0%bf%d0%b0-%d1%81%d0%bf%d0%bb%d0%b8%d1%82-aqua-aura-ii-6s/,https://jtclima.bg/wp-content/uploads/2026/09/termpompma-vuzduh-voda-crystal-aqua-aura-2-6-kw-01-800x800-1-scaled.jpg,Термопомпи,инверторна термопомпа,Термопомпи,4039.00 EUR,3635.00 EUR,инверторна термопомпа сплит;Термопомпи;Crystal;Термопомпа сплит система;Термопомпи Crystal,,,,,,,,,
25186,,Hisense,https://jtclima.bg/produkti/termopompi/%d1%85%d0%b8%d0%b4%d1%80%d0%be%d1%81%d0%bf%d0%bb%d0%b8%d1%82-%d1%82%d0%b5%d1%80%d0%bc%d0%be%d0%bf%d0%be%d0%bc%d0%bf%d0%b8/hisense-%d1%85%d0%b8%d0%b4%d1%80%d0%be%d1%81%d0%bf%d0%bb%d0%b8%d1%82-%d1%82%d0%b5%d1%80%d0%bc%d0%be%d0%bf%d0%be%d0%bc%d0%bf%d0%b8/hisense-%d1%82%d0%b5%d1%80%d0%bc%d0%be%d0%bf%d0%be%d0%bc%d0%bf%d0%b0-hi-therma-split-ahw-160hcds1ahm-160hedsaa/,https://jtclima.bg/wp-content/uploads/2024/12/hisense-split-1.png,Термопомпи,термопомпа,Термопомпи,5624.00 EUR,4724.00 EUR,термопомпа;Термопомпи;Термопомпа сплит система;Hisense;Термопомпи Hisense,,,,,,,,,
25179,,Hisense AHZ-100HCPB1A,https://jtclima.bg/produkti/termopompi/%d0%bc%d0%be%d0%bd%d0%be%d0%b1%d0%bb%d0%be%d0%ba/hisense-%d0%bc%d0%be%d0%bd%d0%be%d0%b1%d0%bb%d0%be%d0%ba/hisense-%d1%82%d0%b5%d1%80%d0%bc%d0%be%d0%bf%d0%be%d0%bc%d0%bf%d0%b0-hi-therma-monobloc-r290-smart-m-ahz-100hcpb1a-2/,https://jtclima.bg/wp-content/uploads/2026/09/hisense-r290-mono-1-scaled.png,Термопомпа моноблок,термопомпа,Термопомпа моноблок,5773.00 EUR,5080.00 EUR,термопомпа;Термопомпа моноблок;Термопомпи;Hisense;Термопомпи Hisense,,,,,,,,,
25173,,Hisense AHZ-080HCPB1A,https://jtclima.bg/produkti/termopompi/%d0%bc%d0%be%d0%bd%d0%be%d0%b1%d0%bb%d0%be%d0%ba/hisense-%d0%bc%d0%be%d0%bd%d0%be%d0%b1%d0%bb%d0%be%d0%ba/hisense-%d1%82%d0%b5%d1%80%d0%bc%d0%be%d0%bf%d0%be%d0%bc%d0%bf%d0%b0-hi-therma-monobloc-r290-smart-m-ahz-100hcpb1a/,https://jtclima.bg/wp-content/uploads/2026/09/hisense-r290-mono-1-scaled.png,Термопомпи,термопомпа,Термопомпи,4631.00 EUR,4075.00 EUR,термопомпа;Термопомпи;Термопомпа моноблок;Hisense;Термопомпи Hisense,,,,,,,,,
24846,,Nobus NBSPW33,https://jtclima.bg/produkti/termopompi/%d1%82%d0%b5%d1%80%d0%bc%d0%be%d0%bf%d0%be%d0%bc%d0%bf%d0%b8-%d0%b7%d0%b0-%d0%b1%d0%b0%d1%81%d0%b5%d0%b9%d0%bd/nobus/%d0%b8%d0%bd%d0%b2%d0%b5%d1%80%d1%82%d0%be%d1%80%d0%bd%d0%b0-%d1%82%d0%b5%d1%80%d0%bc%d0%be%d0%bf%d0%be%d0%bc%d0%bf%d0%b0-%d0%b7%d0%b0-%d0%b1%d0%b0%d1%81%d0%b5%d0%b9%d0%bd-nobus-nbspw33/,https://jtclima.bg/wp-content/uploads/2026/06/image-scaled.jpg,Термопомпи за басейн,Инверторна термопомпа за,Термопомпи за басейн,3000.00 EUR,2610.00 EUR,Инверторна термопомпа за басейн;Термопомпи за басейн;Nobus,,,,,,,,,
24844,,Nobus NBSPW29,https://jtclima.bg/produkti/termopompi/%d1%82%d0%b5%d1%80%d0%bc%d0%be%d0%bf%d0%be%d0%bc%d0%bf%d0%b8-%d0%b7%d0%b0-%d0%b1%d0%b0%d1%81%d0%b5%d0%b9%d0%bd/nobus/%d0%b8%d0%bd%d0%b2%d0%b5%d1%80%d1%82%d0%be%d1%80%d0%bd%d0%b0-%d1%82%d0%b5%d1%80%d0%bc%d0%be%d0%bf%d0%be%d0%bc%d0%bf%d0%b0-%d0%b7%d0%b0-%d0%b1%d0%b0%d1%81%d0%b5%d0%b9%d0%bd-nobus-nbspw29/,https://jtclima.bg/wp-content/uploads/2026/06/image-scaled.jpg,Термопомпи за басейн,Инверторна термопомпа за,Термопомпи за басейн,2731.00 EUR,2376.00 EUR,Инверторна термопомпа за басейн;Термопомпи за басейн;Nobus,,,,,,,,,
24841,,Nobus NBSPW24,https://jtclima.bg/produkti/termopompi/%d1%82%d0%b5%d1%80%d0%bc%d0%be%d0%bf%d0%be%d0%bc%d0%bf%d0%b8-%d0%b7%d0%b0-%d0%b1%d0%b0%d1%81%d0%b5%d0%b9%d0%bd/nobus/%d0%b8%d0%bd%d0%b2%d0%b5%d1%80%d1%82%d0%be%d1%80%d0%bd%d0%b0-%d1%82%d0%b5%d1%80%d0%bc%d0%be%d0%bf%d0%be%d0%bc%d0%bf%d0%b0-%d0%b7%d0%b0-%d0%b1%d0%b0%d1%81%d0%b5%d0%b9%d0%bd-nobus-nbspw24/,https://jtclima.bg/wp-content/uploads/2026/06/image-scaled.jpg,Термопомпи за басейн,Инверторна термопомпа за,Термопомпи за басейн,2140.00 EUR,1883.00 EUR,Инверторна термопомпа за басейн;Термопомпи за басейн;Nobus,,,,,,,,,
24839,,Nobus NBSPW20,https://jtclima.bg/produkti/termopompi/%d1%82%d0%b5%d1%80%d0%bc%d0%be%d0%bf%d0%be%d0%bc%d0%bf%d0%b8-%d0%b7%d0%b0-%d0%b1%d0%b0%d1%81%d0%b5%d0%b9%d0%bd/nobus/%d0%b8%d0%bd%d0%b2%d0%b5%d1%80%d1%82%d0%be%d1%80%d0%bd%d0%b0-%d1%82%d0%b5%d1%80%d0%bc%d0%be%d0%bf%d0%be%d0%bc%d0%bf%d0%b0-%d0%b7%d0%b0-%d0%b1%d0%b0%d1%81%d0%b5%d0%b9%d0%bd-nobus-nbspw20/,https://jtclima.bg/wp-content/uploads/2026/06/image-scaled.jpg,Термопомпи за басейн,Инверторна термопомпа за,Термопомпи за басейн,1889.00 EUR,1662.00 EUR,Инверторна термопомпа за басейн;Термопомпи за басейн;Nobus,,,,,,,,,
24834,,Nobus NBSPW16,https://jtclima.bg/produkti/termopompi/%d1%82%d0%b5%d1%80%d0%bc%d0%be%d0%bf%d0%be%d0%bc%d0%bf%d0%b8-%d0%b7%d0%b0-%d0%b1%d0%b0%d1%81%d0%b5%d0%b9%d0%bd/nobus/%d0%b8%d0%bd%d0%b2%d0%b5%d1%80%d1%82%d0%be%d1%80%d0%bd%d0%b0-%d1%82%d0%b5%d1%80%d0%bc%d0%be%d0%bf%d0%be%d0%bc%d0%bf%d0%b0-%d0%b7%d0%b0-%d0%b1%d0%b0%d1%81%d0%b5%d0%b9%d0%bd-nobus-nbspw16/,https://jtclima.bg/wp-content/uploads/2026/06/image-scaled.jpg,Термопомпи за басейн,Инверторна термопомпа за,Термопомпи за басейн,1575.00 EUR,1401.00 EUR,Инверторна термопомпа за басейн;Термопомпи за басейн;Nobus,,,,,,,,,
24832,,Nobus NBSPW12,https://jtclima.bg/produkti/termopompi/%d1%82%d0%b5%d1%80%d0%bc%d0%be%d0%bf%d0%be%d0%bc%d0%bf%d0%b8-%d0%b7%d0%b0-%d0%b1%d0%b0%d1%81%d0%b5%d0%b9%d0%bd/nobus/%d0%b8%d0%bd%d0%b2%d0%b5%d1%80%d1%82%d0%be%d1%80%d0%bd%d0%b0-%d1%82%d0%b5%d1%80%d0%bc%d0%be%d0%bf%d0%be%d0%bc%d0%bf%d0%b0-%d0%b7%d0%b0-%d0%b1%d0%b0%d1%81%d0%b5%d0%b9%d0%bd-nobus-nbspw12/,https://jtclima.bg/wp-content/uploads/2026/06/image-scaled.jpg,Термопомпи за басейн,Инверторна термопомпа за,Термопомпи за басейн,1357.00 EUR,1207.00 EUR,Инверторна термопомпа за басейн;Термопомпи за басейн;Nobus,,,,,,,,,
24830,,Nobus NBSPW09,https://jtclima.bg/produkti/termopompi/%d1%82%d0%b5%d1%80%d0%bc%d0%be%d0%bf%d0%be%d0%bc%d0%bf%d0%b8-%d0%b7%d0%b0-%d0%b1%d0%b0%d1%81%d0%b5%d0%b9%d0%bd/nobus/%d0%b8%d0%bd%d0%b2%d0%b5%d1%80%d1%82%d0%be%d1%80%d0%bd%d0%b0-%d1%82%d0%b5%d1%80%d0%bc%d0%be%d0%bf%d0%be%d0%bc%d0%bf%d0%b0-%d0%b7%d0%b0-%d0%b1%d0%b0%d1%81%d0%b5%d0%b9%d0%bd-nobus-nbspw09/,https://jtclima.bg/wp-content/uploads/2026/06/image-scaled.jpg,Термопомпи за басейн,Инверторна термопомпа за,Термопомпи за басейн,1190.00 EUR,1071.00 EUR,Инверторна термопомпа за басейн;Термопомпи за басейн;Nobus,,,,,,,,,
24825,,Nobus NBSPW06,https://jtclima.bg/produkti/termopompi/%d1%82%d0%b5%d1%80%d0%bc%d0%be%d0%bf%d0%be%d0%bc%d0%bf%d0%b8-%d0%b7%d0%b0-%d0%b1%d0%b0%d1%81%d0%b5%d0%b9%d0%bd/nobus/%d0%b8%d0%bd%d0%b2%d0%b5%d1%80%d1%82%d0%be%d1%80%d0%bd%d0%b0-%d1%82%d0%b5%d1%80%d0%bc%d0%be%d0%bf%d0%be%d0%bc%d0%bf%d0%b0-%d0%b7%d0%b0-%d0%b1%d0%b0%d1%81%d0%b5%d0%b9%d0%bd-nobus-nbspw06/,https://jtclima.bg/wp-content/uploads/2026/06/image-scaled.jpg,Термопомпи за басейн,Инверторна термопомпа за,Термопомпи за басейн,1030.00 EUR,927.00 EUR,Инверторна термопомпа за басейн;Термопомпи за басейн;Nobus,,,,,,,,,
24200,,KAN,https://jtclima.bg/produkti/podovo-otoplenie/%d1%82%d1%80%d1%8a%d0%b1%d0%b8-%d0%b7%d0%b0-%d0%bf%d0%be%d0%b4%d0%be%d0%b2%d0%be-%d0%be%d1%82%d0%be%d0%bf%d0%bb%d0%b5%d0%bd%d0%b8%d0%b5/kan-therm-%d1%82%d1%80%d1%8a%d0%b1%d0%b0-%d0%b7%d0%b0-%d0%bf%d0%be%d0%b4%d0%be%d0%b2%d0%be-%d0%be%d1%82%d0%be%d0%bf%d0%bb%d0%b5%d0%bd%d0%b8%d0%b5-blue-floor-pe-rt-%d1%8416%d1%852-2/,https://jtclima.bg/wp-content/uploads/2026/04/podlogowego-KAN-therm-rura.webp,Тръби за подово отопление,Тръба за подово отопление,Тръби за подово отопление,1.14 EUR,0.97 EUR,Тръба за подово отопление;Тръби за подово отопление;Подово отопление;KAN Therm,,,,,,,,,
24160,,KAN,https://jtclima.bg/produkti/podovo-otoplenie/%d0%ba%d0%be%d0%bb%d0%b5%d0%ba%d1%82%d0%be%d1%80%d0%b8-%d0%b7%d0%b0-%d0%bf%d0%be%d0%b4%d0%be%d0%b2%d0%be-%d0%be%d1%82%d0%be%d0%bf%d0%bb%d0%b5%d0%bd%d0%b8%d0%b5/kan-therm-%d0%ba%d0%be%d0%bb%d0%b5%d0%ba%d1%82%d0%be%d1%80-%d0%b7%d0%b0-%d0%bf%d0%be%d0%b4%d0%be%d0%b2%d0%be-%d0%be%d1%82%d0%be%d0%bf%d0%bb%d0%b5%d0%bd%d0%b8%d0%b5-2/,https://jtclima.bg/wp-content/uploads/2026/04/KAN-therm-inoxflow-uvst-kolektor-za-otoplenie-bg-maistor-16-scaled.jpg,Подово отопление,Колектор за подово,Подово отопление,99.00 EUR,,Колектор за подово отопление;Подово отопление;Разпределители за подово отопление;Производители;KAN Therm,,,,,,,,,
24156,,KAN EPS100,https://jtclima.bg/produkti/podovo-otoplenie/%d0%bf%d0%be%d0%b4%d0%bb%d0%be%d0%b6%d0%ba%d0%b0-%d0%b7%d0%b0-%d0%bf%d0%be%d0%b4%d0%be%d0%b2%d0%be-%d0%be%d1%82%d0%be%d0%bf%d0%bb%d0%b5%d0%bd%d0%b8%d0%b5/kan-therm-tacker-30%d0%bc%d0%bc-eps100-%d0%b0%d0%bb-%d1%84%d0%be%d0%bb%d0%b8%d0%be/,https://jtclima.bg/wp-content/uploads/2026/04/podlozhka-za-podovo-otoplenie-30mm-kan-therm-1818211027-scaled.webp,Подложка за подово,ал.фолио,Подложка за подово отопление,55.00 EUR,,ал.фолио;Подложка за подово отопление;Подово отопление;KAN Therm,,,,,,,,,
24154,,KAN,https://jtclima.bg/produkti/podovo-otoplenie/%d0%bf%d0%be%d0%b4%d0%bb%d0%be%d0%b6%d0%ba%d0%b0-%d0%b7%d0%b0-%d0%bf%d0%be%d0%b4%d0%be%d0%b2%d0%be-%d0%be%d1%82%d0%be%d0%bf%d0%bb%d0%b5%d0%bd%d0%b8%d0%b5/kan-therm-%d0%bf%d0%be%d0%b4%d0%bb%d0%be%d0%b6%d0%ba%d0%b0-eps-30%d0%bc%d0%bc-%d1%81-%d0%bf%d0%b5-%d0%bf%d1%80%d0%be%d1%84-%d1%84%d0%be%d0%bb%d0%b8%d0%be/,https://jtclima.bg/wp-content/uploads/2026/04/файл-за-изтегляне.jpg,Подово отопление,подложка с ПЕ проф. фолио,Подово отопление,21.72 EUR,18.25 EUR,подложка с ПЕ проф. фолио;Подово отопление;Подложка за подово отопление;KAN Therm,,,,,,,,,
24148,,KAN,https://jtclima.bg/produkti/podovo-otoplenie/%d0%bf%d0%be%d0%b4%d0%bb%d0%be%d0%b6%d0%ba%d0%b0-%d0%b7%d0%b0-%d0%bf%d0%be%d0%b4%d0%be%d0%b2%d0%be-%d0%be%d1%82%d0%be%d0%bf%d0%bb%d0%b5%d0%bd%d0%b8%d0%b5/kan-therm-%d0%bf%d0%be%d0%b4%d0%bb%d0%be%d0%b6%d0%ba%d0%b0-eps-11%d0%bc%d0%bc-%d1%81-%d0%bf%d0%b5-%d0%bf%d1%80%d0%be%d1%84-%d1%84%d0%be%d0%bb%d0%b8%d0%be/,https://jtclima.bg/wp-content/uploads/2026/04/файл-за-изтегляне.jpg,Подово отопление,подложка с ПЕ проф. фолио,Подово отопление,18.83 EUR,15.63 EUR,подложка с ПЕ проф. фолио;Подово отопление;Подложка за подово отопление;KAN Therm,,,,,,,,,
24146,,Daikin,https://jtclima.bg/produkti/termopompi/%d1%85%d0%b8%d0%b4%d1%80%d0%be%d1%81%d0%bf%d0%bb%d0%b8%d1%82-%d1%82%d0%b5%d1%80%d0%bc%d0%be%d0%bf%d0%be%d0%bc%d0%bf%d0%b8/daikin-%d1%85%d0%b8%d0%b4%d1%80%d0%be%d1%81%d0%bf%d0%bb%d0%b8%d1%82-%d1%82%d0%b5%d1%80%d0%bc%d0%be%d0%bf%d0%be%d0%bc%d0%bf%d0%b8/daikin-altherma-3r-%d1%82%d0%b5%d1%80%d0%bc%d0%be%d0%bf%d0%be%d0%bc%d0%bf%d0%b0-%d1%81%d0%bf%d0%bb%d0%b8%d1%82-ebbx16d9w-erla16dw1/,https://jtclima.bg/wp-content/uploads/2026/04/daikin-erla-vynshno-1-scaled.jpeg,Термопомпи,термопомпа сплит,Термопомпи,12839.00 EUR,11555.00 EUR,термопомпа сплит;Термопомпи;Термопомпа сплит система;Daikin;Термопомпи Daikin,,,,,,,,,
24143,,Daikin,https://jtclima.bg/produkti/termopompi/%d1%85%d0%b8%d0%b4%d1%80%d0%be%d1%81%d0%bf%d0%bb%d0%b8%d1%82-%d1%82%d0%b5%d1%80%d0%bc%d0%be%d0%bf%d0%be%d0%bc%d0%bf%d0%b8/daikin-%d1%85%d0%b8%d0%b4%d1%80%d0%be%d1%81%d0%bf%d0%bb%d0%b8%d1%82-%d1%82%d0%b5%d1%80%d0%bc%d0%be%d0%bf%d0%be%d0%bc%d0%bf%d0%b8/daikin-altherma-3r-%d1%82%d0%b5%d1%80%d0%bc%d0%be%d0%bf%d0%be%d0%bc%d0%bf%d0%b0-%d1%81%d0%bf%d0%bb%d0%b8%d1%82-ebbx16d9w-erla14dw1/,https://jtclima.bg/wp-content/uploads/2026/04/daikin-erla-vynshno-1-scaled.jpeg,Термопомпи,термопомпа сплит,Термопомпи,11929.00 EUR,10736.00 EUR,термопомпа сплит;Термопомпи;Термопомпа сплит система;Daikin;Термопомпи Daikin,,,,,,,,,
24140,,Daikin,https://jtclima.bg/produkti/termopompi/%d1%85%d0%b8%d0%b4%d1%80%d0%be%d1%81%d0%bf%d0%bb%d0%b8%d1%82-%d1%82%d0%b5%d1%80%d0%bc%d0%be%d0%bf%d0%be%d0%bc%d0%bf%d0%b8/daikin-%d1%85%d0%b8%d0%b4%d1%80%d0%be%d1%81%d0%bf%d0%bb%d0%b8%d1%82-%d1%82%d0%b5%d1%80%d0%bc%d0%be%d0%bf%d0%be%d0%bc%d0%bf%d0%b8/daikin-altherma-3r-%d1%82%d0%b5%d1%80%d0%bc%d0%be%d0%bf%d0%be%d0%bc%d0%bf%d0%b0-%d1%81%d0%bf%d0%bb%d0%b8%d1%82-ebbx11d9w-erla11dw1/,https://jtclima.bg/wp-content/uploads/2026/04/daikin-erla-vynshno-1-scaled.jpeg,Термопомпи,термопомпа сплит,Термопомпи,10929.00 EUR,9836.00 EUR,термопомпа сплит;Термопомпи;Термопомпа сплит система;Daikin;Термопомпи Daikin,,,,,,,,,
24138,,Daikin,https://jtclima.bg/produkti/termopompi/%d1%85%d0%b8%d0%b4%d1%80%d0%be%d1%81%d0%bf%d0%bb%d0%b8%d1%82-%d1%82%d0%b5%d1%80%d0%bc%d0%be%d0%bf%d0%be%d0%bc%d0%bf%d0%b8/daikin-%d1%85%d0%b8%d0%b4%d1%80%d0%be%d1%81%d0%bf%d0%bb%d0%b8%d1%82-%d1%82%d0%b5%d1%80%d0%bc%d0%be%d0%bf%d0%be%d0%bc%d0%bf%d0%b8/daikin-altherma-3r-%d1%82%d0%b5%d1%80%d0%bc%d0%be%d0%bf%d0%be%d0%bc%d0%bf%d0%b0-%d1%81%d0%bf%d0%bb%d0%b8%d1%82-ebbx16d6v-erla16dv3/,https://jtclima.bg/wp-content/uploads/2026/04/daikin-erla-vynshno-1-scaled.jpeg,Термопомпи,термопомпа сплит,Термопомпи,11709.00 EUR,10538.00 EUR,термопомпа сплит;Термопомпи;Термопомпа сплит система;Daikin;Термопомпи Daikin,,,,,,,,,
24136,,Daikin,https://jtclima.bg/produkti/termopompi/%d1%85%d0%b8%d0%b4%d1%80%d0%be%d1%81%d0%bf%d0%bb%d0%b8%d1%82-%d1%82%d0%b5%d1%80%d0%bc%d0%be%d0%bf%d0%be%d0%bc%d0%bf%d0%b8/daikin-%d1%85%d0%b8%d0%b4%d1%80%d0%be%d1%81%d0%bf%d0%bb%d0%b8%d1%82-%d1%82%d0%b5%d1%80%d0%bc%d0%be%d0%bf%d0%be%d0%bc%d0%bf%d0%b8/daikin-altherma-3r-%d1%82%d0%b5%d1%80%d0%bc%d0%be%d0%bf%d0%be%d0%bc%d0%bf%d0%b0-%d1%81%d0%bf%d0%bb%d0%b8%d1%82-ebbx16d6v-erla14dv3/,https://jtclima.bg/wp-content/uploads/2026/04/daikin-erla-vynshno-1-scaled.jpeg,Термопомпи,термопомпа сплит,Термопомпи,10929.00 EUR,9836.00 EUR,термопомпа сплит;Термопомпи;Термопомпа сплит система;Daikin;Термопомпи Daikin,,,,,,,,,
24132,,Daikin,https://jtclima.bg/produkti/termopompi/%d1%85%d0%b8%d0%b4%d1%80%d0%be%d1%81%d0%bf%d0%bb%d0%b8%d1%82-%d1%82%d0%b5%d1%80%d0%bc%d0%be%d0%bf%d0%be%d0%bc%d0%bf%d0%b8/daikin-%d1%85%d0%b8%d0%b4%d1%80%d0%be%d1%81%d0%bf%d0%bb%d0%b8%d1%82-%d1%82%d0%b5%d1%80%d0%bc%d0%be%d0%bf%d0%be%d0%bc%d0%bf%d0%b8/daikin-altherma-3r-%d1%82%d0%b5%d1%80%d0%bc%d0%be%d0%bf%d0%be%d0%bc%d0%bf%d0%b0-%d1%81%d0%bf%d0%bb%d0%b8%d1%82-ebbx11d6v-erla11dv3/,https://jtclima.bg/wp-content/uploads/2026/04/daikin-erla-vynshno-1-scaled.jpeg,Термопомпи,термопомпа сплит,Термопомпи,9988.00 EUR,8989.00 EUR,термопомпа сплит;Термопомпи;Термопомпа сплит система;Daikin;Термопомпи Daikin,,,,,,,,,
24123,,Daikin EDLA16D3V3,https://jtclima.bg/produkti/termopompi/%d0%bc%d0%be%d0%bd%d0%be%d0%b1%d0%bb%d0%be%d0%ba/daikin-%d0%bc%d0%be%d0%bd%d0%be%d0%b1%d0%bb%d0%be%d0%ba/daikin-altherma-3m-%d1%82%d0%b5%d1%80%d0%bc%d0%be%d0%bf%d0%be%d0%bc%d0%bf%d0%b0-%d0%bc%d0%be%d0%bd%d0%be%d0%b1%d0%bb%d0%be%d0%ba-edla16dv3/,https://jtclima.bg/wp-content/uploads/2026/04/termopompi-vazduh-voda-daikin-daykin-ebla09d3w1-293356430-scaled.jpeg,Термопомпи,термопомпа моноблок,Термопомпи,11729.00 EUR,10790.00 EUR,термопомпа моноблок;Термопомпи;Daikin;Термопомпи Daikin,,,,,,,,,
24120,,Daikin EBLA14D3V3,https://jtclima.bg/produkti/termopompi/%d0%bc%d0%be%d0%bd%d0%be%d0%b1%d0%bb%d0%be%d0%ba/daikin-%d0%bc%d0%be%d0%bd%d0%be%d0%b1%d0%bb%d0%be%d0%ba/daikin-altherma-3m-%d1%82%d0%b5%d1%80%d0%bc%d0%be%d0%bf%d0%be%d0%bc%d0%bf%d0%b0-%d0%bc%d0%be%d0%bd%d0%be%d0%b1%d0%bb%d0%be%d0%ba-edla14dv3/,https://jtclima.bg/wp-content/uploads/2026/04/termopompi-vazduh-voda-daikin-daykin-ebla09d3w1-293356430-scaled.jpeg,Термопомпи,термопомпа моноблок,Термопомпи,11199.00 EUR,10303.00 EUR,термопомпа моноблок;Термопомпи;Daikin;Термопомпи Daikin,,,,,,,,,
24118,,Daikin EBLA11D3V3,https://jtclima.bg/produkti/termopompi/%d0%bc%d0%be%d0%bd%d0%be%d0%b1%d0%bb%d0%be%d0%ba/daikin-%d0%bc%d0%be%d0%bd%d0%be%d0%b1%d0%bb%d0%be%d0%ba/daikin-altherma-3m-%d1%82%d0%b5%d1%80%d0%bc%d0%be%d0%bf%d0%be%d0%bc%d0%bf%d0%b0-%d0%bc%d0%be%d0%bd%d0%be%d0%b1%d0%bb%d0%be%d0%ba-edla11dv3/,https://jtclima.bg/wp-content/uploads/2026/04/termopompi-vazduh-voda-daikin-daykin-ebla09d3w1-293356430-scaled.jpeg,Термопомпи,термопомпа моноблок,Термопомпи,10699.00 EUR,9843.00 EUR,термопомпа моноблок;Термопомпи;Daikin;Термопомпи Daikin,,,,,,,,,
24116,,Daikin EBLA09D3V3,https://jtclima.bg/produkti/termopompi/%d0%bc%d0%be%d0%bd%d0%be%d0%b1%d0%bb%d0%be%d0%ba/daikin-%d0%bc%d0%be%d0%bd%d0%be%d0%b1%d0%bb%d0%be%d0%ba/daikin-altherma-3m-%d1%82%d0%b5%d1%80%d0%bc%d0%be%d0%bf%d0%be%d0%bc%d0%bf%d0%b0-%d0%bc%d0%be%d0%bd%d0%be%d0%b1%d0%bb%d0%be%d0%ba-edla09dv3/,https://jtclima.bg/wp-content/uploads/2026/04/termopompi-vazduh-voda-daikin-daykin-ebla09d3w1-293356430-scaled.jpeg,Термопомпи,термопомпа моноблок,Термопомпи,10169.00 EUR,9355.00 EUR,термопомпа моноблок;Термопомпи;Daikin;Термопомпи Daikin,,,,,,,,,
24114,,Daikin EBLA16D3W1,https://jtclima.bg/produkti/termopompi/%d0%bc%d0%be%d0%bd%d0%be%d0%b1%d0%bb%d0%be%d0%ba/daikin-%d0%bc%d0%be%d0%bd%d0%be%d0%b1%d0%bb%d0%be%d0%ba/daikin-altherma-3m-%d1%82%d0%b5%d1%80%d0%bc%d0%be%d0%bf%d0%be%d0%bc%d0%bf%d0%b0-%d0%bc%d0%be%d0%bd%d0%be%d0%b1%d0%bb%d0%be%d0%ba-ebla16d3w1/,https://jtclima.bg/wp-content/uploads/2026/04/termopompi-vazduh-voda-daikin-daykin-ebla09d3w1-293356430-scaled.jpeg,Термопомпи,термопомпа моноблок,Термопомпи,12049.00 EUR,11085.00 EUR,термопомпа моноблок;Термопомпи;Daikin;Термопомпи Daikin,,,,,,,,,
24111,,Daikin EBLA14D3W1,https://jtclima.bg/produkti/termopompi/%d0%bc%d0%be%d0%bd%d0%be%d0%b1%d0%bb%d0%be%d0%ba/daikin-%d0%bc%d0%be%d0%bd%d0%be%d0%b1%d0%bb%d0%be%d0%ba/daikin-altherma-3m-%d1%82%d0%b5%d1%80%d0%bc%d0%be%d0%bf%d0%be%d0%bc%d0%bf%d0%b0-%d0%bc%d0%be%d0%bd%d0%be%d0%b1%d0%bb%d0%be%d0%ba-ebla14d3w1/,https://jtclima.bg/wp-content/uploads/2026/04/termopompi-vazduh-voda-daikin-daykin-ebla09d3w1-293356430-scaled.jpeg,Термопомпи,термопомпа моноблок,Термопомпи,11509.00 EUR,10588.00 EUR,термопомпа моноблок;Термопомпи;Daikin;Термопомпи Daikin,,,,,,,,,
24109,,Daikin EBLA11D3W1,https://jtclima.bg/produkti/termopompi/%d0%bc%d0%be%d0%bd%d0%be%d0%b1%d0%bb%d0%be%d0%ba/daikin-%d0%bc%d0%be%d0%bd%d0%be%d0%b1%d0%bb%d0%be%d0%ba/daikin-altherma-3m-%d1%82%d0%b5%d1%80%d0%bc%d0%be%d0%bf%d0%be%d0%bc%d0%bf%d0%b0-%d0%bc%d0%be%d0%bd%d0%be%d0%b1%d0%bb%d0%be%d0%ba-ebla11d3w1/,https://jtclima.bg/wp-content/uploads/2026/04/termopompi-vazduh-voda-daikin-daykin-ebla09d3w1-293356430-scaled.jpeg,Термопомпи,термопомпа моноблок,Термопомпи,10999.00 EUR,10119.00 EUR,термопомпа моноблок;Термопомпи;Daikin;Термопомпи Daikin,,,,,,,,,
24104,,Daikin EBLA09D3W1,https://jtclima.bg/produkti/termopompi/%d0%bc%d0%be%d0%bd%d0%be%d0%b1%d0%bb%d0%be%d0%ba/daikin-%d0%bc%d0%be%d0%bd%d0%be%d0%b1%d0%bb%d0%be%d0%ba/daikin-altherma-3m-%d1%82%d0%b5%d1%80%d0%bc%d0%be%d0%bf%d0%be%d0%bc%d0%bf%d0%b0-%d0%bc%d0%be%d0%bd%d0%be%d0%b1%d0%bb%d0%be%d0%ba-ebla09d3w1/,https://jtclima.bg/wp-content/uploads/2026/04/termopompi-vazduh-voda-daikin-daykin-ebla09d3w1-293356430-scaled.jpeg,Термопомпи,термопомпа моноблок,Термопомпи,10449.00 EUR,9613.00 EUR,термопомпа моноблок;Термопомпи;Daikin;Термопомпи Daikin,,,,,,,,,
24100,,Mitsubishi,https://jtclima.bg/produkti/termopompi/%d1%85%d0%b8%d0%b4%d1%80%d0%be%d1%81%d0%bf%d0%bb%d0%b8%d1%82-%d1%82%d0%b5%d1%80%d0%bc%d0%be%d0%bf%d0%be%d0%bc%d0%bf%d0%b8/mitsubishi-electric-%d1%85%d0%b8%d0%b4%d1%80%d0%be%d1%81%d0%bf%d0%bb%d0%b8%d1%82-%d1%82%d0%b5%d1%80%d0%bc%d0%be%d0%bf%d0%be%d0%bc%d0%bf%d0%b8/mitsubishi-electric-%d0%b8%d0%bd%d0%b2%d0%b5%d1%80%d1%82%d0%be%d1%80%d0%bd%d0%b0-%d1%82%d0%b5%d1%80%d0%bc%d0%be%d0%bf%d0%be%d0%bc%d0%bf%d0%b0-%d1%81%d0%bf%d0%bb%d0%b8%d1%82-ersf-vm2e-puz-shwm140yaa-n/,https://jtclima.bg/wp-content/uploads/2026/04/Zubadan-Inverter-R320-Mitsubishi-Electric-1-scaled.png,Термопомпи,инверторна термопомпа,Термопомпи,10384.00 EUR,9553.00 EUR,инверторна термопомпа сплит;Термопомпи;Термопомпа сплит система;Mitsubishi Electric;Термопомпи Mitsubishi Electric,,,,,,,,,
24096,,Mitsubishi,https://jtclima.bg/produkti/termopompi/%d1%85%d0%b8%d0%b4%d1%80%d0%be%d1%81%d0%bf%d0%bb%d0%b8%d1%82-%d1%82%d0%b5%d1%80%d0%bc%d0%be%d0%bf%d0%be%d0%bc%d0%bf%d0%b8/mitsubishi-electric-%d1%85%d0%b8%d0%b4%d1%80%d0%be%d1%81%d0%bf%d0%bb%d0%b8%d1%82-%d1%82%d0%b5%d1%80%d0%bc%d0%be%d0%bf%d0%be%d0%bc%d0%bf%d0%b8/mitsubishi-electric-%d0%b8%d0%bd%d0%b2%d0%b5%d1%80%d1%82%d0%be%d1%80%d0%bd%d0%b0-%d1%82%d0%b5%d1%80%d0%bc%d0%be%d0%bf%d0%be%d0%bc%d0%bf%d0%b0-%d1%81%d0%bf%d0%bb%d0%b8%d1%82-ersf-vm2e-puz-shwm120yaa-n/,https://jtclima.bg/wp-content/uploads/2026/04/Zubadan-Inverter-R320-Mitsubishi-Electric-1-scaled.png,Термопомпи,инверторна термопомпа,Термопомпи,10342.00 EUR,9514.00 EUR,инверторна термопомпа сплит;Термопомпи;Термопомпа сплит система;Mitsubishi Electric;Термопомпи Mitsubishi Electric,,,,,,,,,
24093,,Mitsubishi,https://jtclima.bg/produkti/termopompi/%d1%85%d0%b8%d0%b4%d1%80%d0%be%d1%81%d0%bf%d0%bb%d0%b8%d1%82-%d1%82%d0%b5%d1%80%d0%bc%d0%be%d0%bf%d0%be%d0%bc%d0%bf%d0%b8/mitsubishi-electric-%d1%85%d0%b8%d0%b4%d1%80%d0%be%d1%81%d0%bf%d0%bb%d0%b8%d1%82-%d1%82%d0%b5%d1%80%d0%bc%d0%be%d0%bf%d0%be%d0%bc%d0%bf%d0%b8/mitsubishi-electric-%d0%b8%d0%bd%d0%b2%d0%b5%d1%80%d1%82%d0%be%d1%80%d0%bd%d0%b0-%d1%82%d0%b5%d1%80%d0%bc%d0%be%d0%bf%d0%be%d0%bc%d0%bf%d0%b0-%d1%81%d0%bf%d0%bb%d0%b8%d1%82-ersf-vm2e-puz-shwm120vaa-n/,https://jtclima.bg/wp-content/uploads/2026/04/Zubadan-Inverter-R320-Mitsubishi-Electric-1-scaled.png,Термопомпи,инверторна термопомпа,Термопомпи,9799.00 EUR,9015.00 EUR,инверторна термопомпа сплит;Термопомпи;Термопомпа сплит система;Mitsubishi Electric;Термопомпи Mitsubishi Electric,,,,,,,,,
24089,,Mitsubishi,https://jtclima.bg/produkti/termopompi/%d1%85%d0%b8%d0%b4%d1%80%d0%be%d1%81%d0%bf%d0%bb%d0%b8%d1%82-%d1%82%d0%b5%d1%80%d0%bc%d0%be%d0%bf%d0%be%d0%bc%d0%bf%d0%b8/mitsubishi-electric-%d1%85%d0%b8%d0%b4%d1%80%d0%be%d1%81%d0%bf%d0%bb%d0%b8%d1%82-%d1%82%d0%b5%d1%80%d0%bc%d0%be%d0%bf%d0%be%d0%bc%d0%bf%d0%b8/mitsubishi-electric-%d0%b8%d0%bd%d0%b2%d0%b5%d1%80%d1%82%d0%be%d1%80%d0%bd%d0%b0-%d1%82%d0%b5%d1%80%d0%bc%d0%be%d0%bf%d0%be%d0%bc%d0%bf%d0%b0-%d1%81%d0%bf%d0%bb%d0%b8%d1%82-ersf-vm2e-puz-puz-shwm100y/,https://jtclima.bg/wp-content/uploads/2026/04/Zubadan-Inverter-R320-Mitsubishi-Electric-1-scaled.png,Термопомпи,инверторна термопомпа,Термопомпи,9800.00 EUR,9016.00 EUR,инверторна термопомпа сплит;Термопомпи;Термопомпа сплит система;Mitsubishi Electric;Термопомпи Mitsubishi Electric,,,,,,,,,
24084,,Mitsubishi,https://jtclima.bg/produkti/termopompi/%d1%85%d0%b8%d0%b4%d1%80%d0%be%d1%81%d0%bf%d0%bb%d0%b8%d1%82-%d1%82%d0%b5%d1%80%d0%bc%d0%be%d0%bf%d0%be%d0%bc%d0%bf%d0%b8/mitsubishi-electric-%d1%85%d0%b8%d0%b4%d1%80%d0%be%d1%81%d0%bf%d0%bb%d0%b8%d1%82-%d1%82%d0%b5%d1%80%d0%bc%d0%be%d0%bf%d0%be%d0%bc%d0%bf%d0%b8/mitsubishi-electric-%d0%b8%d0%bd%d0%b2%d0%b5%d1%80%d1%82%d0%be%d1%80%d0%bd%d0%b0-%d1%82%d0%b5%d1%80%d0%bc%d0%be%d0%bf%d0%be%d0%bc%d0%bf%d0%b0-%d1%81%d0%bf%d0%bb%d0%b8%d1%82-ersf-vm2e-puz-puz-shwm100v/,https://jtclima.bg/wp-content/uploads/2026/04/Zubadan-Inverter-R320-Mitsubishi-Electric-1-scaled.png,Термопомпи,инверторна термопомпа,Термопомпи,9329.00 EUR,8489.00 EUR,инверторна термопомпа сплит;Термопомпи;Термопомпа сплит система;Mitsubishi Electric;Термопомпи Mitsubishi Electric,,,,,,,,,
24082,,Mitsubishi,https://jtclima.bg/produkti/termopompi/%d1%85%d0%b8%d0%b4%d1%80%d0%be%d1%81%d0%bf%d0%bb%d0%b8%d1%82-%d1%82%d0%b5%d1%80%d0%bc%d0%be%d0%bf%d0%be%d0%bc%d0%bf%d0%b8/mitsubishi-electric-%d1%85%d0%b8%d0%b4%d1%80%d0%be%d1%81%d0%bf%d0%bb%d0%b8%d1%82-%d1%82%d0%b5%d1%80%d0%bc%d0%be%d0%bf%d0%be%d0%bc%d0%bf%d0%b8/mitsubishi-electric-%d0%b8%d0%bd%d0%b2%d0%b5%d1%80%d1%82%d0%be%d1%80%d0%bd%d0%b0-%d1%82%d0%b5%d1%80%d0%bc%d0%be%d0%bf%d0%be%d0%bc%d0%bf%d0%b0-%d1%81%d0%bf%d0%bb%d0%b8%d1%82-ersf-vm2e-puz-shwm80vaa-ne/,https://jtclima.bg/wp-content/uploads/2026/04/Zubadan-Inverter-R320-Mitsubishi-Electric-1-scaled.png,Термопомпи,инверторна термопомпа,Термопомпи,9009.00 EUR,8288.00 EUR,инверторна термопомпа сплит;Термопомпи;Термопомпа сплит система;Mitsubishi Electric;Термопомпи Mitsubishi Electric,,,,,,,,,
24076,,Mitsubishi,https://jtclima.bg/produkti/termopompi/%d1%85%d0%b8%d0%b4%d1%80%d0%be%d1%81%d0%bf%d0%bb%d0%b8%d1%82-%d1%82%d0%b5%d1%80%d0%bc%d0%be%d0%bf%d0%be%d0%bc%d0%bf%d0%b8/mitsubishi-electric-%d1%85%d0%b8%d0%b4%d1%80%d0%be%d1%81%d0%bf%d0%bb%d0%b8%d1%82-%d1%82%d0%b5%d1%80%d0%bc%d0%be%d0%bf%d0%be%d0%bc%d0%bf%d0%b8/mitsubishi-electric-%d1%82%d0%b5%d1%80%d0%bc%d0%be%d0%bf%d0%be%d0%bc%d0%bf%d0%b0-ersf-vm2e-puz-shwm80vaa-new-zubadan/,https://jtclima.bg/wp-content/uploads/2026/04/Zubadan-Inverter-R320-Mitsubishi-Electric-1-scaled.png,Термопомпи,инверторна термопомпа,Термопомпи,8832.00 EUR,8037.00 EUR,инверторна термопомпа сплит;Термопомпи;Термопомпа сплит система;Mitsubishi Electric;Термопомпи Mitsubishi Electric,,,,,,,,,
24062,,Cairox CHPP-004,https://jtclima.bg/produkti/termopompi/%d1%82%d0%b5%d1%80%d0%bc%d0%be%d0%bf%d0%be%d0%bc%d0%bf%d0%b8-%d0%b7%d0%b0-%d0%b1%d0%b0%d1%81%d0%b5%d0%b9%d0%bd/cairox/%d0%b8%d0%bd%d0%b2%d0%b5%d1%80%d1%82%d0%be%d1%80%d0%bd%d0%b0-%d1%82%d0%b5%d1%80%d0%bc%d0%be%d0%bf%d0%be%d0%bc%d0%bf%d0%b0-%d0%b7%d0%b0-%d0%b1%d0%b0%d1%81%d0%b5%d0%b9%d0%bd-cairox-r-aqua-chpp-004/,https://jtclima.bg/wp-content/uploads/2026/04/cairox.jpg,Термопомпи,Инверторна термопомпа за,Термопомпи,693.00 EUR,659.00 EUR,Инверторна термопомпа за басейн;Термопомпи;Cairox;R-AQUA CHPP;Термопомпи за басейн,,,,,,,,,
23056,,LG WH20ESF0.CA,https://jtclima.bg/produkti/boileri/termopompen-boiler/lg-%d1%82%d0%b5%d1%80%d0%bc%d0%be%d0%bf%d0%be%d0%bc%d0%bf%d0%b5%d0%bd-%d0%b1%d0%be%d0%b9%d0%bb%d0%b5%d1%80-wh20esf0-ca/,https://jtclima.bg/wp-content/uploads/2026/03/термопомпен-scaled.jpg,Термопомпени бойлери,термопомпен бойлер,Термопомпени бойлери,1885.00 EUR,,термопомпен бойлер;Термопомпени бойлери;Бойлери и буфери;LG,,,,,,,,,
23053,,LG WH15ESF0.HA,https://jtclima.bg/produkti/boileri/termopompen-boiler/lg-%d1%82%d0%b5%d1%80%d0%bc%d0%be%d0%bf%d0%be%d0%bc%d0%bf%d0%b5%d0%bd-%d0%b1%d0%be%d0%b9%d0%bb%d0%b5%d1%80-wh15esf0-ha/,https://jtclima.bg/wp-content/uploads/2026/03/термопомпен-scaled.jpg,Термопомпени бойлери,термопомпен бойлер,Термопомпени бойлери,1590.00 EUR,,термопомпен бойлер;Термопомпени бойлери;Бойлери и буфери;LG,,,,,,,,,
23049,,LG WH10ESF0.HA,https://jtclima.bg/produkti/boileri/termopompen-boiler/lg-%d1%82%d0%b5%d1%80%d0%bc%d0%be%d0%bf%d0%be%d0%bc%d0%bf%d0%b5%d0%bd-%d0%b1%d0%be%d0%b9%d0%bb%d0%b5%d1%80-wh10esf0-ha/,https://jtclima.bg/wp-content/uploads/2026/03/термопомпен-scaled.jpg,Термопомпени бойлери,термопомпен бойлер,Термопомпени бойлери,1344.00 EUR,,термопомпен бойлер;Термопомпени бойлери;Бойлери и буфери;LG,,,,,,,,,
23041,,LG ST030SASN0,https://jtclima.bg/produkti/boileri/%d1%81%d1%82%d0%be%d1%8f%d1%89%d0%b8-%d0%b1%d0%be%d0%b9%d0%bb%d0%b5%d1%80%d0%b8/lg-%d0%bd%d0%b5%d1%80%d1%8a%d0%b6%d0%b4%d0%b0%d0%b5%d0%bc-%d0%b1%d0%be%d0%b9%d0%bb%d0%b5%d1%80-%d1%81-%d0%b2%d0%b3%d1%80%d0%b0%d0%b4%d0%b5%d0%bd-%d0%b1%d1%83%d1%84%d0%b5%d1%80-st030sasn0/,https://jtclima.bg/wp-content/uploads/2026/03/boiler-s-buf-scaled.png,Бойлери и буфери,неръждаем бойлер с,Бойлери и буфери,2079.00 EUR,,неръждаем бойлер с вграден буфер;Бойлери и буфери;Стоящ бойлер;LG,,,,,,,,,
23028,,LG SB010SAAN0,https://jtclima.bg/produkti/boileri/vertikalni-boileri/lg-%d0%b1%d1%83%d1%84%d0%b5%d1%80-sb010saan0/,https://jtclima.bg/wp-content/uploads/2026/03/image-scaled.png,Буферни съдове,буфер,Буферни съдове,749.00 EUR,,буфер;Буферни съдове;Бойлери и буфери;LG,,,,,,,,,
23024,,LG SB006SAAN0,https://jtclima.bg/produkti/boileri/vertikalni-boileri/lg-%d0%b1%d1%83%d1%84%d0%b5%d1%80-sb006saan0/,https://jtclima.bg/wp-content/uploads/2026/03/image-scaled.png,Буферни съдове,буфер,Буферни съдове,582.00 EUR,,буфер;Буферни съдове;Бойлери и буфери;LG,,,,,,,,,
22860,,LG HN1616NC.NKO,https://jtclima.bg/produkti/termopompi/%d0%bc%d0%be%d0%bd%d0%be%d0%b1%d0%bb%d0%be%d0%ba/lg-%d0%bc%d0%be%d0%bd%d0%be%d0%b1%d0%bb%d0%be%d0%ba/lg-therma-v-%d1%82%d0%b5%d1%80%d0%bc%d0%be%d0%bf%d0%be%d0%bc%d0%bf%d0%b0-%d0%bc%d0%be%d0%bd%d0%be%d0%b1%d0%bb%d0%be%d0%ba-%d0%ba%d0%be%d0%bd%d1%82%d1%80%d0%be%d0%bb-%d0%b1%d0%be%d0%ba%d1%81-hm091hf-2/,https://jtclima.bg/wp-content/uploads/2025/09/image-1-scaled.png,Термопомпи,термопомпа,Термопомпи,8209.00 EUR,6889.00 EUR,термопомпа моноблок-контрол бокс /;Термопомпи;Термопомпа моноблок;LG;Термопомпи LG,,,,,,,,,
22852,,LG PHC0,https://jtclima.bg/produkti/termopompi/%d0%bc%d0%be%d0%bd%d0%be%d0%b1%d0%bb%d0%be%d0%ba/lg-%d0%bc%d0%be%d0%bd%d0%be%d0%b1%d0%bb%d0%be%d0%ba/lg-therma-v-%d1%82%d0%b5%d1%80%d0%bc%d0%be%d0%bf%d0%be%d0%bc%d0%bf%d0%b0-%d0%bc%d0%be%d0%bd%d0%be%d0%b1%d0%bb%d0%be%d0%ba-%d0%ba%d0%be%d0%bd%d1%82%d1%80%d0%be%d0%bb-%d0%b1%d0%be%d0%ba%d1%81-hm091hf-u/,https://jtclima.bg/wp-content/uploads/2025/01/image-2-scaled.png,Термопомпи,термопомпа,Термопомпи,7779.00 EUR,6619.00 EUR,термопомпа моноблок-контрол бокс /;Термопомпи;Термопомпа моноблок;LG;Термопомпи LG,,,,,,,,,
22427,,Crystal,https://jtclima.bg/produkti/stenni-konvektori/%d0%bf%d1%80%d0%be%d0%b8%d0%b7%d0%b2%d0%be%d0%b4%d0%b8%d1%82%d0%b5%d0%bb%d0%b8-stenni-konvektori/crystal-%d0%bf%d1%80%d0%be%d0%b8%d0%b7%d0%b2%d0%be%d0%b4%d0%b8%d1%82%d0%b5%d0%bb%d0%b8-stenni-konvektori/crystal-%d0%ba%d0%be%d0%bd%d0%b2%d0%b5%d0%ba%d1%82%d0%be%d1%80-%d0%b7%d0%b0-%d0%bf%d0%be%d0%b4%d0%be%d0%b2-%d0%bc%d0%be%d0%bd%d1%82%d0%b0%d0%b6-smart-800-l-r-wi-fi/,https://jtclima.bg/wp-content/uploads/2026/02/ventilatoren-konvektor-ctystal-smart-00-scaled.jpg,Crystal,конвектор за подов монтаж,Crystal,506.00 EUR,470.00 EUR,конвектор за подов монтаж;Crystal;Подово-стенен монтаж;Конвектори,,,,,,,,,
22424,,Crystal,https://jtclima.bg/produkti/stenni-konvektori/%d0%bf%d1%80%d0%be%d0%b8%d0%b7%d0%b2%d0%be%d0%b4%d0%b8%d1%82%d0%b5%d0%bb%d0%b8-stenni-konvektori/crystal-%d0%bf%d1%80%d0%be%d0%b8%d0%b7%d0%b2%d0%be%d0%b4%d0%b8%d1%82%d0%b5%d0%bb%d0%b8-stenni-konvektori/crystal-%d0%ba%d0%be%d0%bd%d0%b2%d0%b5%d0%ba%d1%82%d0%be%d1%80-%d0%b7%d0%b0-%d0%bf%d0%be%d0%b4%d0%be%d0%b2-%d0%bc%d0%be%d0%bd%d1%82%d0%b0%d0%b6-smart-600-l-r-wi-fi-%d0%ba%d0%be%d0%bf%d0%b8%d0%b5/,https://jtclima.bg/wp-content/uploads/2026/02/ventilatoren-konvektor-ctystal-smart-00-scaled.jpg,Crystal,конвектор за подов монтаж,Crystal,455.00 EUR,423.00 EUR,конвектор за подов монтаж;Crystal;Подово-стенен монтаж;Конвектори,,,,,,,,,
22422,,Crystal,https://jtclima.bg/produkti/stenni-konvektori/%d0%bf%d1%80%d0%be%d0%b8%d0%b7%d0%b2%d0%be%d0%b4%d0%b8%d1%82%d0%b5%d0%bb%d0%b8-stenni-konvektori/crystal-%d0%bf%d1%80%d0%be%d0%b8%d0%b7%d0%b2%d0%be%d0%b4%d0%b8%d1%82%d0%b5%d0%bb%d0%b8-stenni-konvektori/crystal-%d0%ba%d0%be%d0%bd%d0%b2%d0%b5%d0%ba%d1%82%d0%be%d1%80-%d0%b7%d0%b0-%d0%bf%d0%be%d0%b4%d0%be%d0%b2-%d0%bc%d0%be%d0%bd%d1%82%d0%b0%d0%b6-smart-400-l-r-wi-fi/,https://jtclima.bg/wp-content/uploads/2026/02/ventilatoren-konvektor-ctystal-smart-00-scaled.jpg,Crystal,конвектор за подов монтаж,Crystal,404.00 EUR,375.00 EUR,конвектор за подов монтаж;Crystal;Подово-стенен монтаж;Конвектори,,,,,,,,,
22418,,Crystal,https://jtclima.bg/produkti/stenni-konvektori/%d0%bf%d1%80%d0%be%d0%b8%d0%b7%d0%b2%d0%be%d0%b4%d0%b8%d1%82%d0%b5%d0%bb%d0%b8-stenni-konvektori/crystal-%d0%bf%d1%80%d0%be%d0%b8%d0%b7%d0%b2%d0%be%d0%b4%d0%b8%d1%82%d0%b5%d0%bb%d0%b8-stenni-konvektori/crystal-%d0%ba%d0%be%d0%bd%d0%b2%d0%b5%d0%ba%d1%82%d0%be%d1%80-%d0%b7%d0%b0-%d0%bf%d0%be%d0%b4%d0%be%d0%b2-%d0%bc%d0%be%d0%bd%d1%82%d0%b0%d0%b6-smart-200-l-r-wi-fi/,https://jtclima.bg/wp-content/uploads/2026/02/ventilatoren-konvektor-ctystal-smart-00-scaled.jpg,Crystal,конвектор за подов монтаж,Crystal,353.00 EUR,,конвектор за подов монтаж;Crystal;Подово-стенен монтаж;Конвектори,,,,,,,,,
21805,,Tiemme,https://jtclima.bg/produkti/radiatori/aksesoari-za-radiatori/plastica-alfa-%d1%82%d1%80%d1%8a%d0%b1%d0%b0-%d0%b7%d0%b0-%d1%80%d0%b0%d0%b4%d0%b8%d0%b0%d1%82%d0%be%d1%80%d0%b8-%d0%b8-%d0%bb%d0%b8%d1%80%d0%b8-pe-xb-%d1%8416%d1%852-%d0%b2-%d0%b8%d0%b7%d0%be%d0%bb/,https://jtclima.bg/wp-content/uploads/2025/02/Tiemme-sinya-izolatsiya.png,Аксесоари за радиатори,Тръба за радиатори и,Аксесоари за радиатори,2.37 EUR,,Тръба за радиатори и лири в изолация на рула м синя;Аксесоари за радиатори;Радиатори,,,,,,,,,
21799,,Tiemme,https://jtclima.bg/produkti/radiatori/aksesoari-za-radiatori/tiemme-%d1%82%d1%80%d1%8a%d0%b1%d0%b0-%d0%b7%d0%b0-%d1%80%d0%b0%d0%b4%d0%b8%d0%b0%d1%82%d0%be%d1%80%d0%b8-%d0%b8-%d0%bb%d0%b8%d1%80%d0%b8-pe-xb-%d1%8416%d1%852-%d0%b2-%d0%b8%d0%b7%d0%be%d0%bb%d0%b0/,https://jtclima.bg/wp-content/uploads/2025/12/Tiemme-chervena-izolatsiya.png,Аксесоари за радиатори,Тръба за радиатори и,Аксесоари за радиатори,2.37 EUR,,Тръба за радиатори и лири в изолация на рула м червена;Аксесоари за радиатори;Радиатори,,,,,,,,,
21793,,Plastica,https://jtclima.bg/produkti/stenni-konvektori/%d0%b0%d0%ba%d1%81%d0%b5%d1%81%d0%be%d0%b0%d1%80%d0%b8-%d0%b7%d0%b0-%d0%ba%d0%be%d0%bd%d0%b2%d0%b5%d0%ba%d1%82%d0%be%d1%80%d0%b8/plastica-alfa-%d1%82%d1%80%d1%8a%d0%b1%d0%b0-%d0%b7%d0%b0-%d0%ba%d0%be%d0%bd%d0%b2%d0%b5%d0%ba%d1%82%d0%be%d1%80%d0%b8-pex-al-pex-%d1%8420%d1%852-%d0%b2-%d0%b8%d0%b7%d0%be%d0%bb%d0%b0%d1%86%d0%b8-2/,https://jtclima.bg/wp-content/uploads/2025/02/GBLTM200.jpg,Аксесоари за конвектори,Тръба за конвектори в,Аксесоари за конвектори,2.40 EUR,,Тръба за конвектори в изолация на рула м синя;Аксесоари за конвектори;Конвектори,,,,,,,,,
21791,,Plastica,https://jtclima.bg/produkti/stenni-konvektori/%d0%b0%d0%ba%d1%81%d0%b5%d1%81%d0%be%d0%b0%d1%80%d0%b8-%d0%b7%d0%b0-%d0%ba%d0%be%d0%bd%d0%b2%d0%b5%d0%ba%d1%82%d0%be%d1%80%d0%b8/plastica-alfa-%d1%82%d1%80%d1%8a%d0%b1%d0%b0-%d0%b7%d0%b0-%d0%ba%d0%be%d0%bd%d0%b2%d0%b5%d0%ba%d1%82%d0%be%d1%80%d0%b8-pex-al-pex-%d1%8420%d1%852-%d0%b2-%d0%b8%d0%b7%d0%be%d0%bb%d0%b0%d1%86%d0%b8/,https://jtclima.bg/wp-content/uploads/2025/12/GRTM200.jpg,Аксесоари за конвектори,Тръба за конвектори в,Аксесоари за конвектори,2.40 EUR,,Тръба за конвектори в изолация на рула м червена;Аксесоари за конвектори;Конвектори,,,,,,,,,
21777,,Plastica,https://jtclima.bg/produkti/radiatori/aksesoari-za-radiatori/plastica-alfa-%d1%82%d1%80%d1%8a%d0%b1%d0%b0-%d0%b7%d0%b0-%d1%80%d0%b0%d0%b4%d0%b8%d0%b0%d1%82%d0%be%d1%80%d0%b8-%d0%b8-%d0%bb%d0%b8%d1%80%d0%b8-pex-al-pex-%d1%8416%d1%852-%d0%b2-%d0%b8%d0%b7%d0%be-2/,https://jtclima.bg/wp-content/uploads/2025/12/GRTM200.jpg,Аксесоари за радиатори,Тръба за радиатори и,Аксесоари за радиатори,1.68 EUR,,Тръба за радиатори и лири в изолация на рула м червена;Аксесоари за радиатори;Радиатори,,,,,,,,,
21774,,Plastica,https://jtclima.bg/produkti/radiatori/aksesoari-za-radiatori/plastica-alfa-%d1%82%d1%80%d1%8a%d0%b1%d0%b0-%d0%b7%d0%b0-%d1%80%d0%b0%d0%b4%d0%b8%d0%b0%d1%82%d0%be%d1%80%d0%b8-%d0%b8-%d0%bb%d0%b8%d1%80%d0%b8-pex-al-pex-%d1%8416%d1%852-%d0%b2-%d0%b8%d0%b7%d0%be/,https://jtclima.bg/wp-content/uploads/2025/02/GBLTM200.jpg,Аксесоари за радиатори,Тръба за радиатори и,Аксесоари за радиатори,1.68 EUR,,Тръба за радиатори и лири в изолация на рула м синя;Аксесоари за радиатори;Радиатори,,,,,,,,,
21770,,Tiemme,https://jtclima.bg/produkti/stenni-konvektori/%d0%b0%d0%ba%d1%81%d0%b5%d1%81%d0%be%d0%b0%d1%80%d0%b8-%d0%b7%d0%b0-%d0%ba%d0%be%d0%bd%d0%b2%d0%b5%d0%ba%d1%82%d0%be%d1%80%d0%b8/plastica-alfa-%d1%82%d1%80%d1%8a%d0%b1%d0%b0-%d0%ba%d0%be%d0%bd%d0%b2%d0%b5%d0%ba%d1%82%d0%be%d1%80%d0%b8-%d0%b8-%d1%80%d0%b0%d0%b4%d0%b8%d0%b0%d1%82%d0%be%d1%80%d0%b8-pex-al-pex-%d1%8420%d1%852/,https://jtclima.bg/wp-content/uploads/2025/12/Tiemme-chervena-izolatsiya.png,Аксесоари за конвектори,Тръба за конвектори в,Аксесоари за конвектори,3.33 EUR,,Тръба за конвектори в изолация на рула м червена;Аксесоари за конвектори;Конвектори,,,,,,,,,
21732,,Tesy,https://jtclima.bg/produkti/boileri/%d0%b0%d0%ba%d1%81%d0%b5%d1%81%d0%be%d0%b0%d1%80%d0%b8-%d0%b7%d0%b0-%d0%b1%d0%be%d0%b9%d0%bb%d0%b5%d1%80%d0%b8/tesy-%d0%b5%d0%bb%d0%b5%d0%ba%d1%82%d1%80%d0%b8%d1%87%d0%b5%d1%81%d0%ba%d0%b8-%d0%b2%d0%be%d0%b4%d0%be%d0%bd%d0%b0%d0%b3%d1%80%d0%b5%d0%b2%d0%b0%d1%82%d0%b5%d0%bb%d0%b5%d0%bd-3-kw/,https://jtclima.bg/wp-content/uploads/2025/11/220607163037untitled-1-copy.jpg,Бойлери и буфери,Електрически,Бойлери и буфери,55.73 EUR,,Електрически водонагревателен;Бойлери и буфери;Аксесоари за бойлери;Tesy,,,,,,,,,
21657,,Gree GRS-CQ16Pd/NhH3-M1,https://jtclima.bg/produkti/termopompi/%d1%85%d0%b8%d0%b4%d1%80%d0%be%d1%81%d0%bf%d0%bb%d0%b8%d1%82-%d1%82%d0%b5%d1%80%d0%bc%d0%be%d0%bf%d0%be%d0%bc%d0%bf%d0%b8/gree-%d1%85%d0%b8%d0%b4%d1%80%d0%be%d1%81%d0%bf%d0%bb%d0%b8%d1%82-%d1%82%d0%b5%d1%80%d0%bc%d0%be%d0%bf%d0%be%d0%bc%d0%bf%d0%b8/gree-%d0%b8%d0%bd%d0%b2%d0%b5%d1%80%d1%82%d0%be%d1%80%d0%bd%d0%b0-%d1%82%d0%b5%d1%80%d0%bc%d0%be%d0%bf%d0%be%d0%bc%d0%bf%d0%b0-%d1%81%d0%bf%d0%bb%d0%b8%d1%82-versati-iv-grs-cq16pd-nhh3-m1/,https://jtclima.bg/wp-content/uploads/2025/11/83946365019f756351a886-1.png,Термопомпи,инверторна термопомпа,Термопомпи,5952.00 EUR,5655.00 EUR,инверторна термопомпа сплит;Термопомпи;Gree;Термопомпа сплит система;Термопомпи Gree,,,,,,,,,
21654,,Gree GRS-CQ16Pd/NhH3-E1,https://jtclima.bg/produkti/termopompi/%d1%85%d0%b8%d0%b4%d1%80%d0%be%d1%81%d0%bf%d0%bb%d0%b8%d1%82-%d1%82%d0%b5%d1%80%d0%bc%d0%be%d0%bf%d0%be%d0%bc%d0%bf%d0%b8/gree-%d1%85%d0%b8%d0%b4%d1%80%d0%be%d1%81%d0%bf%d0%bb%d0%b8%d1%82-%d1%82%d0%b5%d1%80%d0%bc%d0%be%d0%bf%d0%be%d0%bc%d0%bf%d0%b8/gree-%d0%b8%d0%bd%d0%b2%d0%b5%d1%80%d1%82%d0%be%d1%80%d0%bd%d0%b0-%d1%82%d0%b5%d1%80%d0%bc%d0%be%d0%bf%d0%be%d0%bc%d0%bf%d0%b0-%d1%81%d0%bf%d0%bb%d0%b8%d1%82-versati-iv-grs-cq16pd-nhh3-e1/,https://jtclima.bg/wp-content/uploads/2025/11/83946365019f756351a886-1.png,Термопомпи,инверторна термопомпа,Термопомпи,5586.00 EUR,5307.00 EUR,инверторна термопомпа сплит;Термопомпи;Gree;Термопомпа сплит система;Термопомпи Gree,,,,,,,,,
21651,,Gree GRS-CQ10Pd/NhH3-E,https://jtclima.bg/produkti/termopompi/%d1%85%d0%b8%d0%b4%d1%80%d0%be%d1%81%d0%bf%d0%bb%d0%b8%d1%82-%d1%82%d0%b5%d1%80%d0%bc%d0%be%d0%bf%d0%be%d0%bc%d0%bf%d0%b8/gree-%d1%85%d0%b8%d0%b4%d1%80%d0%be%d1%81%d0%bf%d0%bb%d0%b8%d1%82-%d1%82%d0%b5%d1%80%d0%bc%d0%be%d0%bf%d0%be%d0%bc%d0%bf%d0%b8/gree-%d0%b8%d0%bd%d0%b2%d0%b5%d1%80%d1%82%d0%be%d1%80%d0%bd%d0%b0-%d1%82%d0%b5%d1%80%d0%bc%d0%be%d0%bf%d0%be%d0%bc%d0%bf%d0%b0-%d1%81%d0%bf%d0%bb%d0%b8%d1%82-versati-iv-grs-cq10pd-nhh3-e/,https://jtclima.bg/wp-content/uploads/2025/11/83946365019f756351a886-1.png,Термопомпи,инверторна термопомпа,Термопомпи,4482.00 EUR,4248.00 EUR,инверторна термопомпа сплит;Термопомпи;Gree;Термопомпа сплит система;Термопомпи Gree,,,,,,,,,
21416,,LG HN1639NC.NKO,https://jtclima.bg/produkti/termopompi/%d0%bc%d0%be%d0%bd%d0%be%d0%b1%d0%bb%d0%be%d0%ba/lg-%d0%bc%d0%be%d0%bd%d0%be%d0%b1%d0%bb%d0%be%d0%ba/lg-therma-v-%d1%82%d0%b5%d1%80%d0%bc%d0%be%d0%bf%d0%be%d0%bc%d0%bf%d0%b0-%d0%bc%d0%be%d0%bd%d0%be%d0%b1%d0%bb%d0%be%d0%ba-%d0%ba%d0%be%d0%bd%d1%82%d1%80%d0%be%d0%bb-%d0%b1%d0%be%d0%ba%d1%81-hm093hfx-2/,https://jtclima.bg/wp-content/uploads/2025/09/image-1-scaled.png,Термопомпа моноблок,термопомпа,Термопомпа моноблок,8539.00 EUR,7169.00 EUR,термопомпа моноблок-контрол бокс /;Термопомпа моноблок;Термопомпи;LG;Термопомпи LG,,,,,,,,,
21400,,Immergas,https://jtclima.bg/produkti/radiatori/%d0%b3%d0%b0%d0%b7%d0%be%d0%b2%d0%b8-%d0%ba%d0%be%d1%82%d0%bb%d0%b8/immergas-%d0%b3%d0%b0%d0%b7%d0%be%d0%b2-%d0%ba%d0%be%d1%82%d0%b5%d0%bb-victrix-tera-35-plus/,https://jtclima.bg/wp-content/uploads/2025/09/Immergas-Tera-24-plus.png,Газови котли,газов котел,Газови котли,1559.00 EUR,1370.00 EUR,газов котел;Газови котли;Радиатори;Immergas,,,,,,,,,
21396,,Immergas,https://jtclima.bg/produkti/radiatori/%d0%b3%d0%b0%d0%b7%d0%be%d0%b2%d0%b8-%d0%ba%d0%be%d1%82%d0%bb%d0%b8/immergas-%d0%b3%d0%b0%d0%b7%d0%be%d0%b2-%d0%ba%d0%be%d1%82%d0%b5%d0%bb-victrix-tera-24-plus/,https://jtclima.bg/wp-content/uploads/2025/09/Immergas-Tera-24-plus.png,Газови котли,газов котел,Газови котли,1237.00 EUR,1084.00 EUR,газов котел;Газови котли;Радиатори;Immergas,,,,,,,,,
21388,,LG WFCA055RG0A,https://jtclima.bg/produkti/stenni-konvektori/skrit-tavanen-montazh/lg-%d0%ba%d0%b0%d0%bd%d0%b0%d0%bb%d0%b5%d0%bd-%d0%b2%d0%be%d0%b4%d0%b5%d0%bd-%d0%ba%d0%be%d0%bd%d0%b2%d0%b5%d0%ba%d1%82%d0%be%d1%80-wfca055rg0a/,https://jtclima.bg/wp-content/uploads/2025/09/водно-канално-тяло-за-скрит-монтаж-lg-wfca025rg0a.jpg,Скрит таванен монтаж,канален воден конвектор,Скрит таванен монтаж,954.00 EUR,859.00 EUR,канален воден конвектор;Скрит таванен монтаж;Конвектори;LG,,,,,,,,,
21385,,LG WFCA039RG0A,https://jtclima.bg/produkti/stenni-konvektori/skrit-tavanen-montazh/lg-%d0%ba%d0%b0%d0%bd%d0%b0%d0%bb%d0%b5%d0%bd-%d0%b2%d0%be%d0%b4%d0%b5%d0%bd-%d0%ba%d0%be%d0%bd%d0%b2%d0%b5%d0%ba%d1%82%d0%be%d1%80-wfca039rg0a/,https://jtclima.bg/wp-content/uploads/2025/09/водно-канално-тяло-за-скрит-монтаж-lg-wfca025rg0a.jpg,Скрит таванен монтаж,канален воден конвектор,Скрит таванен монтаж,929.00 EUR,839.00 EUR,канален воден конвектор;Скрит таванен монтаж;Конвектори;LG,,,,,,,,,
21383,,LG WFCA025RG0A,https://jtclima.bg/produkti/stenni-konvektori/skrit-tavanen-montazh/lg-%d0%ba%d0%b0%d0%bd%d0%b0%d0%bb%d0%b5%d0%bd-%d0%b2%d0%be%d0%b4%d0%b5%d0%bd-%d0%ba%d0%be%d0%bd%d0%b2%d0%b5%d0%ba%d1%82%d0%be%d1%80-wfca025rg0a/,https://jtclima.bg/wp-content/uploads/2025/09/водно-канално-тяло-за-скрит-монтаж-lg-wfca025rg0a.jpg,Скрит таванен монтаж,канален воден конвектор,Скрит таванен монтаж,885.00 EUR,795.00 EUR,канален воден конвектор;Скрит таванен монтаж;Конвектори;LG,,,,,,,,,
21380,,LG WFCA032RG0A,https://jtclima.bg/produkti/stenni-konvektori/skrit-tavanen-montazh/lg-%d0%ba%d0%b0%d0%bd%d0%b0%d0%bb%d0%b5%d0%bd-%d0%b2%d0%be%d0%b4%d0%b5%d0%bd-%d0%ba%d0%be%d0%bd%d0%b2%d0%b5%d0%ba%d1%82%d0%be%d1%80-wfca032rg0a/,https://jtclima.bg/wp-content/uploads/2025/09/водно-канално-тяло-за-скрит-монтаж-lg-wfca025rg0a.jpg,Скрит таванен монтаж,канален воден конвектор,Скрит таванен монтаж,905.00 EUR,815.00 EUR,канален воден конвектор;Скрит таванен монтаж;Конвектори;LG,,,,,,,,,
21377,,LG WF4A130CG0А,https://jtclima.bg/produkti/stenni-konvektori/%d0%ba%d0%b0%d1%81%d0%b5%d1%82%d0%b8/lg-%d1%87%d0%b5%d1%82%d0%b8%d1%80%d0%b8%d0%bf%d1%8a%d1%82%d0%bd%d0%b0-%d0%b2%d0%be%d0%b4%d0%bd%d0%b0-%d0%ba%d0%b0%d1%81%d0%b5%d1%82%d0%b0-wf4a130cg0a/,https://jtclima.bg/wp-content/uploads/2025/09/image-scaled.jpg,Касети,четирипътна водна касета,Касети,1089.00 EUR,980.00 EUR,четирипътна водна касета;Касети;Конвектори;LG,,,,,,,,,
21374,,LG WF4A105CG0A,https://jtclima.bg/produkti/stenni-konvektori/%d0%ba%d0%b0%d1%81%d0%b5%d1%82%d0%b8/lg-%d1%87%d0%b5%d1%82%d0%b8%d1%80%d0%b8%d0%bf%d1%8a%d1%82%d0%bd%d0%b0-%d0%b2%d0%be%d0%b4%d0%bd%d0%b0-%d0%ba%d0%b0%d1%81%d0%b5%d1%82%d0%b0-wf4a105cg0a/,https://jtclima.bg/wp-content/uploads/2025/09/image-scaled.jpg,Касети,четирипътна водна касета,Касети,1049.00 EUR,944.00 EUR,четирипътна водна касета;Касети;Конвектори;LG,,,,,,,,,
21371,,LG WF4A095CG0A,https://jtclima.bg/produkti/stenni-konvektori/%d0%ba%d0%b0%d1%81%d0%b5%d1%82%d0%b8/lg-%d1%87%d0%b5%d1%82%d0%b8%d1%80%d0%b8%d0%bf%d1%8a%d1%82%d0%bd%d0%b0-%d0%b2%d0%be%d0%b4%d0%bd%d0%b0-%d0%ba%d0%b0%d1%81%d0%b5%d1%82%d0%b0-wf4a095cg0a/,https://jtclima.bg/wp-content/uploads/2025/09/image-scaled.jpg,Касети,четирипътна водна касета,Касети,1019.00 EUR,917.00 EUR,четирипътна водна касета;Касети;Конвектори;LG,,,,,,,,,
21368,,LG WF4A072CG0A,https://jtclima.bg/produkti/stenni-konvektori/%d0%ba%d0%b0%d1%81%d0%b5%d1%82%d0%b8/lg-%d1%87%d0%b5%d1%82%d0%b8%d1%80%d0%b8%d0%bf%d1%8a%d1%82%d0%bd%d0%b0-%d0%b2%d0%be%d0%b4%d0%bd%d0%b0-%d0%ba%d0%b0%d1%81%d0%b5%d1%82%d0%b0-wf4a072cg0a/,https://jtclima.bg/wp-content/uploads/2025/09/четирипътна-водна-касета-lg-wf4a018cg0a.jpg,Касети,четирипътна водна касета,Касети,979.00 EUR,880.00 EUR,четирипътна водна касета;Касети;Конвектори;LG,,,,,,,,,
21366,,LG WF4A060CG0A,https://jtclima.bg/produkti/stenni-konvektori/%d0%ba%d0%b0%d1%81%d0%b5%d1%82%d0%b8/lg-%d1%87%d0%b5%d1%82%d0%b8%d1%80%d0%b8%d0%bf%d1%8a%d1%82%d0%bd%d0%b0-%d0%b2%d0%be%d0%b4%d0%bd%d0%b0-%d0%ba%d0%b0%d1%81%d0%b5%d1%82%d0%b0-wf4a060cg0a/,https://jtclima.bg/wp-content/uploads/2025/09/четирипътна-водна-касета-lg-wf4a018cg0a.jpg,Касети,четирипътна водна касета,Касети,979.00 EUR,880.00 EUR,четирипътна водна касета;Касети;Конвектори;LG,,,,,,,,,
21364,,LG WF4A041CG0A,https://jtclima.bg/produkti/stenni-konvektori/%d0%ba%d0%b0%d1%81%d0%b5%d1%82%d0%b8/lg-%d1%87%d0%b5%d1%82%d0%b8%d1%80%d0%b8%d0%bf%d1%8a%d1%82%d0%bd%d0%b0-%d0%b2%d0%be%d0%b4%d0%bd%d0%b0-%d0%ba%d0%b0%d1%81%d0%b5%d1%82%d0%b0-wf4a041cg0a/,https://jtclima.bg/wp-content/uploads/2025/09/четирипътна-водна-касета-lg-wf4a018cg0a.jpg,Касети,четирипътна водна касета,Касети,862.00 EUR,775.00 EUR,четирипътна водна касета;Касети;Конвектори;LG,,,,,,,,,
21362,,LG WF4A032CG0A,https://jtclima.bg/produkti/stenni-konvektori/%d0%ba%d0%b0%d1%81%d0%b5%d1%82%d0%b8/lg-%d1%87%d0%b5%d1%82%d0%b8%d1%80%d0%b8%d0%bf%d1%8a%d1%82%d0%bd%d0%b0-%d0%b2%d0%be%d0%b4%d0%bd%d0%b0-%d0%ba%d0%b0%d1%81%d0%b5%d1%82%d0%b0-wf4a032cg0a/,https://jtclima.bg/wp-content/uploads/2025/09/четирипътна-водна-касета-lg-wf4a018cg0a.jpg,Касети,четирипътна водна касета,Касети,839.00 EUR,755.00 EUR,четирипътна водна касета;Касети;Конвектори;LG,,,,,,,,,
21360,,LG WF4A027CG0A,https://jtclima.bg/produkti/stenni-konvektori/%d0%ba%d0%b0%d1%81%d0%b5%d1%82%d0%b8/lg-%d1%87%d0%b5%d1%82%d0%b8%d1%80%d0%b8%d0%bf%d1%8a%d1%82%d0%bd%d0%b0-%d0%b2%d0%be%d0%b4%d0%bd%d0%b0-%d0%ba%d0%b0%d1%81%d0%b5%d1%82%d0%b0-wf4a027cg0a/,https://jtclima.bg/wp-content/uploads/2025/09/четирипътна-водна-касета-lg-wf4a018cg0a.jpg,Касети,четирипътна водна касета,Касети,823.00 EUR,740.00 EUR,четирипътна водна касета;Касети;Конвектори;LG,,,,,,,,,
21356,,LG WF4A018CG0A,https://jtclima.bg/produkti/stenni-konvektori/%d0%ba%d0%b0%d1%81%d0%b5%d1%82%d0%b8/lg-%d1%87%d0%b5%d1%82%d0%b8%d1%80%d0%b8%d0%bf%d1%8a%d1%82%d0%bd%d0%b0-%d0%b2%d0%be%d0%b4%d0%bd%d0%b0-%d0%ba%d0%b0%d1%81%d0%b5%d1%82%d0%b0-wf4a018cg0a/,https://jtclima.bg/wp-content/uploads/2025/09/четирипътна-водна-касета-lg-wf4a018cg0a.jpg,Касети,четирипътна водна касета,Касети,809.00 EUR,729.00 EUR,четирипътна водна касета;Касети;Конвектори;LG,,,,,,,,,
21354,,Gree FP-136WAH/GHL-K,https://jtclima.bg/produkti/stenni-konvektori/skrit-tavanen-montazh/gree-%d0%ba%d0%b0%d0%bd%d0%b0%d0%bb%d0%b5%d0%bd-%d0%ba%d0%be%d0%bd%d0%b2%d0%b5%d0%ba%d1%82%d0%be%d1%80-fp-136wah-ghl-k/,https://jtclima.bg/wp-content/uploads/2025/09/6373622312c8d4be30c2f5-1-scaled.png,Скрит таванен монтаж,канален конвектор,Скрит таванен монтаж,438.00 EUR,,канален конвектор;Скрит таванен монтаж;Конвектори;Gree,,,,,,,,,
21352,,Gree FP-102WAH/GHL-K,https://jtclima.bg/produkti/stenni-konvektori/skrit-tavanen-montazh/gree-%d0%ba%d0%b0%d0%bd%d0%b0%d0%bb%d0%b5%d0%bd-%d0%ba%d0%be%d0%bd%d0%b2%d0%b5%d0%ba%d1%82%d0%be%d1%80-fp-102wah-ghl-k/,https://jtclima.bg/wp-content/uploads/2025/09/6373622312c8d4be30c2f5-1-scaled.png,Скрит таванен монтаж,канален конвектор,Скрит таванен монтаж,306.00 EUR,,канален конвектор;Скрит таванен монтаж;Конвектори;Gree,,,,,,,,,
21350,,Gree FP-85WAH/GHL-K,https://jtclima.bg/produkti/stenni-konvektori/skrit-tavanen-montazh/gree-%d0%ba%d0%b0%d0%bd%d0%b0%d0%bb%d0%b5%d0%bd-%d0%ba%d0%be%d0%bd%d0%b2%d0%b5%d0%ba%d1%82%d0%be%d1%80-fp-85wah-ghl-k/,https://jtclima.bg/wp-content/uploads/2025/09/6373622312c8d4be30c2f5-1-scaled.png,Скрит таванен монтаж,канален конвектор,Скрит таванен монтаж,276.00 EUR,,канален конвектор;Скрит таванен монтаж;Конвектори;Gree,,,,,,,,,
21347,,Gree FP-68WAH/GHL-K,https://jtclima.bg/produkti/stenni-konvektori/skrit-tavanen-montazh/gree-%d0%ba%d0%b0%d0%bd%d0%b0%d0%bb%d0%b5%d0%bd-%d0%ba%d0%be%d0%bd%d0%b2%d0%b5%d0%ba%d1%82%d0%be%d1%80-fp-68wah-ghl-k/,https://jtclima.bg/wp-content/uploads/2025/09/6373622312c8d4be30c2f5-1-scaled.png,Скрит таванен монтаж,канален конвектор,Скрит таванен монтаж,258.00 EUR,,канален конвектор;Скрит таванен монтаж;Конвектори;Gree,,,,,,,,,
21344,,Gree FP-51WAH/GHL-K,https://jtclima.bg/produkti/stenni-konvektori/skrit-tavanen-montazh/gree-%d0%ba%d0%b0%d0%bd%d0%b0%d0%bb%d0%b5%d0%bd-%d0%ba%d0%be%d0%bd%d0%b2%d0%b5%d0%ba%d1%82%d0%be%d1%80-fp-51wah-ghl-k/,https://jtclima.bg/wp-content/uploads/2025/09/6373622312c8d4be30c2f5-1-scaled.png,Скрит таванен монтаж,канален конвектор,Скрит таванен монтаж,234.00 EUR,,канален конвектор;Скрит таванен монтаж;Конвектори;Gree,,,,,,,,,
21340,,Gree FP-34WAH/GHL-K,https://jtclima.bg/produkti/stenni-konvektori/skrit-tavanen-montazh/gree-%d0%ba%d0%b0%d0%bd%d0%b0%d0%bb%d0%b5%d0%bd-%d0%ba%d0%be%d0%bd%d0%b2%d0%b5%d0%ba%d1%82%d0%be%d1%80-fp-34wah-ghl-k/,https://jtclima.bg/wp-content/uploads/2025/09/6373622312c8d4be30c2f5-1-scaled.png,Скрит таванен монтаж,канален конвектор,Скрит таванен монтаж,192.00 EUR,,канален конвектор;Скрит таванен монтаж;Конвектори;Gree,,,,,,,,,
21337,,Gree FP-180XD/B-T(E),https://jtclima.bg/produkti/stenni-konvektori/%d0%ba%d0%b0%d1%81%d0%b5%d1%82%d0%b8/gree-%d0%ba%d0%b0%d1%81%d0%b5%d1%82%d1%8a%d1%87%d0%b5%d0%bd-%d0%ba%d0%be%d0%bd%d0%b2%d0%b5%d0%ba%d1%82%d0%be%d1%80-fp-180xd-b-te/,https://jtclima.bg/wp-content/uploads/2025/09/344550534ed095f46fb2f5-1.png,Касети,касетъчен конвектор,Касети,766.00 EUR,,касетъчен конвектор;Касети;Конвектори;Gree,,,,,,,,,
21335,,Gree FP-160XD/B-T(E),https://jtclima.bg/produkti/stenni-konvektori/%d0%ba%d0%b0%d1%81%d0%b5%d1%82%d0%b8/gree-%d0%ba%d0%b0%d1%81%d0%b5%d1%82%d1%8a%d1%87%d0%b5%d0%bd-%d0%ba%d0%be%d0%bd%d0%b2%d0%b5%d0%ba%d1%82%d0%be%d1%80-fp-160xd-b-te/,https://jtclima.bg/wp-content/uploads/2025/09/344550534ed095f46fb2f5-1.png,Касети,касетъчен конвектор,Касети,693.00 EUR,,касетъчен конвектор;Касети;Конвектори;Gree,,,,,,,,,
21332,,Gree FP-140XD/B-T(E),https://jtclima.bg/produkti/stenni-konvektori/%d0%ba%d0%b0%d1%81%d0%b5%d1%82%d0%b8/gree-%d0%ba%d0%b0%d1%81%d0%b5%d1%82%d1%8a%d1%87%d0%b5%d0%bd-%d0%ba%d0%be%d0%bd%d0%b2%d0%b5%d0%ba%d1%82%d0%be%d1%80-fp-140xd-b-te/,https://jtclima.bg/wp-content/uploads/2025/09/344550534ed095f46fb2f5-1.png,Касети,касетъчен конвектор,Касети,690.00 EUR,655.00 EUR,касетъчен конвектор;Касети;Конвектори;Gree,,,,,,,,,
21329,,Gree FP-125XD/B-T(E),https://jtclima.bg/produkti/stenni-konvektori/%d0%ba%d0%b0%d1%81%d0%b5%d1%82%d0%b8/gree-%d0%ba%d0%b0%d1%81%d0%b5%d1%82%d1%8a%d1%87%d0%b5%d0%bd-%d0%ba%d0%be%d0%bd%d0%b2%d0%b5%d0%ba%d1%82%d0%be%d1%80-fp-125xd-b-te/,https://jtclima.bg/wp-content/uploads/2025/09/344550534ed095f46fb2f5-1.png,Касети,касетъчен конвектор,Касети,666.00 EUR,633.00 EUR,касетъчен конвектор;Касети;Конвектори;Gree,,,,,,,,,
21326,,Gree FP-102XD/B-T(E),https://jtclima.bg/produkti/stenni-konvektori/%d0%ba%d0%b0%d1%81%d0%b5%d1%82%d0%b8/gree-%d0%ba%d0%b0%d1%81%d0%b5%d1%82%d1%8a%d1%87%d0%b5%d0%bd-%d0%ba%d0%be%d0%bd%d0%b2%d0%b5%d0%ba%d1%82%d0%be%d1%80-fp-102xd-b-te/,https://jtclima.bg/wp-content/uploads/2025/09/344550534ed095f46fb2f5-1.png,Касети,касетъчен конвектор,Касети,600.00 EUR,570.00 EUR,касетъчен конвектор;Касети;Конвектори;Gree,,,,,,,,,
21323,,Gree FP-85XD/B-T(E),https://jtclima.bg/produkti/stenni-konvektori/%d0%ba%d0%b0%d1%81%d0%b5%d1%82%d0%b8/gree-%d0%ba%d0%b0%d1%81%d0%b5%d1%82%d1%8a%d1%87%d0%b5%d0%bd-%d0%ba%d0%be%d0%bd%d0%b2%d0%b5%d0%ba%d1%82%d0%be%d1%80-fp-85xd-b-te/,https://jtclima.bg/wp-content/uploads/2025/09/344550534ed095f46fb2f5-1.png,Касети,касетъчен конвектор,Касети,576.00 EUR,,касетъчен конвектор;Касети;Конвектори;Gree,,,,,,,,,
21319,,Gree FP-68XD/A-K,https://jtclima.bg/produkti/stenni-konvektori/%d0%ba%d0%b0%d1%81%d0%b5%d1%82%d0%b8/gree-%d0%ba%d0%b0%d1%81%d0%b5%d1%82%d1%8a%d1%87%d0%b5%d0%bd-%d0%ba%d0%be%d0%bd%d0%b2%d0%b5%d0%ba%d1%82%d0%be%d1%80-fp-68xd-a-k/,https://jtclima.bg/wp-content/uploads/2025/09/344550534ed095f46fb2f5-1.png,Касети,касетъчен конвектор,Касети,496.00 EUR,,касетъчен конвектор;Касети;Конвектори;Gree,,,,,,,,,
21313,,Gree FP-119LM/D-K,https://jtclima.bg/produkti/stenni-konvektori/%d0%bf%d0%be%d0%b4%d0%be%d0%b2%d0%be-%d1%81%d1%82%d0%b5%d0%bd%d0%b5%d0%bd-%d0%bc%d0%be%d0%bd%d1%82%d0%b0%d0%b6/gree-%d0%ba%d0%be%d0%bd%d0%b2%d0%b5%d0%ba%d1%82%d0%be%d1%80-%d0%b7%d0%b0-%d0%bf%d0%be%d0%b4%d0%be%d0%b2-%d0%bc%d0%be%d0%bd%d1%82%d0%b0%d0%b6-fp-119lm-d-k/,https://jtclima.bg/wp-content/uploads/2025/09/64620624497585321ca006-1.png,Подово-стенен монтаж,конвектор за подов монтаж,Подово-стенен монтаж,410.00 EUR,,конвектор за подов монтаж;Подово-стенен монтаж;Конвектори;Gree,,,,,,,,,
21311,,Gree FP-85LM/D-K,https://jtclima.bg/produkti/stenni-konvektori/%d0%bf%d0%be%d0%b4%d0%be%d0%b2%d0%be-%d1%81%d1%82%d0%b5%d0%bd%d0%b5%d0%bd-%d0%bc%d0%be%d0%bd%d1%82%d0%b0%d0%b6/gree-%d0%ba%d0%be%d0%bd%d0%b2%d0%b5%d0%ba%d1%82%d0%be%d1%80-%d0%b7%d0%b0-%d0%bf%d0%be%d0%b4%d0%be%d0%b2-%d0%bc%d0%be%d0%bd%d1%82%d0%b0%d0%b6-fp-85lm-d-k/,https://jtclima.bg/wp-content/uploads/2025/09/64620624497585321ca006-1.png,Подово-стенен монтаж,конвектор за подов монтаж,Подово-стенен монтаж,360.00 EUR,340.00 EUR,конвектор за подов монтаж;Подово-стенен монтаж;Конвектори;Gree,,,,,,,,,
21309,,Gree FP-51LM/D-K,https://jtclima.bg/produkti/stenni-konvektori/%d0%bf%d0%be%d0%b4%d0%be%d0%b2%d0%be-%d1%81%d1%82%d0%b5%d0%bd%d0%b5%d0%bd-%d0%bc%d0%be%d0%bd%d1%82%d0%b0%d0%b6/gree-%d0%ba%d0%be%d0%bd%d0%b2%d0%b5%d0%ba%d1%82%d0%be%d1%80-%d0%b7%d0%b0-%d0%bf%d0%be%d0%b4%d0%be%d0%b2-%d0%bc%d0%be%d0%bd%d1%82%d0%b0%d0%b6-fp-51lm-d-k/,https://jtclima.bg/wp-content/uploads/2025/09/64620624497585321ca006-1.png,Подово-стенен монтаж,конвектор за подов монтаж,Подово-стенен монтаж,330.00 EUR,310.00 EUR,конвектор за подов монтаж;Подово-стенен монтаж;Конвектори;Gree,,,,,,,,,
21306,,Gree FP-34LM/D-K,https://jtclima.bg/produkti/stenni-konvektori/%d0%bf%d0%be%d0%b4%d0%be%d0%b2%d0%be-%d1%81%d1%82%d0%b5%d0%bd%d0%b5%d0%bd-%d0%bc%d0%be%d0%bd%d1%82%d0%b0%d0%b6/gree-%d0%ba%d0%be%d0%bd%d0%b2%d0%b5%d0%ba%d1%82%d0%be%d1%80-%d0%b7%d0%b0-%d0%bf%d0%be%d0%b4%d0%be%d0%b2-%d0%bc%d0%be%d0%bd%d1%82%d0%b0%d0%b6-fp-34lm-d-k/,https://jtclima.bg/wp-content/uploads/2025/09/64620624497585321ca006-1.png,Подово-стенен монтаж,конвектор за подов монтаж,Подово-стенен монтаж,315.47 EUR,,конвектор за подов монтаж;Подово-стенен монтаж;Конвектори;Gree,,,,,,,,,
21302,,Gree FP-85BA3/D-K(E),https://jtclima.bg/produkti/stenni-konvektori/%d0%b2%d0%b8%d1%81%d0%be%d0%ba%d0%be-%d1%81%d1%82%d0%b5%d0%bd%d0%b5%d0%bd-%d0%bc%d0%be%d0%bd%d1%82%d0%b0%d0%b6/gree-%d0%ba%d0%be%d0%bd%d0%b2%d0%b5%d0%ba%d1%82%d0%be%d1%80-%d0%b7%d0%b0-%d0%b2%d0%b8%d1%81%d0%be%d0%ba%d0%be%d1%81%d1%82%d0%b5%d0%bd%d0%b5%d0%bd-%d0%bc%d0%be%d0%bd%d1%82%d0%b0%d0%b6-fp-85ba3-d-ke/,https://jtclima.bg/wp-content/uploads/2025/09/260181583026ed5760c2f5-1-1.png,Високо-стенен монтаж,конвектор за,Високо-стенен монтаж,342.00 EUR,325.00 EUR,конвектор за високостенен монтаж;Високо-стенен монтаж;Конвектори;Gree,,,,,,,,,
21295,,Gree FP-51BA3/D-K(E),https://jtclima.bg/produkti/stenni-konvektori/%d0%b2%d0%b8%d1%81%d0%be%d0%ba%d0%be-%d1%81%d1%82%d0%b5%d0%bd%d0%b5%d0%bd-%d0%bc%d0%be%d0%bd%d1%82%d0%b0%d0%b6/gree-%d0%ba%d0%be%d0%bd%d0%b2%d0%b5%d0%ba%d1%82%d0%be%d1%80-%d0%b7%d0%b0-%d0%b2%d0%b8%d1%81%d0%be%d0%ba%d0%be%d1%81%d1%82%d0%b5%d0%bd%d0%b5%d0%bd-%d0%bc%d0%be%d0%bd%d1%82%d0%b0%d0%b6-fp-51ba3-d-ke/,https://jtclima.bg/wp-content/uploads/2025/09/260181583026ed5760c2f5-1-1.png,Конвектори,конвектор за,Конвектори,259.00 EUR,233.00 EUR,конвектор за високостенен монтаж;Конвектори;Високо-стенен монтаж;Gree,,,,,,,,,
21285,,Sunsystem,https://jtclima.bg/produkti/boileri/%d0%b0%d0%ba%d1%81%d0%b5%d1%81%d0%be%d0%b0%d1%80%d0%b8-%d0%b7%d0%b0-%d0%b1%d0%be%d0%b9%d0%bb%d0%b5%d1%80%d0%b8/sunsystem-%d0%ba%d0%be%d0%bc%d0%bf%d0%bb%d0%b5%d0%ba%d1%82-sk-v-%d0%b5%d0%bc%d0%b0%d0%b9%d0%bb-%d0%bf%d0%be-%d0%b8%d0%b7%d0%b1%d0%be%d1%80/,https://jtclima.bg/wp-content/uploads/2025/09/Untitled.jpg,Бойлери и буфери,КОМПЛЕКТ ЕМАЙЛ ПО ИЗБОР,Бойлери и буфери,17.90 EUR,,КОМПЛЕКТ ЕМАЙЛ ПО ИЗБОР;Бойлери и буфери;Аксесоари за бойлери;Sunsystem,,,,,,,,,
21283,,Sunsystem 7.5kW,https://jtclima.bg/produkti/boileri/%d0%b0%d0%ba%d1%81%d0%b5%d1%81%d0%be%d0%b0%d1%80%d0%b8-%d0%b7%d0%b0-%d0%b1%d0%be%d0%b9%d0%bb%d0%b5%d1%80%d0%b8/sunsystem-e%d0%bb%d0%b5%d0%ba%d1%82%d1%80%d0%b8%d1%87%d0%b5%d1%81%d0%ba%d0%b8-%d0%ba%d0%be%d0%bc%d0%bf%d0%bb%d0%b5%d0%ba%d1%82-%d1%81-%d0%bc%d0%be%d1%89%d0%bd%d0%be%d1%81%d1%82-%d0%bf%d0%be-%d0%b8/,https://jtclima.bg/wp-content/uploads/2025/09/sunsystem-elektricheski-komplekt-s-moshtnost-po-izbor-3kw-4-5kw-6kw-i-7-5kw_2368.jpg,Бойлери и буфери,комплект с мощност по,Бойлери и буфери,73.22 EUR,,комплект с мощност по избор и;Бойлери и буфери;Аксесоари за бойлери;Sunsystem,,,,,,,,,
21275,,Tesy,https://jtclima.bg/produkti/boileri/%d0%b0%d0%ba%d1%81%d0%b5%d1%81%d0%be%d0%b0%d1%80%d0%b8-%d0%b7%d0%b0-%d0%b1%d0%be%d0%b9%d0%bb%d0%b5%d1%80%d0%b8/tesy-%d0%b5%d0%bb%d0%b5%d0%ba%d1%82%d1%80%d0%b8%d1%87%d0%b5%d1%81%d0%ba%d0%b8-%d0%b2%d0%be%d0%b4%d0%be%d0%bd%d0%b0%d0%b3%d1%80%d0%b5%d0%b2%d0%b0%d1%82%d0%b5%d0%bb%d0%b5%d0%bd-%d0%ba%d0%be%d0%bc-4/,https://jtclima.bg/wp-content/uploads/2025/09/thumb_640х418px_EV-200-heaters-accessories-2014.12_359.jpg.png,Аксесоари за бойлери,Електрически,Аксесоари за бойлери,142.65 EUR,,Електрически водонагревателен комплект (без включен капак;Аксесоари за бойлери;Бойлери и буфери;Tesy,,,,,,,,,
21272,,Tesy,https://jtclima.bg/produkti/boileri/%d0%b0%d0%ba%d1%81%d0%b5%d1%81%d0%be%d0%b0%d1%80%d0%b8-%d0%b7%d0%b0-%d0%b1%d0%be%d0%b9%d0%bb%d0%b5%d1%80%d0%b8/tesy-%d0%b5%d0%bb%d0%b5%d0%ba%d1%82%d1%80%d0%b8%d1%87%d0%b5%d1%81%d0%ba%d0%b8-%d0%b2%d0%be%d0%b4%d0%be%d0%bd%d0%b0%d0%b3%d1%80%d0%b5%d0%b2%d0%b0%d1%82%d0%b5%d0%bb%d0%b5%d0%bd-%d0%ba%d0%be%d0%bc-3/,https://jtclima.bg/wp-content/uploads/2025/09/thumb_640х418px_EV-200-heaters-accessories-2014.12_359.jpg.png,Бойлери и буфери,Електрически,Бойлери и буфери,101.75 EUR,,Електрически водонагревателен комплект (без включен капак;Бойлери и буфери;Аксесоари за бойлери;Tesy,,,,,,,,,
21270,,Tesy,https://jtclima.bg/produkti/boileri/%d0%b0%d0%ba%d1%81%d0%b5%d1%81%d0%be%d0%b0%d1%80%d0%b8-%d0%b7%d0%b0-%d0%b1%d0%be%d0%b9%d0%bb%d0%b5%d1%80%d0%b8/tesy-%d0%b5%d0%bb%d0%b5%d0%ba%d1%82%d1%80%d0%b8%d1%87%d0%b5%d1%81%d0%ba%d0%b8-%d0%b2%d0%be%d0%b4%d0%be%d0%bd%d0%b0%d0%b3%d1%80%d0%b5%d0%b2%d0%b0%d1%82%d0%b5%d0%bb%d0%b5%d0%bd-%d0%ba%d0%be%d0%bc-2/,https://jtclima.bg/wp-content/uploads/2025/09/thumb_640х418px_EV-200-heaters-accessories-2014.12_359.jpg.png,Аксесоари за бойлери,Електрически,Аксесоари за бойлери,122.20 EUR,,Електрически водонагревателен комплект;Аксесоари за бойлери;Бойлери и буфери;Tesy,,,,,,,,,
21267,,Tesy,https://jtclima.bg/produkti/boileri/%d0%b0%d0%ba%d1%81%d0%b5%d1%81%d0%be%d0%b0%d1%80%d0%b8-%d0%b7%d0%b0-%d0%b1%d0%be%d0%b9%d0%bb%d0%b5%d1%80%d0%b8/tesy-%d0%b5%d0%bb%d0%b5%d0%ba%d1%82%d1%80%d0%b8%d1%87%d0%b5%d1%81%d0%ba%d0%b8-%d0%b2%d0%be%d0%b4%d0%be%d0%bd%d0%b0%d0%b3%d1%80%d0%b5%d0%b2%d0%b0%d1%82%d0%b5%d0%bb%d0%b5%d0%bd-%d0%ba%d0%be%d0%bc%d0%bf/,https://jtclima.bg/wp-content/uploads/2025/09/thumb_640х418px_EV-200-heaters-accessories-2014.12_359.jpg.png,Бойлери и буфери,Електрически,Бойлери и буфери,81.30 EUR,,Електрически водонагревателен комплект;Бойлери и буфери;Аксесоари за бойлери;Tesy,,,,,,,,,
21265,,Tesy,https://jtclima.bg/produkti/boileri/vertikalni-boileri/tesy-%d0%b1%d1%83%d1%84%d0%b5%d1%80-%d0%b5%d0%bc%d0%b0%d0%b9%d0%bb%d0%b8%d1%80%d0%b0%d0%bd-ev-80-46/,https://jtclima.bg/wp-content/uploads/2025/09/V-8046-Enamelled_520x700.png,Буферни съдове,буфер емайлиран,Буферни съдове,357.39 EUR,301.15 EUR,буфер емайлиран;Буферни съдове;Бойлери и буфери;Tesy,,,,,,,,,
21261,,Tesy,https://jtclima.bg/produkti/boileri/vertikalni-boileri/tesy-%d0%b1%d1%83%d1%84%d0%b5%d1%80-%d0%b5%d0%bc%d0%b0%d0%b9%d0%bb%d0%b8%d1%80%d0%b0%d0%bd-ev-50-40/,https://jtclima.bg/wp-content/uploads/2025/09/V-8046-Enamelled_520x700.png,Буферни съдове,буфер емайлиран,Буферни съдове,306.26 EUR,260.25 EUR,буфер емайлиран;Буферни съдове;Бойлери и буфери;Tesy,,,,,,,,,
21259,,Sunsystem SWP2N,https://jtclima.bg/produkti/boileri/%d1%81%d1%82%d0%be%d1%8f%d1%89%d0%b8-%d0%b1%d0%be%d0%b9%d0%bb%d0%b5%d1%80%d0%b8/sunsystem-%d0%b1%d0%be%d0%b9%d0%bb%d0%b5%d1%80-%d1%81-%d0%b4%d0%b2%d0%b5-%d1%81%d0%b4%d0%b2%d0%be%d0%b5%d0%bd%d0%b8-%d1%81%d0%b5%d1%80%d0%bf%d0%b5%d0%bd%d1%82%d0%b8%d0%bd%d0%b8-swp2n-1000-%d0%b5/,https://jtclima.bg/wp-content/uploads/2025/09/swp2n.png,Бойлери и буфери,бойлер с две сдвоени,Бойлери и буфери,2816.00 EUR,2478.00 EUR,бойлер с две сдвоени серпентини ЕМАЙЛ;Бойлери и буфери;Стоящ бойлер;Sunsystem,,,,,,,,,
21254,,Sunsystem SWP2N,https://jtclima.bg/produkti/boileri/%d1%81%d1%82%d0%be%d1%8f%d1%89%d0%b8-%d0%b1%d0%be%d0%b9%d0%bb%d0%b5%d1%80%d0%b8/sunsystem-%d0%b1%d0%be%d0%b9%d0%bb%d0%b5%d1%80-%d1%81-%d0%b4%d0%b2%d0%b5-%d1%81%d0%b4%d0%b2%d0%be%d0%b5%d0%bd%d0%b8-%d1%81%d0%b5%d1%80%d0%bf%d0%b5%d0%bd%d1%82%d0%b8%d0%bd%d0%b8-swp2n-750-%d0%b5%d0%bc/,https://jtclima.bg/wp-content/uploads/2025/09/swp2n.png,Бойлери и буфери,бойлер с две сдвоени,Бойлери и буфери,2567.00 EUR,2259.00 EUR,бойлер с две сдвоени серпентини ЕМАЙЛ;Бойлери и буфери;Стоящ бойлер;Sunsystem,,,,,,,,,
21252,,Sunsystem SWP2N,https://jtclima.bg/produkti/boileri/%d1%81%d1%82%d0%be%d1%8f%d1%89%d0%b8-%d0%b1%d0%be%d0%b9%d0%bb%d0%b5%d1%80%d0%b8/sunsystem-%d0%b1%d0%be%d0%b9%d0%bb%d0%b5%d1%80-%d1%81-%d0%b4%d0%b2%d0%b5-%d1%81%d0%b4%d0%b2%d0%be%d0%b5%d0%bd%d0%b8-%d1%81%d0%b5%d1%80%d0%bf%d0%b5%d0%bd%d1%82%d0%b8%d0%bd%d0%b8-swp2n-500-%d0%b5%d0%bc/,https://jtclima.bg/wp-content/uploads/2025/09/swp2n.png,Бойлери и буфери,бойлер с две сдвоени,Бойлери и буфери,1704.00 EUR,1499.00 EUR,бойлер с две сдвоени серпентини ЕМАЙЛ;Бойлери и буфери;Стоящ бойлер;Sunsystem,,,,,,,,,
21250,,Sunsystem SWP2N,https://jtclima.bg/produkti/boileri/%d1%81%d1%82%d0%be%d1%8f%d1%89%d0%b8-%d0%b1%d0%be%d0%b9%d0%bb%d0%b5%d1%80%d0%b8/sunsystem-%d0%b1%d0%be%d0%b9%d0%bb%d0%b5%d1%80-%d1%81-%d0%b4%d0%b2%d0%b5-%d1%81%d0%b4%d0%b2%d0%be%d0%b5%d0%bd%d0%b8-%d1%81%d0%b5%d1%80%d0%bf%d0%b5%d0%bd%d1%82%d0%b8%d0%bd%d0%b8-swp2n-400-%d0%b5%d0%bc/,https://jtclima.bg/wp-content/uploads/2025/09/swp2n.png,Бойлери и буфери,бойлер с две сдвоени,Бойлери и буфери,1563.00 EUR,1375.00 EUR,бойлер с две сдвоени серпентини ЕМАЙЛ;Бойлери и буфери;Стоящ бойлер;Sunsystem,,,,,,,,,
21245,,Sunsystem SWP2N,https://jtclima.bg/produkti/boileri/%d1%81%d1%82%d0%be%d1%8f%d1%89%d0%b8-%d0%b1%d0%be%d0%b9%d0%bb%d0%b5%d1%80%d0%b8/sunsystem-%d0%b1%d0%be%d0%b9%d0%bb%d0%b5%d1%80-%d1%81-%d0%b4%d0%b2%d0%b5-%d1%81%d0%b4%d0%b2%d0%be%d0%b5%d0%bd%d0%b8-%d1%81%d0%b5%d1%80%d0%bf%d0%b5%d0%bd%d1%82%d0%b8%d0%bd%d0%b8-swp2n-300-%d0%b5%d0%bc/,https://jtclima.bg/wp-content/uploads/2025/09/swp2n.png,Бойлери и буфери,бойлер с две сдвоени,Бойлери и буфери,1262.00 EUR,1111.00 EUR,бойлер с две сдвоени серпентини ЕМАЙЛ;Бойлери и буфери;Стоящ бойлер;Sunsystem,,,,,,,,,
21243,,Sunsystem SWPN-2L-500,https://jtclima.bg/produkti/boileri/%d1%81%d1%82%d0%be%d1%8f%d1%89%d0%b8-%d0%b1%d0%be%d0%b9%d0%bb%d0%b5%d1%80%d0%b8/sunsystem-%d0%b1%d0%be%d0%b9%d0%bb%d0%b5%d1%80-%d1%81-%d0%b5%d0%b4%d0%bd%d0%b0-%d1%81%d0%b4%d0%b2%d0%be%d0%b5%d0%bd%d0%b0-%d1%81%d0%b5%d1%80%d0%bf%d0%b5%d0%bd%d1%82%d0%b8%d0%bd%d0%b0-swpn-2l-500/,https://jtclima.bg/wp-content/uploads/2025/09/swpn-2l-1.png,Бойлери и буфери,бойлер с една сдвоена,Бойлери и буфери,1434.00 EUR,1262.00 EUR,бойлер с една сдвоена серпентина ЕМАЙЛ;Бойлери и буфери;Стоящ бойлер;Sunsystem,,,,,,,,,
21241,,Sunsystem SWPN-2L-300,https://jtclima.bg/produkti/boileri/%d1%81%d1%82%d0%be%d1%8f%d1%89%d0%b8-%d0%b1%d0%be%d0%b9%d0%bb%d0%b5%d1%80%d0%b8/sunsystem-%d0%b1%d0%be%d0%b9%d0%bb%d0%b5%d1%80-%d1%81-%d0%b5%d0%b4%d0%bd%d0%b0-%d1%81%d0%b4%d0%b2%d0%be%d0%b5%d0%bd%d0%b0-%d1%81%d0%b5%d1%80%d0%bf%d0%b5%d0%bd%d1%82%d0%b8%d0%bd%d0%b0-swpn-2l-300/,https://jtclima.bg/wp-content/uploads/2025/09/swpn-2l-1.png,Бойлери и буфери,бойлер с една сдвоена,Бойлери и буфери,1131.00 EUR,996.00 EUR,бойлер с една сдвоена серпентина ЕМАЙЛ;Бойлери и буфери;Стоящ бойлер;Sunsystem,,,,,,,,,
21239,,Sunsystem SWPN-2L-200,https://jtclima.bg/produkti/boileri/%d1%81%d1%82%d0%be%d1%8f%d1%89%d0%b8-%d0%b1%d0%be%d0%b9%d0%bb%d0%b5%d1%80%d0%b8/sunsystem-%d0%b1%d0%be%d0%b9%d0%bb%d0%b5%d1%80-%d1%81-%d0%b5%d0%b4%d0%bd%d0%b0-%d1%81%d0%b4%d0%b2%d0%be%d0%b5%d0%bd%d0%b0-%d1%81%d0%b5%d1%80%d0%bf%d0%b5%d0%bd%d1%82%d0%b8%d0%bd%d0%b0-swpn-2l-200/,https://jtclima.bg/wp-content/uploads/2025/09/swpn-2l-1.png,Бойлери и буфери,бойлер с една сдвоена,Бойлери и буфери,806.00 EUR,710.00 EUR,бойлер с една сдвоена серпентина ЕМАЙЛ;Бойлери и буфери;Стоящ бойлер;Sunsystem,,,,,,,,,
21234,,Sunsystem SWPN-2L-150,https://jtclima.bg/produkti/boileri/%d1%81%d1%82%d0%be%d1%8f%d1%89%d0%b8-%d0%b1%d0%be%d0%b9%d0%bb%d0%b5%d1%80%d0%b8/sunsystem-%d0%b1%d0%be%d0%b9%d0%bb%d0%b5%d1%80-%d1%81-%d0%b5%d0%b4%d0%bd%d0%b0-%d1%81%d0%b4%d0%b2%d0%be%d0%b5%d0%bd%d0%b0-%d1%81%d0%b5%d1%80%d0%bf%d0%b5%d0%bd%d1%82%d0%b8%d0%bd%d0%b0-swpn-2l-150/,https://jtclima.bg/wp-content/uploads/2025/09/swpn-2l-1.png,Бойлери и буфери,бойлер с една сдвоена,Бойлери и буфери,754.00 EUR,664.00 EUR,бойлер с една сдвоена серпентина ЕМАЙЛ;Бойлери и буфери;Стоящ бойлер;Sunsystem,,,,,,,,,
21228,,Sunsystem EU1,https://jtclima.bg/produkti/boileri/vertikalni-boileri/sunsystem-%d0%b1%d1%83%d1%84%d0%b5%d1%80-%d0%b5%d0%bc%d0%b0%d0%b9%d0%bb%d0%b8%d1%80%d0%b0%d0%bd-eu1-psem-200/,https://jtclima.bg/wp-content/uploads/2025/09/psem-2001.png,Буферни съдове,буфер емайлиран,Буферни съдове,562.00 EUR,505.80 EUR,буфер емайлиран;Буферни съдове;Бойлери и буфери;Sunsystem,,,,,,,,,
21225,,Sunsystem EU1,https://jtclima.bg/produkti/boileri/vertikalni-boileri/sunsystem-%d0%b1%d1%83%d1%84%d0%b5%d1%80-%d0%b5%d0%bc%d0%b0%d0%b9%d0%bb%d0%b8%d1%80%d0%b0%d0%bd-eu1-psem-100/,https://jtclima.bg/wp-content/uploads/2025/09/imagesPSM-1000x1000-1.png,Буферни съдове,буфер емайлиран,Буферни съдове,302.00 EUR,271.80 EUR,буфер емайлиран;Буферни съдове;Бойлери и буфери;Sunsystem,,,,,,,,,
21223,,Sunsystem EU1,https://jtclima.bg/produkti/boileri/vertikalni-boileri/sunsystem-%d0%b1%d1%83%d1%84%d0%b5%d1%80-%d0%b5%d0%bc%d0%b0%d0%b9%d0%bb%d0%b8%d1%80%d0%b0%d0%bd-eu1-psem-80/,https://jtclima.bg/wp-content/uploads/2025/09/imagesPSM-1000x1000-1.png,Буферни съдове,буфер емайлиран,Буферни съдове,267.00 EUR,240.30 EUR,буфер емайлиран;Буферни съдове;Бойлери и буфери;Sunsystem,,,,,,,,,
21220,,Sunsystem EU1,https://jtclima.bg/produkti/boileri/vertikalni-boileri/sunsystem-%d0%b1%d1%83%d1%84%d0%b5%d1%80-%d0%b5%d0%bc%d0%b0%d0%b9%d0%bb%d0%b8%d1%80%d0%b0%d0%bd-eu1-psem-50/,https://jtclima.bg/wp-content/uploads/2025/09/PSM_1-2.png,Буферни съдове,буфер емайлиран,Буферни съдове,253.00 EUR,227.70 EUR,буфер емайлиран;Буферни съдове;Бойлери и буфери;Sunsystem,,,,,,,,,
21215,,Sunsystem EU1,https://jtclima.bg/produkti/boileri/vertikalni-boileri/sunsystem-%d0%b1%d1%83%d1%84%d0%b5%d1%80-%d0%bd%d0%b5%d0%b5%d0%bc%d0%b0%d0%b9%d0%bb%d0%b8%d1%80%d0%b0%d0%bd-eu1-psm-100/,https://jtclima.bg/wp-content/uploads/2025/09/imagesPSM-1000x1000-1.png,Буферни съдове,буфер неемайлиран,Буферни съдове,278.00 EUR,250.20 EUR,буфер неемайлиран;Буферни съдове;Бойлери и буфери;Sunsystem,,,,,,,,,
21209,,Sunsystem EU1,https://jtclima.bg/produkti/boileri/vertikalni-boileri/sunsystem-%d0%b1%d1%83%d1%84%d0%b5%d1%80-%d0%bd%d0%b5%d0%b5%d0%bc%d0%b0%d0%b9%d0%bb%d0%b8%d1%80%d0%b0%d0%bd-eu1-psm-80/,https://jtclima.bg/wp-content/uploads/2025/09/imagesPSM-1000x1000-1.png,Буферни съдове,буфер неемайлиран,Буферни съдове,244.00 EUR,219.60 EUR,буфер неемайлиран;Буферни съдове;Бойлери и буфери;Sunsystem,,,,,,,,,
21204,,Sunsystem EU1,https://jtclima.bg/produkti/boileri/vertikalni-boileri/sunsystem-%d0%b1%d1%83%d1%84%d0%b5%d1%80-%d0%bd%d0%b5%d0%b5%d0%bc%d0%b0%d0%b9%d0%bb%d0%b8%d1%80%d0%b0%d0%bd-eu1-psm-50/,https://jtclima.bg/wp-content/uploads/2025/09/PSM_1-2.png,Буферни съдове,буфер неемайлиран,Буферни съдове,230.00 EUR,207.00 EUR,буфер неемайлиран;Буферни съдове;Бойлери и буфери;Sunsystem,,,,,,,,,
21197,,Sunsystem EU1,https://jtclima.bg/produkti/boileri/vertikalni-boileri/sunsystem-%d0%b1%d1%83%d1%84%d0%b5%d1%80-%d0%bd%d0%b5%d0%b5%d0%bc%d0%b0%d0%b9%d0%bb%d0%b8%d1%80%d0%b0%d0%bd-eu1-psm-30/,https://jtclima.bg/wp-content/uploads/2025/09/PSM_30.png,Буферни съдове,буфер неемайлиран,Буферни съдове,180.00 EUR,162.00 EUR,буфер неемайлиран;Буферни съдове;Бойлери и буфери;Sunsystem,,,,,,,,,
20564,,Innova EEB649II,https://jtclima.bg/produkti/stenni-konvektori/%d0%b0%d0%ba%d1%81%d0%b5%d1%81%d0%be%d0%b0%d1%80%d0%b8-%d0%b7%d0%b0-%d0%ba%d0%be%d0%bd%d0%b2%d0%b5%d0%ba%d1%82%d0%be%d1%80%d0%b8/innova-%d1%83%d0%bf%d1%80%d0%b0%d0%b2%d0%bb%d0%b5%d0%bd%d0%b8%d0%b5-%d0%b7%d0%b0-%d1%81%d1%82%d0%b5%d0%bd%d0%b0-touch-%d0%bf%d0%bb%d0%b0%d0%b2%d0%bd%d0%b0-%d0%bc%d0%be%d0%b4%d1%83%d0%bb%d0%b0%d1%86-2/,https://jtclima.bg/wp-content/uploads/2025/07/a0072485_0.jpg,Аксесоари за конвектори,управление за стена,Аксесоари за конвектори,146.23 EUR,,управление за стена плавна модулация бял;Аксесоари за конвектори;Конвектори;innova Airleaf,,,,,,,,,
20557,,Innova EFB649II,https://jtclima.bg/produkti/stenni-konvektori/%d0%b0%d0%ba%d1%81%d0%b5%d1%81%d0%be%d0%b0%d1%80%d0%b8-%d0%b7%d0%b0-%d0%ba%d0%be%d0%bd%d0%b2%d0%b5%d0%ba%d1%82%d0%be%d1%80%d0%b8/innova-%d1%83%d0%bf%d1%80%d0%b0%d0%b2%d0%bb%d0%b5%d0%bd%d0%b8%d0%b5-%d0%b7%d0%b0-%d1%81%d1%82%d0%b5%d0%bd%d0%b0-touch-%d0%bf%d0%bb%d0%b0%d0%b2%d0%bd%d0%b0-%d0%bc%d0%be%d0%b4%d1%83%d0%bb%d0%b0%d1%86/,https://jtclima.bg/wp-content/uploads/2025/07/a0072485_0.jpg,Аксесоари за конвектори,управление за стена,Аксесоари за конвектори,156.46 EUR,,управление за стена плавна модулация бял;Аксесоари за конвектори;Конвектори;innova Airleaf,,,,,,,,,
20548,,Innova,https://jtclima.bg/produkti/stenni-konvektori/%d0%b0%d0%ba%d1%81%d0%b5%d1%81%d0%be%d0%b0%d1%80%d0%b8-%d0%b7%d0%b0-%d0%ba%d0%be%d0%bd%d0%b2%d0%b5%d0%ba%d1%82%d0%be%d1%80%d0%b8/innova-%d1%81%d1%82%d0%be%d0%bc%d0%b0%d0%bd%d0%b5%d0%bd%d0%b0-%d0%ba%d1%83%d1%82%d0%b8%d1%8f-%d0%b7%d0%b0-%d0%b2%d0%b3%d1%80%d0%b0%d0%b6%d0%b4%d0%b0%d0%bd%d0%b5-%d0%b7%d0%b0-%d0%bc%d0%be%d0%b4%d0%b5/,https://jtclima.bg/wp-content/uploads/2025/07/cassaforma-in-lamiera-zincata-per-installazione.webp,Аксесоари за конвектори,стоманена кутия за,Аксесоари за конвектори,119.13 EUR,,стоманена кутия за вграждане за модел;Аксесоари за конвектори;Конвектори;innova Airleaf,,,,,,,,,
20543,,Innova,https://jtclima.bg/produkti/stenni-konvektori/%d0%b0%d0%ba%d1%81%d0%b5%d1%81%d0%be%d0%b0%d1%80%d0%b8-%d0%b7%d0%b0-%d0%ba%d0%be%d0%bd%d0%b2%d0%b5%d0%ba%d1%82%d0%be%d1%80%d0%b8/innova-%d1%87%d0%b5%d0%bb%d0%b5%d0%bd-%d0%bf%d0%b0%d0%bd%d0%b5%d0%bb-%d1%81-%d1%80%d0%b5%d1%88%d0%b5%d1%82%d0%ba%d0%b0-%d0%b7%d0%b0-%d0%b2%d0%b5%d1%80%d1%82%d0%b8%d0%ba%d0%b0%d0%bb%d0%b5%d0%bd-%d0%bc/,https://jtclima.bg/wp-content/uploads/2025/07/LC0582II.png,Аксесоари за конвектори,челен панел с решетка за,Аксесоари за конвектори,254.62 EUR,,челен панел с решетка за вертикален монтаж за модел;Аксесоари за конвектори;Конвектори;innova Airleaf,,,,,,,,,
20540,,Innova V30688II,https://jtclima.bg/produkti/stenni-konvektori/%d0%b0%d0%ba%d1%81%d0%b5%d1%81%d0%be%d0%b0%d1%80%d0%b8-%d0%b7%d0%b0-%d0%ba%d0%be%d0%bd%d0%b2%d0%b5%d0%ba%d1%82%d0%be%d1%80%d0%b8/innova-%d1%82%d1%80%d0%b8%d0%bf%d1%8a%d1%82%d0%b5%d0%bd-%d0%b2%d0%b5%d0%bd%d1%82%d0%b8%d0%bb-%d1%81-%d0%b5%d0%bb%d0%b5%d0%ba%d1%82%d1%80%d0%be%d1%82%d0%b5%d1%80%d0%bc%d0%b8%d1%87%d0%bd%d0%b0-%d0%b7/,https://jtclima.bg/wp-content/uploads/2025/07/v30688ii.jpg,Аксесоари за конвектори,трипътен вентил с,Аксесоари за конвектори,161.06 EUR,,трипътен вентил с електротермична задвижка и регулиращ;Аксесоари за конвектори;Конвектори;innova Airleaf,,,,,,,,,
20535,,Innova LC0157II,https://jtclima.bg/produkti/stenni-konvektori/%d0%b0%d0%ba%d1%81%d0%b5%d1%81%d0%be%d0%b0%d1%80%d0%b8-%d0%b7%d0%b0-%d0%ba%d0%be%d0%bd%d0%b2%d0%b5%d0%ba%d1%82%d0%be%d1%80%d0%b8/innova-%d0%b4%d0%b5%d0%ba%d0%be%d1%80%d0%b0%d1%82%d0%b8%d0%b2%d0%bd%d0%b8-%d0%ba%d1%80%d0%b0%d1%87%d0%b5%d1%82%d0%b0-%d0%b1%d0%b5%d0%bb%d0%b8-lc0157ii/,https://jtclima.bg/wp-content/uploads/2025/07/lc0157ii.jpg,Аксесоари за конвектори,декоративни крачета бели,Аксесоари за конвектори,46.53 EUR,,декоративни крачета бели;Аксесоари за конвектори;Конвектори;innova Airleaf,,,,,,,,,
20531,,Innova B10642II,https://jtclima.bg/produkti/stenni-konvektori/%d0%b0%d0%ba%d1%81%d0%b5%d1%81%d0%be%d0%b0%d1%80%d0%b8-%d0%b7%d0%b0-%d0%ba%d0%be%d0%bd%d0%b2%d0%b5%d0%ba%d1%82%d0%be%d1%80%d0%b8/innova-%d0%bf%d0%bb%d0%b0%d1%82%d0%ba%d0%b0-%d0%b7%d0%b0-%d0%b2%d0%b3%d1%80%d0%b0%d0%b6%d0%b4%d0%b0%d0%bd%d0%b5-%d0%b7%d0%b0-%d1%83%d0%bf%d1%80%d0%b0%d0%b2%d0%bb%d0%b5%d0%bd%d0%b8%d0%b5-%d0%be%d1%82/,https://jtclima.bg/wp-content/uploads/2025/07/b10642ii.jpg,Аксесоари за конвектори,платка за вграждане за,Аксесоари за конвектори,110.44 EUR,,платка за вграждане за управление от външен аналогов сигнал;Аксесоари за конвектори;Конвектори;innova Airleaf,,,,,,,,,
20525,,Innova B4V642II,https://jtclima.bg/produkti/stenni-konvektori/%d0%b0%d0%ba%d1%81%d0%b5%d1%81%d0%be%d0%b0%d1%80%d0%b8-%d0%b7%d0%b0-%d0%ba%d0%be%d0%bd%d0%b2%d0%b5%d0%ba%d1%82%d0%be%d1%80%d0%b8/innova-%d0%bf%d0%bb%d0%b0%d1%82%d0%ba%d0%b0-%d0%b7%d0%b0-%d0%b2%d0%b3%d1%80%d0%b0%d0%b6%d0%b4%d0%b0%d0%bd%d0%b5-%d0%b7%d0%b0-%d0%b2%d1%80%d1%8a%d0%b7%d0%ba%d0%b0-%d1%81-%d1%80%d0%b0%d0%b7%d0%bb%d0%b8/,https://jtclima.bg/wp-content/uploads/2025/07/b4v642ii.jpg,Аксесоари за конвектори,платка за вграждане за,Аксесоари за конвектори,110.44 EUR,,платка за вграждане за връзка с различен термостат;Аксесоари за конвектори;Конвектори;innova Airleaf,,,,,,,,,
20522,,Innova E4T643II,https://jtclima.bg/produkti/stenni-konvektori/%d0%b0%d0%ba%d1%81%d0%b5%d1%81%d0%be%d0%b0%d1%80%d0%b8-%d0%b7%d0%b0-%d0%ba%d0%be%d0%bd%d0%b2%d0%b5%d0%ba%d1%82%d0%be%d1%80%d0%b8/nnova-%d1%82%d0%b5%d1%80%d0%bc%d0%be%d1%81%d1%82%d0%b0%d1%82-smarttouch-4-%d1%81%d0%ba%d0%be%d1%80%d0%be%d1%81%d1%82%d0%b8-e4t643ii/,https://jtclima.bg/wp-content/uploads/2025/07/airleaf_upravlenie_e4t643ii.jpg,Аксесоари за конвектори,термостат скорости,Аксесоари за конвектори,145.72 EUR,,термостат скорости;Аксесоари за конвектори;Конвектори;innova Airleaf,,,,,,,,,
20519,,Innova ECA644II,https://jtclima.bg/produkti/stenni-konvektori/%d0%b0%d0%ba%d1%81%d0%b5%d1%81%d0%be%d0%b0%d1%80%d0%b8-%d0%b7%d0%b0-%d0%ba%d0%be%d0%bd%d0%b2%d0%b5%d0%ba%d1%82%d0%be%d1%80%d0%b8/innova-%d1%83%d0%bf%d1%80%d0%b0%d0%b2%d0%bb%d0%b5%d0%bd%d0%b8%d0%b5-%d0%b7%d0%b0-%d0%b2%d0%b3%d1%80%d0%b0%d0%b6%d0%b4%d0%b0%d0%bd%d0%b5-smarttouch-%d0%bf%d0%bb%d0%b0%d0%b2%d0%bd%d0%b0-%d0%bc%d0%be-2/,https://jtclima.bg/wp-content/uploads/2025/07/ewf644ii.png,Аксесоари за конвектори,управление за вграждане,Аксесоари за конвектори,161.06 EUR,,управление за вграждане плавна модулация с ПИ логика;Аксесоари за конвектори;Конвектори;innova Airleaf,,,,,,,,,
20461,,Mitsubishi,https://jtclima.bg/produkti/klimatici/%d0%b0%d0%ba%d1%81%d0%b5%d1%81%d0%be%d0%b0%d1%80%d0%b8-%d0%b7%d0%b0-%d0%ba%d0%bb%d0%b8%d0%bc%d0%b0%d1%82%d0%b8%d1%86%d0%b8/mitsubishi-heavy-%d0%b0%d0%ba%d1%81%d0%b5%d1%81%d0%be%d0%b0%d1%80%d0%b8-%d0%b7%d0%b0-%d0%ba%d0%bb%d0%b8%d0%bc%d0%b0%d1%82%d0%b8%d1%86%d0%b8/mitsubishi-heavy-wi-fi-%d0%bc%d0%be%d0%b4%d0%b5%d0%bc-wf-rac/,https://jtclima.bg/wp-content/uploads/2025/07/wf-mac-700x700-1.jpg,Аксесоари за климатици,модем,Аксесоари за климатици,99.00 EUR,,модем;Аксесоари за климатици;Mitsubishi Heavy,,,,,,,,,
20455,,Sufix PL01,https://jtclima.bg/produkti/klimatici/%d0%b0%d0%ba%d1%81%d0%b5%d1%81%d0%be%d0%b0%d1%80%d0%b8-%d0%b7%d0%b0-%d0%ba%d0%bb%d0%b8%d0%bc%d0%b0%d1%82%d0%b8%d1%86%d0%b8/sufix/sufix-%d1%82%d0%b0%d0%b2%d0%b0-%d0%b7%d0%b0-%d0%ba%d0%be%d0%bd%d0%b4%d0%b5%d0%bd%d0%b7-%d0%b7%d0%b0-%d0%ba%d0%bb%d0%b8%d0%bc%d0%b0%d1%82%d0%b8%d0%ba-pl01/,https://jtclima.bg/wp-content/uploads/2025/07/product_1363.png,Аксесоари за климатици,Тава за конденз за,Аксесоари за климатици,20.45 EUR,,Тава за конденз за климатик;Аксесоари за климатици;Sufix;Производители,,,,,,,,,
20451,,Sufix,https://jtclima.bg/produkti/klimatici/%d0%b0%d0%ba%d1%81%d0%b5%d1%81%d0%be%d0%b0%d1%80%d0%b8-%d0%b7%d0%b0-%d0%ba%d0%bb%d0%b8%d0%bc%d0%b0%d1%82%d0%b8%d1%86%d0%b8/sufix/sufix-%d0%b0%d0%bd%d1%82%d0%b8%d0%b2%d0%b8%d0%b1%d1%80%d0%b0%d1%86%d0%b8%d0%be%d0%bd%d0%bd%d0%b8-%d1%82%d0%b0%d0%bc%d0%bf%d0%be%d0%bd%d0%b8-%d0%b7%d0%b0-%d0%ba%d0%bb%d0%b8%d0%bc%d0%b0%d1%82%d0%b8/,https://jtclima.bg/wp-content/uploads/2025/07/5720241315757629630ff4_page-0001.jpg,Аксесоари за климатици,Антивибрационни тампони,Аксесоари за климатици,13.29 EUR,,Антивибрационни тампони за климатик;Аксесоари за климатици;Sufix,,,,,,,,,
20447,,Sufix,https://jtclima.bg/produkti/klimatici/%d0%b0%d0%ba%d1%81%d0%b5%d1%81%d0%be%d0%b0%d1%80%d0%b8-%d0%b7%d0%b0-%d0%ba%d0%bb%d0%b8%d0%bc%d0%b0%d1%82%d0%b8%d1%86%d0%b8/sufix/sufix-%d1%81%d1%82%d0%be%d0%b9%d0%ba%d0%b0-%d0%b7%d0%b0-%d0%bf%d0%be%d0%ba%d1%80%d0%b8%d0%b2-%d0%ba%d0%bb%d0%b8%d0%bc%d0%b0%d1%82%d0%b8%d0%ba-rs/,https://jtclima.bg/wp-content/uploads/2025/07/pokriv4.png,Аксесоари за климатици,Стойка за покрив климатик,Аксесоари за климатици,43.46 EUR,,Стойка за покрив климатик;Аксесоари за климатици;Sufix,,,,,,,,,
20443,,Sufix,https://jtclima.bg/produkti/klimatici/%d0%b0%d0%ba%d1%81%d0%b5%d1%81%d0%be%d0%b0%d1%80%d0%b8-%d0%b7%d0%b0-%d0%ba%d0%bb%d0%b8%d0%bc%d0%b0%d1%82%d0%b8%d1%86%d0%b8/sufix/sufix-%d0%bf%d0%be%d0%b4%d0%be%d0%b2%d0%b0-%d1%81%d1%82%d0%be%d0%b9%d0%ba%d0%b0-%d0%b7%d0%b0-%d0%ba%d0%bb%d0%b8%d0%bc%d0%b0%d1%82%d0%b8%d0%ba-gf/,https://jtclima.bg/wp-content/uploads/2025/07/podowa.png,Аксесоари за климатици,Подова стойка за климатик,Аксесоари за климатици,25.56 EUR,,Подова стойка за климатик;Аксесоари за климатици;Sufix,,,,,,,,,
20439,,"Sufix,Стенна SS-5",https://jtclima.bg/produkti/klimatici/%d0%b0%d0%ba%d1%81%d0%b5%d1%81%d0%be%d0%b0%d1%80%d0%b8-%d0%b7%d0%b0-%d0%ba%d0%bb%d0%b8%d0%bc%d0%b0%d1%82%d0%b8%d1%86%d0%b8/sufix/sufix%d1%81%d1%82%d0%b5%d0%bd%d0%bd%d0%b0-%d1%81%d1%82%d0%be%d0%b9%d0%ba%d0%b0-%d0%be%d1%82-%d0%bd%d0%b5%d1%80%d1%8a%d0%b6%d0%b4%d0%b0%d0%b5%d0%bc%d0%b0-%d1%81%d1%82%d0%be%d0%bc%d0%b0%d0%bd%d0%b0-2/,https://jtclima.bg/wp-content/uploads/2025/07/3483531524eb0eb7cdc276_page-0001-scaled.jpg,Аксесоари за климатици,стойка от неръждаема,Аксесоари за климатици,40.90 EUR,,стойка от неръждаема стомана за климатик;Аксесоари за климатици;Sufix,,,,,,,,,
20435,,"Sufix,Стенна SS-4",https://jtclima.bg/produkti/klimatici/%d0%b0%d0%ba%d1%81%d0%b5%d1%81%d0%be%d0%b0%d1%80%d0%b8-%d0%b7%d0%b0-%d0%ba%d0%bb%d0%b8%d0%bc%d0%b0%d1%82%d0%b8%d1%86%d0%b8/sufix/sufix%d1%81%d1%82%d0%b5%d0%bd%d0%bd%d0%b0-%d1%81%d1%82%d0%be%d0%b9%d0%ba%d0%b0-%d0%be%d1%82-%d0%bd%d0%b5%d1%80%d1%8a%d0%b6%d0%b4%d0%b0%d0%b5%d0%bc%d0%b0-%d1%81%d1%82%d0%be%d0%bc%d0%b0%d0%bd%d0%b0/,https://jtclima.bg/wp-content/uploads/2025/07/3483531524eb0eb7cdc276_page-0001-scaled.jpg,Аксесоари за климатици,стойка от неръждаема,Аксесоари за климатици,35.79 EUR,,стойка от неръждаема стомана за климатик;Аксесоари за климатици;Sufix,,,,,,,,,
20431,,Sufix GS-5,https://jtclima.bg/produkti/klimatici/%d0%b0%d0%ba%d1%81%d0%b5%d1%81%d0%be%d0%b0%d1%80%d0%b8-%d0%b7%d0%b0-%d0%ba%d0%bb%d0%b8%d0%bc%d0%b0%d1%82%d0%b8%d1%86%d0%b8/sufix/sufix-%d1%81%d1%82%d0%b5%d0%bd%d0%bd%d0%b0-%d1%81%d1%82%d0%be%d0%b9%d0%ba%d0%b0-%d0%b7%d0%b0-%d0%ba%d0%bb%d0%b8%d0%bc%d0%b0%d1%82%d0%b8%d0%ba-gs-5/,https://jtclima.bg/wp-content/uploads/2025/07/432709078b3149f91bd276_page-0001-scaled.jpg,Аксесоари за климатици,Стенна стойка за климатик,Аксесоари за климатици,15.34 EUR,,Стенна стойка за климатик;Аксесоари за климатици;Sufix,,,,,,,,,
20427,,Sufix GS-4,https://jtclima.bg/produkti/klimatici/%d0%b0%d0%ba%d1%81%d0%b5%d1%81%d0%be%d0%b0%d1%80%d0%b8-%d0%b7%d0%b0-%d0%ba%d0%bb%d0%b8%d0%bc%d0%b0%d1%82%d0%b8%d1%86%d0%b8/sufix/sufix%d1%81%d1%82%d0%b5%d0%bd%d0%bd%d0%b0-%d1%81%d1%82%d0%be%d0%b9%d0%ba%d0%b0-%d0%b7%d0%b0-%d0%ba%d0%bb%d0%b8%d0%bc%d0%b0%d1%82%d0%b8%d0%ba-gs-4/,https://jtclima.bg/wp-content/uploads/2025/07/432709078b3149f91bd276_page-0001-scaled.jpg,Аксесоари за климатици,Стенна стойка за климатик,Аксесоари за климатици,14.32 EUR,,Стенна стойка за климатик;Аксесоари за климатици;Sufix,,,,,,,,,
20423,,Sufix GS-3,https://jtclima.bg/produkti/klimatici/%d0%b0%d0%ba%d1%81%d0%b5%d1%81%d0%be%d0%b0%d1%80%d0%b8-%d0%b7%d0%b0-%d0%ba%d0%bb%d0%b8%d0%bc%d0%b0%d1%82%d0%b8%d1%86%d0%b8/sufix/sufix%d1%81%d1%82%d0%b5%d0%bd%d0%bd%d0%b0-%d1%81%d1%82%d0%be%d0%b9%d0%ba%d0%b0-%d0%b7%d0%b0-%d0%ba%d0%bb%d0%b8%d0%bc%d0%b0%d1%82%d0%b8%d0%ba-gs-3/,https://jtclima.bg/wp-content/uploads/2025/07/432709078b3149f91bd276_page-0001-scaled.jpg,Аксесоари за климатици,Стенна стойка за климатик,Аксесоари за климатици,12.78 EUR,,Стенна стойка за климатик;Аксесоари за климатици;Sufix,,,,,,,,,
20419,,Sufix,https://jtclima.bg/produkti/termopompi/%d0%b0%d0%ba%d1%81%d0%b5%d1%81%d0%be%d0%b0%d1%80%d0%b8-%d0%b7%d0%b0-%d1%82%d0%b5%d1%80%d0%bc%d0%be%d0%bf%d0%be%d0%bc%d0%bf%d0%b8/sufix-termopompi/sufix-%d0%bc%d0%be%d0%bd%d1%82%d0%b0%d0%b6%d0%bd%d0%b0-%d1%80%d0%b0%d0%bc%d0%ba%d0%b0-%d0%b7%d0%b0-%d1%82%d0%b5%d1%80%d0%bc%d0%be%d0%bf%d0%be%d0%bc%d0%bf%d0%b8/,https://jtclima.bg/wp-content/uploads/2025/07/6832688033b7e5763aa066-1.png,Термопомпи,Монтажна рамка за,Термопомпи,153.39 EUR,,Монтажна рамка за термопомпи;Термопомпи;Sufix;Аксесоари за термопомпи,,,,,,,,,
20413,,Caleffi,https://jtclima.bg/produkti/termopompi/%d0%b0%d0%ba%d1%81%d0%b5%d1%81%d0%be%d0%b0%d1%80%d0%b8-%d0%b7%d0%b0-%d1%82%d0%b5%d1%80%d0%bc%d0%be%d0%bf%d0%be%d0%bc%d0%bf%d0%b8/caleffi/caleffi-%d0%bc%d0%b0%d0%b3%d0%bd%d0%b8%d1%82%d0%b5%d0%bd-%d1%81%d0%b5%d0%bf%d0%b0%d1%80%d0%b0%d1%82%d0%be%d1%80-%d1%86%d0%b8%d0%ba%d0%bb%d0%be%d0%bd-caleffi-dirtmag-1/,https://jtclima.bg/wp-content/uploads/2025/07/201094_l.jpeg,Термопомпи,МАГНИТЕН СЕПАРАТОР,Термопомпи,125.27 EUR,,МАГНИТЕН СЕПАРАТОР (ЦИКЛОН);Термопомпи;Caleffi;Аксесоари за термопомпи,,,,,,,,,
20408,,Caleffi 1″M,https://jtclima.bg/produkti/termopompi/%d0%b0%d0%ba%d1%81%d0%b5%d1%81%d0%be%d0%b0%d1%80%d0%b8-%d0%b7%d0%b0-%d1%82%d0%b5%d1%80%d0%bc%d0%be%d0%bf%d0%be%d0%bc%d0%bf%d0%b8/caleffi/caleffi-%d1%82%d1%80%d0%b8%d0%bf%d1%8a%d1%82%d0%b5%d0%bd-%d0%b2%d0%b5%d0%bd%d1%82%d0%b8%d0%bb-%d1%81%d1%8a%d1%81-%d0%b7%d0%b0%d0%b4%d0%b2%d0%b8%d0%b6%d0%ba%d0%b0-caleffi-1m-10-%d1%81%d0%b5%d0%ba/,https://jtclima.bg/wp-content/uploads/2025/07/237556_l.jpeg,Термопомпи,ТРИПЪТЕН ВЕНТИЛ СЪС,Термопомпи,231.62 EUR,,ТРИПЪТЕН ВЕНТИЛ СЪС ЗАДВИЖКА СЕК;Термопомпи;Caleffi;Аксесоари за термопомпи,,,,,,,,,
20404,,Caleffi ТЕМП.90°C,https://jtclima.bg/produkti/termopompi/%d0%b0%d0%ba%d1%81%d0%b5%d1%81%d0%be%d0%b0%d1%80%d0%b8-%d0%b7%d0%b0-%d1%82%d0%b5%d1%80%d0%bc%d0%be%d0%bf%d0%be%d0%bc%d0%bf%d0%b8/caleffi/caleffi-%d0%b0%d0%bd%d1%82%d0%b8%d1%84%d1%80%d0%b8%d0%b9%d0%b7-%d0%b2%d0%b5%d0%bd%d1%82%d0%b8%d0%bb-%d0%b7%d0%b0-%d0%b7%d0%b0%d1%89%d0%b8%d1%82%d0%b0-%d0%be%d1%82-%d0%b7%d0%b0%d0%bc%d1%80%d1%8a-2/,https://jtclima.bg/wp-content/uploads/2025/07/276402_l.jpeg,Термопомпи,АНТИФРИЙЗ ВЕНТИЛ ЗА,Термопомпи,120.15 EUR,,АНТИФРИЙЗ ВЕНТИЛ ЗА ЗАЩИТА ОТ ЗАМРЪЗВАНЕ НА ТЕРМОПОМПИ;Термопомпи;Caleffi;Аксесоари за термопомпи,,,,,,,,,
20398,,Caleffi,https://jtclima.bg/produkti/termopompi/%d0%b0%d0%ba%d1%81%d0%b5%d1%81%d0%be%d0%b0%d1%80%d0%b8-%d0%b7%d0%b0-%d1%82%d0%b5%d1%80%d0%bc%d0%be%d0%bf%d0%be%d0%bc%d0%bf%d0%b8/caleffi/caleffi-%d0%b0%d0%bd%d1%82%d0%b8%d1%84%d1%80%d0%b8%d0%b9%d0%b7-%d0%b2%d0%b5%d0%bd%d1%82%d0%b8%d0%bb-%d0%b7%d0%b0-%d0%b7%d0%b0%d1%89%d0%b8%d1%82%d0%b0-%d0%be%d1%82-%d0%b7%d0%b0%d0%bc%d1%80%d1%8a%d0%b7/,https://jtclima.bg/wp-content/uploads/2025/07/236271_l.jpeg,Caleffi,АНТИФРИЙЗ ВЕНТИЛ ЗА,Caleffi,117.60 EUR,,АНТИФРИЙЗ ВЕНТИЛ ЗА ЗАЩИТА ОТ ЗАМРЪЗВАНЕ НА ТЕРМОПОМПИ;Caleffi;Термопомпи;Аксесоари за термопомпи,,,,,,,,,
20394,,LG PREMTB101,https://jtclima.bg/produkti/klimatici/%d0%b0%d0%ba%d1%81%d0%b5%d1%81%d0%be%d0%b0%d1%80%d0%b8-%d0%b7%d0%b0-%d0%ba%d0%bb%d0%b8%d0%bc%d0%b0%d1%82%d0%b8%d1%86%d0%b8/lg-%d0%b0%d0%ba%d1%81%d0%b5%d1%81%d0%be%d0%b0%d1%80%d0%b8-%d0%b7%d0%b0-%d0%ba%d0%bb%d0%b8%d0%bc%d0%b0%d1%82%d0%b8%d1%86%d0%b8/lg-%d1%81%d1%82%d0%b0%d0%bd%d0%b4%d0%b0%d1%80%d1%82%d0%bd%d0%be-%d0%b6%d0%b8%d1%87%d0%bd%d0%be-%d0%b4%d0%b8%d1%81%d1%82%d0%b0%d0%bd%d1%86%d0%b8%d0%be%d0%bd%d0%bd%d0%be-%d1%83%d0%bf%d1%80%d0%b0%d0%b2/,https://jtclima.bg/wp-content/uploads/2025/07/image.png,Аксесоари за климатици,Стандартно жично,Аксесоари за климатици,193.27 EUR,,Стандартно жично дистанционно управление;Аксесоари за климатици;LG,,,,,,,,,
20391,,LG PWLSSB21H,https://jtclima.bg/produkti/klimatici/%d0%b0%d0%ba%d1%81%d0%b5%d1%81%d0%be%d0%b0%d1%80%d0%b8-%d0%b7%d0%b0-%d0%ba%d0%bb%d0%b8%d0%bc%d0%b0%d1%82%d0%b8%d1%86%d0%b8/lg-%d0%b0%d0%ba%d1%81%d0%b5%d1%81%d0%be%d0%b0%d1%80%d0%b8-%d0%b7%d0%b0-%d0%ba%d0%bb%d0%b8%d0%bc%d0%b0%d1%82%d0%b8%d1%86%d0%b8/lg-%d0%b1%d0%b5%d0%b7%d0%b6%d0%b8%d1%87%d0%bd%d0%be-%d0%b4%d0%b8%d1%81%d1%82%d0%b0%d0%bd%d1%86%d0%b8%d0%be%d0%bd%d0%bd%d0%be-%d1%83%d0%bf%d1%80%d0%b0%d0%b2%d0%bb%d0%b5%d0%bd%d0%b8%d0%b5-pwlssb21h/,https://jtclima.bg/wp-content/uploads/2025/07/bezzhichno-distancionno-upravlenie-lg-pwlssb21h.jpg,Аксесоари за климатици,Безжично дистанционно,Аксесоари за климатици,53.69 EUR,,Безжично дистанционно управление;Аксесоари за климатици;LG,,,,,,,,,
20387,,LG PHRSTA0,https://jtclima.bg/produkti/termopompi/%d0%b0%d0%ba%d1%81%d0%b5%d1%81%d0%be%d0%b0%d1%80%d0%b8-%d0%b7%d0%b0-%d1%82%d0%b5%d1%80%d0%bc%d0%be%d0%bf%d0%be%d0%bc%d0%bf%d0%b8/lg-%d0%b4%d0%b0%d1%82%d1%87%d0%b8%d0%ba-%d0%b7%d0%b0-%d0%b1%d0%be%d0%b9%d0%bb%d0%b5%d1%80-phrsta0/,https://jtclima.bg/wp-content/uploads/2025/07/aksesoari-za-termopompi-viessmann-7438702-89971636.png,Термопомпи,Датчик за бойлер,Термопомпи,58.80 EUR,,Датчик за бойлер;Термопомпи;Аксесоари за термопомпи;Термопомпи LG,,,,,,,,,
20384,,LG PWFMDD200,https://jtclima.bg/produkti/termopompi/%d0%b0%d0%ba%d1%81%d0%b5%d1%81%d0%be%d0%b0%d1%80%d0%b8-%d0%b7%d0%b0-%d1%82%d0%b5%d1%80%d0%bc%d0%be%d0%bf%d0%be%d0%bc%d0%bf%d0%b8/lg-%d0%ba%d0%b0%d0%b1%d0%b5%d0%bb-%d0%b7%d0%b0-%d1%83%d0%b4%d1%8a%d0%bb%d0%b6%d0%b0%d0%b2%d0%b0%d0%bd%d0%b5-%d0%bd%d0%b0-wi-fi-%d0%bc%d0%be%d0%b4%d0%b5%d0%bc-pwfmdd200/,https://jtclima.bg/wp-content/uploads/2025/07/kabel-wi-fi-modem-pwfmdd200-3.jpg,Термопомпи,Кабел за удължаване на,Термопомпи,39.88 EUR,,Кабел за удължаване на модем;Термопомпи;Аксесоари за термопомпи;Термопомпи LG,,,,,,,,,
20379,,LG PWFMDD202,https://jtclima.bg/produkti/termopompi/%d0%b0%d0%ba%d1%81%d0%b5%d1%81%d0%be%d0%b0%d1%80%d0%b8-%d0%b7%d0%b0-%d1%82%d0%b5%d1%80%d0%bc%d0%be%d0%bf%d0%be%d0%bc%d0%bf%d0%b8/lg-wi-fi-%d0%bc%d0%be%d0%b4%d0%b5%d0%bc-pwfmdd200/,https://jtclima.bg/wp-content/uploads/2025/07/pwfmdd200-site.jpg,Термопомпи,модем,Термопомпи,108.00 EUR,,модем;Термопомпи;Аксесоари за термопомпи;Термопомпи LG,,,,,,,,,
19807,,GENERAL ASHH14KMCG-B,https://jtclima.bg/produkti/klimatici/invertorni-klimatici/general-fujitsu/14/general-fujitsu-%d0%b8%d0%bd%d0%b2%d0%b5%d1%80%d1%82%d0%be%d1%80%d0%b5%d0%bd-%d0%ba%d0%bb%d0%b8%d0%bc%d0%b0%d1%82%d0%b8%d0%ba-50-kw-ashh14kmcg-b-14-000-btu/,https://jtclima.bg/wp-content/uploads/2025/06/1-invertoren-klimatik-stenen-general-fujitsu-ashh-kmcg-black1.png,Стенни климатици,инверторен климатик,Стенни климатици,1269.00 EUR,,инверторен климатик;Стенни климатици;General Fujitsu,,,,,,,,,
19799,,GENERAL ASHH12KMCG-B,https://jtclima.bg/produkti/klimatici/invertorni-klimatici/general-fujitsu/12-general-fujitsu/general-fujitsu-%d0%b8%d0%bd%d0%b2%d0%b5%d1%80%d1%82%d0%be%d1%80%d0%b5%d0%bd-%d0%ba%d0%bb%d0%b8%d0%bc%d0%b0%d1%82%d0%b8%d0%ba-35-kw-ashh12kmcg-b-12-000-btu/,https://jtclima.bg/wp-content/uploads/2025/06/1-invertoren-klimatik-stenen-general-fujitsu-ashh-kmcg-black1.png,Стенни климатици,инверторен климатик,Стенни климатици,999.00 EUR,,инверторен климатик;Стенни климатици;General Fujitsu,,,,,,,,,
19795,,GENERAL ASHH09KMCG-B,https://jtclima.bg/produkti/klimatici/invertorni-klimatici/general-fujitsu/9-general-fujitsu/general-fujitsu-%d0%b8%d0%bd%d0%b2%d0%b5%d1%80%d1%82%d0%be%d1%80%d0%b5%d0%bd-%d0%ba%d0%bb%d0%b8%d0%bc%d0%b0%d1%82%d0%b8%d0%ba-25-kw-ashh09kmcg-b-9-000-btu/,https://jtclima.bg/wp-content/uploads/2025/06/1-invertoren-klimatik-stenen-general-fujitsu-ashh-kmcg-black1.png,Стенни климатици,инверторен климатик,Стенни климатици,869.00 EUR,,инверторен климатик;Стенни климатици;General Fujitsu,,,,,,,,,
19732,,LG HM163MRS.UB40,https://jtclima.bg/produkti/termopompi/%d0%bc%d0%be%d0%bd%d0%be%d0%b1%d0%bb%d0%be%d0%ba/lg-%d0%bc%d0%be%d0%bd%d0%be%d0%b1%d0%bb%d0%be%d0%ba/lg-therma-v-new-black-%d1%82%d0%b5%d1%80%d0%bc%d0%be%d0%bf%d0%be%d0%bc%d0%bf%d0%b0-%d0%bc%d0%be%d0%bd%d0%be%d0%b1%d0%bb%d0%be%d0%ba-hm163mrs-ub40/,https://jtclima.bg/wp-content/uploads/2025/06/image-3-scaled.png,Термопомпи,термопомпа моноблок,Термопомпи,6329.00 EUR,5569.00 EUR,термопомпа моноблок;Термопомпи;Термопомпа моноблок;LG;Термопомпи LG,,,,,,,,,
19730,,LG HM143MRS.UB40,https://jtclima.bg/produkti/termopompi/%d0%bc%d0%be%d0%bd%d0%be%d0%b1%d0%bb%d0%be%d0%ba/lg-%d0%bc%d0%be%d0%bd%d0%be%d0%b1%d0%bb%d0%be%d0%ba/lg-therma-v-new-black-%d1%82%d0%b5%d1%80%d0%bc%d0%be%d0%bf%d0%be%d0%bc%d0%bf%d0%b0-%d0%bc%d0%be%d0%bd%d0%be%d0%b1%d0%bb%d0%be%d0%ba-hm143mrs-ub40/,https://jtclima.bg/wp-content/uploads/2025/06/image-3-scaled.png,Термопомпи,термопомпа моноблок,Термопомпи,6129.00 EUR,5389.00 EUR,термопомпа моноблок;Термопомпи;Термопомпа моноблок;LG;Термопомпи LG,,,,,,,,,
19728,,LG HM123MRS.UB40,https://jtclima.bg/produkti/termopompi/%d0%bc%d0%be%d0%bd%d0%be%d0%b1%d0%bb%d0%be%d0%ba/lg-%d0%bc%d0%be%d0%bd%d0%be%d0%b1%d0%bb%d0%be%d0%ba/lg-therma-v-new-black-%d1%82%d0%b5%d1%80%d0%bc%d0%be%d0%bf%d0%be%d0%bc%d0%bf%d0%b0-%d0%bc%d0%be%d0%bd%d0%be%d0%b1%d0%bb%d0%be%d0%ba-hm123mrs-ub40/,https://jtclima.bg/wp-content/uploads/2025/06/image-3-scaled.png,Термопомпи,термопомпа моноблок,Термопомпи,5939.00 EUR,5229.00 EUR,термопомпа моноблок;Термопомпи;Термопомпа моноблок;LG;Термопомпи LG,,,,,,,,,
19726,,LG HM161MRS.UB40,https://jtclima.bg/produkti/termopompi/%d0%bc%d0%be%d0%bd%d0%be%d0%b1%d0%bb%d0%be%d0%ba/lg-%d0%bc%d0%be%d0%bd%d0%be%d0%b1%d0%bb%d0%be%d0%ba/lg-therma-v-new-black-%d1%82%d0%b5%d1%80%d0%bc%d0%be%d0%bf%d0%be%d0%bc%d0%bf%d0%b0-%d0%bc%d0%be%d0%bd%d0%be%d0%b1%d0%bb%d0%be%d0%ba-hm161mrs-ub40/,https://jtclima.bg/wp-content/uploads/2025/06/image-3-scaled.png,Термопомпи,термопомпа моноблок,Термопомпи,6089.00 EUR,5359.00 EUR,термопомпа моноблок;Термопомпи;Термопомпа моноблок;LG;Термопомпи LG,,,,,,,,,
19724,,LG HM141MRS.UB40,https://jtclima.bg/produkti/termopompi/%d0%bc%d0%be%d0%bd%d0%be%d0%b1%d0%bb%d0%be%d0%ba/lg-%d0%bc%d0%be%d0%bd%d0%be%d0%b1%d0%bb%d0%be%d0%ba/lg-therma-v-new-black-%d1%82%d0%b5%d1%80%d0%bc%d0%be%d0%bf%d0%be%d0%bc%d0%bf%d0%b0-%d0%bc%d0%be%d0%bd%d0%be%d0%b1%d0%bb%d0%be%d0%ba-hm141mrs-ub40/,https://jtclima.bg/wp-content/uploads/2025/06/image-3-scaled.png,Термопомпи,термопомпа моноблок,Термопомпи,5939.00 EUR,5229.00 EUR,термопомпа моноблок;Термопомпи;Термопомпа моноблок;LG;Термопомпи LG,,,,,,,,,
19722,,LG HM121MRS.UB40,https://jtclima.bg/produkti/termopompi/%d0%bc%d0%be%d0%bd%d0%be%d0%b1%d0%bb%d0%be%d0%ba/lg-%d0%bc%d0%be%d0%bd%d0%be%d0%b1%d0%bb%d0%be%d0%ba/lg-therma-v-new-black-%d1%82%d0%b5%d1%80%d0%bc%d0%be%d0%bf%d0%be%d0%bc%d0%bf%d0%b0-%d0%bc%d0%be%d0%bd%d0%be%d0%b1%d0%bb%d0%be%d0%ba-hm121mrs-ub40/,https://jtclima.bg/wp-content/uploads/2025/06/image-3-scaled.png,Термопомпи,термопомпа моноблок,Термопомпи,5899.00 EUR,5199.00 EUR,термопомпа моноблок;Термопомпи;Термопомпа моноблок;LG;Термопомпи LG,,,,,,,,,
19720,,LG HM091MRS.UA40,https://jtclima.bg/produkti/termopompi/%d0%bc%d0%be%d0%bd%d0%be%d0%b1%d0%bb%d0%be%d0%ba/lg-%d0%bc%d0%be%d0%bd%d0%be%d0%b1%d0%bb%d0%be%d0%ba/lg-therma-v-new-black-%d1%82%d0%b5%d1%80%d0%bc%d0%be%d0%bf%d0%be%d0%bc%d0%bf%d0%b0-%d0%bc%d0%be%d0%bd%d0%be%d0%b1%d0%bb%d0%be%d0%ba-hm091mrs-ua40/,https://jtclima.bg/wp-content/uploads/2025/06/image-1-1-scaled.png,Термопомпи,термопомпа моноблок,Термопомпи,4765.00 EUR,4193.00 EUR,термопомпа моноблок;Термопомпи;Термопомпа моноблок;LG;Термопомпи LG,,,,,,,,,
19717,,LG HM071MRS.UA40,https://jtclima.bg/produkti/termopompi/%d0%bc%d0%be%d0%bd%d0%be%d0%b1%d0%bb%d0%be%d0%ba/lg-%d0%bc%d0%be%d0%bd%d0%be%d0%b1%d0%bb%d0%be%d0%ba/lg-therma-v-new-black-%d1%82%d0%b5%d1%80%d0%bc%d0%be%d0%bf%d0%be%d0%bc%d0%bf%d0%b0-%d0%bc%d0%be%d0%bd%d0%be%d0%b1%d0%bb%d0%be%d0%ba-hm071mrs-ua40/,https://jtclima.bg/wp-content/uploads/2025/06/image-1-1-scaled.png,Термопомпи,термопомпа моноблок,Термопомпи,4675.00 EUR,4114.00 EUR,термопомпа моноблок;Термопомпи;Термопомпа моноблок;LG;Термопомпи LG,,,,,,,,,
19711,,LG RM2U19.U24,https://jtclima.bg/produkti/klimatici/multisplit-sistemi/lg/lg-%d0%b8%d0%bd%d0%b2%d0%b5%d1%80%d1%82%d0%be%d1%80%d0%bd%d0%b0-%d0%bc%d1%83%d0%bb%d1%82%d0%b8-%d1%81%d0%bf%d0%bb%d0%b8%d1%82-%d1%81%d0%b8%d1%81%d1%82%d0%b5%d0%bc%d0%b0-3-%d0%b2-1-rm2u19-u24/,https://jtclima.bg/wp-content/uploads/2025/06/1600-1.png,LG,инверторна мулти сплит,LG,1938.00 EUR,1703.00 EUR,инверторна мулти сплит система в;LG;Мултисплит системи,,,,,,,,,
19701,,LG RM2U19.U24,https://jtclima.bg/produkti/klimatici/multisplit-sistemi/lg/lg-%d0%b8%d0%bd%d0%b2%d0%b5%d1%80%d1%82%d0%be%d1%80%d0%bd%d0%b0-%d0%bc%d1%83%d0%bb%d1%82%d0%b8-%d1%81%d0%bf%d0%bb%d0%b8%d1%82-%d1%81%d0%b8%d1%81%d1%82%d0%b5%d0%bc%d0%b0-2-%d0%b2-1-rm2u19-u24/,https://jtclima.bg/wp-content/uploads/2025/06/large01-1.jpg,LG,инверторна мулти сплит,LG,1616.00 EUR,1416.00 EUR,инверторна мулти сплит система в;LG;Мултисплит системи,,,,,,,,,
19694,,LG HM051MRS.UA40,https://jtclima.bg/produkti/termopompi/%d0%bc%d0%be%d0%bd%d0%be%d0%b1%d0%bb%d0%be%d0%ba/lg-%d0%bc%d0%be%d0%bd%d0%be%d0%b1%d0%bb%d0%be%d0%ba/lg-therma-v-new-black-%d1%82%d0%b5%d1%80%d0%bc%d0%be%d0%bf%d0%be%d0%bc%d0%bf%d0%b0-%d0%bc%d0%be%d0%bd%d0%be%d0%b1%d0%bb%d0%be%d0%ba-hm051mrs-ua40/,https://jtclima.bg/wp-content/uploads/2025/06/image-1-1-scaled.png,Термопомпи,термопомпа моноблок,Термопомпи,4583.00 EUR,4033.00 EUR,термопомпа моноблок;Термопомпи;Термопомпа моноблок;LG;Термопомпи LG,,,,,,,,,
19677,,LG RM2U15.U18,https://jtclima.bg/produkti/klimatici/multisplit-sistemi/lg/lg-%d0%b8%d0%bd%d0%b2%d0%b5%d1%80%d1%82%d0%be%d1%80%d0%bd%d0%b0-%d0%bc%d1%83%d0%bb%d1%82%d0%b8-%d1%81%d0%bf%d0%bb%d0%b8%d1%82-%d1%81%d0%b8%d1%81%d1%82%d0%b5%d0%bc%d0%b0-2-%d0%b2-1-rm2u15-u18/,https://jtclima.bg/wp-content/uploads/2025/06/1100-001.jpg,LG,инверторна мулти сплит,LG,1503.00 EUR,1319.00 EUR,инверторна мулти сплит система в;LG;Мултисплит системи,,,,,,,,,
19546,,LG H24S1DА,https://jtclima.bg/produkti/klimatici/invertorni-klimatici/lg-invertorni-klimatici/24-lg-invertorni-klimatici/lg-%d0%b8%d0%bd%d0%b2%d0%b5%d1%80%d1%82%d0%be%d1%80%d0%b5%d0%bd-%d0%ba%d0%bb%d0%b8%d0%bc%d0%b0%d1%82%d0%b8-new-ai-air-deluxe-70-kw-h24s1d%d0%b0-24-000-btu/,https://jtclima.bg/wp-content/uploads/2025/06/DZ-01.jpg,Стенни климатици,инверторен климати,Стенни климатици,1774.00 EUR,1473.00 EUR,инверторен климати;Стенни климатици;LG,,,,,,,,,
19544,,LG H18S1DА,https://jtclima.bg/produkti/klimatici/invertorni-klimatici/lg-invertorni-klimatici/18-lg-invertorni-klimatici/lg-%d0%b8%d0%bd%d0%b2%d0%b5%d1%80%d1%82%d0%be%d1%80%d0%b5%d0%bd-%d0%ba%d0%bb%d0%b8%d0%bc%d0%b0%d1%82%d0%b8-new-ai-air-deluxe-50-kw-h18s1d%d0%b0-18-000-btu/,https://jtclima.bg/wp-content/uploads/2025/06/DZ-01.jpg,Стенни климатици,инверторен климати,Стенни климатици,1590.00 EUR,1319.00 EUR,инверторен климати;Стенни климатици;LG,,,,,,,,,
19541,,LG H12S1DА,https://jtclima.bg/produkti/klimatici/invertorni-klimatici/lg-invertorni-klimatici/12-lg-invertorni-klimatici/lg-%d0%b8%d0%bd%d0%b2%d0%b5%d1%80%d1%82%d0%be%d1%80%d0%b5%d0%bd-%d0%ba%d0%bb%d0%b8%d0%bc%d0%b0%d1%82%d0%b8-new-ai-air-deluxe-35-kw-h12s1d%d0%b0-12-000-btu/,https://jtclima.bg/wp-content/uploads/2025/06/DZ-01.jpg,Стенни климатици,инверторен климати,Стенни климатици,1109.00 EUR,910.00 EUR,инверторен климати;Стенни климатици;LG,,,,,,,,,
19539,,LG H09S1DА,https://jtclima.bg/produkti/klimatici/invertorni-klimatici/lg-invertorni-klimatici/9-lg-invertorni-klimatici/lg-%d0%b8%d0%bd%d0%b2%d0%b5%d1%80%d1%82%d0%be%d1%80%d0%b5%d0%bd-%d0%ba%d0%bb%d0%b8%d0%bc%d0%b0%d1%82%d0%b8-new-ai-air-deluxe-25-kw-h09s1d%d0%b0-9000-btu/,https://jtclima.bg/wp-content/uploads/2025/06/DZ-01.jpg,Стенни климатици,инверторен климати,Стенни климатици,1058.00 EUR,879.00 EUR,инверторен климати;Стенни климатици;LG,,,,,,,,,
19533,,LG H12S1PА,https://jtclima.bg/produkti/klimatici/invertorni-klimatici/lg-invertorni-klimatici/12-lg-invertorni-klimatici/lg-%d0%b8%d0%bd%d0%b2%d0%b5%d1%80%d1%82%d0%be%d1%80%d0%b5%d0%bd-%d0%ba%d0%bb%d0%b8%d0%bc%d0%b0%d1%82%d0%b8-new-ai-air-premium-25-kw-h12s1p%d0%b0-12-000-btu/,https://jtclima.bg/wp-content/uploads/2025/06/DZ-01.jpg,Стенни климатици,инверторен климати,Стенни климатици,1473.00 EUR,1253.00 EUR,инверторен климати;Стенни климатици;LG,,,,,,,,,
19510,,LG H09S1PА,https://jtclima.bg/produkti/klimatici/invertorni-klimatici/lg-invertorni-klimatici/9-lg-invertorni-klimatici/lg-%d0%b8%d0%bd%d0%b2%d0%b5%d1%80%d1%82%d0%be%d1%80%d0%b5%d0%bd-%d0%ba%d0%bb%d0%b8%d0%bc%d0%b0%d1%82%d0%b8-new-ai-air-premium-25-kw-h09s1p%d0%b0-9000-btu/,https://jtclima.bg/wp-content/uploads/2025/06/DZ-01.jpg,Стенни климатици,инверторен климати,Стенни климатици,1421.00 EUR,1212.00 EUR,инверторен климати;Стенни климатици;LG,,,,,,,,,
19503,,LG AA18SP,https://jtclima.bg/produkti/klimatici/invertorni-klimatici/lg-invertorni-klimatici/18-lg-invertorni-klimatici/lg-%d0%b8%d0%bd%d0%b2%d0%b5%d1%80%d1%82%d0%be%d1%80%d0%b5%d0%bd-%d0%ba%d0%bb%d0%b8%d0%bc%d0%b0%d1%82%d0%b8-new-ai-artcool-mirror-50-kw-aa18sp-18-000-btu/,https://jtclima.bg/wp-content/uploads/2025/06/large01.jpg,Стенни климатици,инверторен климати,Стенни климатици,1662.00 EUR,1416.00 EUR,инверторен климати;Стенни климатици;LG,,,,,,,,,
19498,,LG AA12SP,https://jtclima.bg/produkti/klimatici/invertorni-klimatici/lg-invertorni-klimatici/12-lg-invertorni-klimatici/lg-%d0%b8%d0%bd%d0%b2%d0%b5%d1%80%d1%82%d0%be%d1%80%d0%b5%d0%bd-%d0%ba%d0%bb%d0%b8%d0%bc%d0%b0%d1%82%d0%b8-new-ai-artcool-mirror-35-kw-aa12sp-12-000-btu/,https://jtclima.bg/wp-content/uploads/2025/06/large01.jpg,Стенни климатици,инверторен климати,Стенни климатици,1534.00 EUR,1258.00 EUR,инверторен климати;Стенни климатици;LG,,,,,,,,,
19453,,LG AA09SP,https://jtclima.bg/produkti/klimatici/invertorni-klimatici/lg-invertorni-klimatici/9-lg-invertorni-klimatici/lg-%d0%b8%d0%bd%d0%b2%d0%b5%d1%80%d1%82%d0%be%d1%80%d0%b5%d0%bd-%d0%ba%d0%bb%d0%b8%d0%bc%d0%b0%d1%82%d0%b8-new-ai-artcool-mirror-25-kw-aa09sp-9000-btu/,https://jtclima.bg/wp-content/uploads/2025/06/large01.jpg,Стенни климатици,инверторен климати,Стенни климатици,1467.00 EUR,1207.00 EUR,инверторен климати;Стенни климатици;LG,,,,,,,,,
19351,,Tesy,https://jtclima.bg/produkti/boileri/termopompen-boiler/tesy-%d1%82%d0%b5%d1%80%d0%bc%d0%be%d0%bf%d0%be%d0%bc%d0%bf%d0%b5%d0%bd-%d0%b1%d0%be%d0%b9%d0%bb%d0%b5%d1%80-aquathermica-%d1%81-%d1%82%d0%be%d0%bf%d0%bb%d0%be%d0%be%d0%b1%d0%bc%d0%b5%d0%bd%d0%bd-2/,https://jtclima.bg/wp-content/uploads/2025/05/HPWH-3.1-200-S-close-view-scaled.jpg,Термопомпени бойлери,термопомпен бойлер с,Термопомпени бойлери,1866.00 EUR,1585.00 EUR,термопомпен бойлер с топлообменник;Термопомпени бойлери;Бойлери и буфери;Tesy,,,,,,,,,
19348,,Tesy,https://jtclima.bg/produkti/boileri/termopompen-boiler/tesy-%d1%82%d0%b5%d1%80%d0%bc%d0%be%d0%bf%d0%be%d0%bc%d0%bf%d0%b5%d0%bd-%d0%b1%d0%be%d0%b9%d0%bb%d0%b5%d1%80-aquathermica-%d1%81-%d1%82%d0%be%d0%bf%d0%bb%d0%be%d0%be%d0%b1%d0%bc%d0%b5%d0%bd%d0%bd/,https://jtclima.bg/wp-content/uploads/2025/05/HPWH-3.1-200-S-close-view-scaled.jpg,Термопомпени бойлери,термопомпен бойлер с,Термопомпени бойлери,1815.00 EUR,1524.00 EUR,термопомпен бойлер с топлообменник;Термопомпени бойлери;Бойлери и буфери;Tesy,,,,,,,,,
19345,,Tesy,https://jtclima.bg/produkti/boileri/termopompen-boiler/tesy-%d1%82%d0%b5%d1%80%d0%bc%d0%be%d0%bf%d0%be%d0%bc%d0%bf%d0%b5%d0%bd-%d0%b1%d0%be%d0%b9%d0%bb%d0%b5%d1%80-aquathermica-eco-260/,https://jtclima.bg/wp-content/uploads/2025/05/HPWH-3.1-200-S-close-view-scaled.jpg,Термопомпени бойлери,термопомпен бойлер без,Термопомпени бойлери,1764.00 EUR,1478.00 EUR,термопомпен бойлер без топлообменник;Термопомпени бойлери;Бойлери и буфери;Tesy,,,,,,,,,
19340,,Tesy,https://jtclima.bg/produkti/boileri/termopompen-boiler/tesy-%d1%82%d0%b5%d1%80%d0%bc%d0%be%d0%bf%d0%be%d0%bc%d0%bf%d0%b5%d0%bd-%d0%b1%d0%be%d0%b9%d0%bb%d0%b5%d1%80-aquathermica-compact-150-copy/,https://jtclima.bg/wp-content/uploads/2025/05/HPWH-3.1-200-S-close-view-scaled.jpg,Термопомпени бойлери,термопомпен бойлер без,Термопомпени бойлери,1738.00 EUR,1457.00 EUR,термопомпен бойлер без топлообменник;Термопомпени бойлери;Бойлери и буфери;Tesy,,,,,,,,,
19338,,Tesy,https://jtclima.bg/produkti/boileri/termopompen-boiler/tesy-%d1%82%d0%b5%d1%80%d0%bc%d0%be%d0%bf%d0%be%d0%bc%d0%bf%d0%b5%d0%bd-%d0%b1%d0%be%d0%b9%d0%bb%d0%b5%d1%80-aquathermica-compact-150/,https://jtclima.bg/wp-content/uploads/2025/05/HPWH-3.2-150-Solid-scaled.jpg,Термопомпени бойлери,термопомпен бойлер,Термопомпени бойлери,1426.00 EUR,1212.00 EUR,термопомпен бойлер;Термопомпени бойлери;Бойлери и буфери;Tesy,,,,,,,,,
19329,,Tesy,https://jtclima.bg/produkti/boileri/termopompen-boiler/tesy-%d1%82%d0%b5%d1%80%d0%bc%d0%be%d0%bf%d0%be%d0%bc%d0%bf%d0%b5%d0%bd-%d0%b1%d0%be%d0%b9%d0%bb%d0%b5%d1%80-aquathermica-compact-100/,https://jtclima.bg/wp-content/uploads/2025/05/HPWH-3.2-150-Solid-scaled.jpg,Термопомпени бойлери,термопомпен бойлер,Термопомпени бойлери,1329.00 EUR,1130.00 EUR,термопомпен бойлер;Термопомпени бойлери;Бойлери и буфери;Tesy,,,,,,,,,
19327,,Tesy,https://jtclima.bg/produkti/boileri/vertikalni-boileri/tesy-%d0%b1%d1%83%d1%84%d0%b5%d1%80-%d0%b5%d0%bc%d0%b0%d0%b9%d0%bb%d0%b8%d1%80%d0%b0%d0%bd-%d0%b0%d0%bd%d1%82%d0%b8-%d0%ba%d0%be%d0%bd%d0%b4%d0%b5%d0%bd%d0%b7-%d0%b5v-200-60-acf-w/,https://jtclima.bg/wp-content/uploads/2025/05/EV-160-60-ACF-PS-scaled.jpg,Буферни съдове,буфер емайлиран „Анти,Буферни съдове,557.00 EUR,475.00 EUR,буфер емайлиран „Анти конденз”;Буферни съдове;Бойлери и буфери;Tesy,,,,,,,,,
19324,,Tesy,https://jtclima.bg/produkti/boileri/vertikalni-boileri/tesy-%d0%b1%d1%83%d1%84%d0%b5%d1%80-%d0%b5%d0%bc%d0%b0%d0%b9%d0%bb%d0%b8%d1%80%d0%b0%d0%bd-%d0%b0%d0%bd%d1%82%d0%b8-%d0%ba%d0%be%d0%bd%d0%b4%d0%b5%d0%bd%d0%b7-%d0%b5v-160-60-acf-w/,https://jtclima.bg/wp-content/uploads/2025/05/EV-160-60-ACF-PS-scaled.jpg,Буферни съдове,буфер емайлиран „Анти,Буферни съдове,537.00 EUR,460.00 EUR,буфер емайлиран „Анти конденз”;Буферни съдове;Бойлери и буфери;Tesy,,,,,,,,,
19322,,Tesy,https://jtclima.bg/produkti/boileri/vertikalni-boileri/tesy-%d0%b1%d1%83%d1%84%d0%b5%d1%80-%d0%bd%d0%b5%d0%b5%d0%bc%d0%b0%d0%b9%d0%bb%d0%b8%d1%80%d0%b0%d0%bd-%d0%b0%d0%bd%d1%82%d0%b8-%d0%ba%d0%be%d0%bd%d0%b4%d0%b5%d0%bd%d0%b7-v-200-60-a/,https://jtclima.bg/wp-content/uploads/2025/05/V200_white.jpg,Буферни съдове,буфер неемайлиран „Анти,Буферни съдове,506.00 EUR,429.00 EUR,буфер неемайлиран „Анти конденз”;Буферни съдове;Бойлери и буфери;Tesy,,,,,,,,,
19319,,Tesy,https://jtclima.bg/produkti/boileri/vertikalni-boileri/tesy-%d0%b1%d1%83%d1%84%d0%b5%d1%80-%d0%bd%d0%b5%d0%b5%d0%bc%d0%b0%d0%b9%d0%bb%d0%b8%d1%80%d0%b0%d0%bd-%d0%b0%d0%bd%d1%82%d0%b8-%d0%ba%d0%be%d0%bd%d0%b4%d0%b5%d0%bd%d0%b7-v-160-60-a/,https://jtclima.bg/wp-content/uploads/2025/05/V200_white.jpg,Буферни съдове,буфер неемайлиран „Анти,Буферни съдове,460.00 EUR,393.18 EUR,буфер неемайлиран „Анти конденз”;Буферни съдове;Бойлери и буфери;Tesy,,,,,,,,,
19315,,Tesy,https://jtclima.bg/produkti/boileri/vertikalni-boileri/tesy-%d0%b1%d1%83%d1%84%d0%b5%d1%80-%d0%bd%d0%b5%d0%b5%d0%bc%d0%b0%d0%b9%d0%bb%d0%b8%d1%80%d0%b0%d0%bd-%d0%b0%d0%bd%d1%82%d0%b8-%d0%ba%d0%be%d0%bd%d0%b4%d0%b5%d0%bd%d0%b7-v-100-55-a/,https://jtclima.bg/wp-content/uploads/2025/05/V100_white.jpg,Буферни съдове,буфер неемайлиран „Анти,Буферни съдове,409.00 EUR,347.17 EUR,буфер неемайлиран „Анти конденз”;Буферни съдове;Бойлери и буфери;Tesy,,,,,,,,,
19313,,Tesy S2,https://jtclima.bg/produkti/boileri/%d1%81%d1%82%d0%be%d1%8f%d1%89%d0%b8-%d0%b1%d0%be%d0%b9%d0%bb%d0%b5%d1%80%d0%b8/tesy-%d0%b1%d0%be%d0%b9%d0%bb%d0%b5%d1%80-%d1%81-%d0%b4%d0%b2%d0%b0-%d0%b4%d0%b2%d0%be%d0%b9%d0%bd%d0%be%d0%bd%d0%b0%d0%b2%d0%b8%d1%82%d0%b8-%d1%82%d0%be%d0%bf%d0%bb%d0%be%d0%be%d0%b1%d0%b5%d0%bd-5/,https://jtclima.bg/wp-content/uploads/2025/05/EV-2x9-2x27-1000-520x700px.jpg,Бойлери и буфери,бойлер с два,Бойлери и буфери,2781.00 EUR,2337.00 EUR,бойлер с два двойнонавити топлообенника;Бойлери и буфери;Стоящ бойлер;Tesy,,,,,,,,,
19310,,Tesy S2,https://jtclima.bg/produkti/boileri/%d1%81%d1%82%d0%be%d1%8f%d1%89%d0%b8-%d0%b1%d0%be%d0%b9%d0%bb%d0%b5%d1%80%d0%b8/tesy-%d0%b1%d0%be%d0%b9%d0%bb%d0%b5%d1%80-%d1%81-%d0%b4%d0%b2%d0%b0-%d0%b4%d0%b2%d0%be%d0%b9%d0%bd%d0%be%d0%bd%d0%b0%d0%b2%d0%b8%d1%82%d0%b8-%d1%82%d0%be%d0%bf%d0%bb%d0%be%d0%be%d0%b1%d0%b5%d0%bd-4/,https://jtclima.bg/wp-content/uploads/2025/05/EV-2x9-2x27-1000-520x700px.jpg,Бойлери и буфери,бойлер с два,Бойлери и буфери,2582.00 EUR,2173.00 EUR,бойлер с два двойнонавити топлообенника;Бойлери и буфери;Стоящ бойлер;Tesy,,,,,,,,,
19305,,Alltherm,https://jtclima.bg/produkti/radiatori/liri-za-bania/alltherm-%d0%b0%d0%bb%d1%83%d0%bc%d0%b8%d0%bd%d0%b8%d0%b5%d0%b2%d0%b0-%d0%bb%d0%b8%d1%80%d0%b0-%d0%b2%d0%b8%d1%81%d0%be%d1%87%d0%b8%d0%bd%d0%b0-1670-%d0%bc%d0%bc-28800-%d0%bb%d0%b2/,https://jtclima.bg/wp-content/uploads/2025/05/model-NBM-1.png,Лири за баня,алуминиева лира Височина,Лири за баня,174.00 EUR,,алуминиева лира Височина мм;Лири за баня;Alltherm;Радиатори,,,,,,,,,
19300,,Alltherm,https://jtclima.bg/produkti/radiatori/liri-za-bania/alltherm-%d0%b0%d0%bb%d1%83%d0%bc%d0%b8%d0%bd%d0%b8%d0%b5%d0%b2%d0%b0-%d0%bb%d0%b8%d1%80%d0%b0-%d0%b2%d0%b8%d1%81%d0%be%d1%87%d0%b8%d0%bd%d0%b0-1130-%d0%bc%d0%bc-20600-%d0%bb%d0%b2/,https://jtclima.bg/wp-content/uploads/2025/05/model-NBM-1.png,Лири за баня,алуминиева лира Височина,Лири за баня,125.00 EUR,,алуминиева лира Височина мм;Лири за баня;Alltherm;Радиатори,,,,,,,,,
19294,,Alltherm,https://jtclima.bg/produkti/radiatori/liri-za-bania/alltherm-%d0%b0%d0%bb%d1%83%d0%bc%d0%b8%d0%bd%d0%b8%d0%b5%d0%b2%d0%b0-%d0%bb%d0%b8%d1%80%d0%b0-%d0%b2%d0%b8%d1%81%d0%be%d1%87%d0%b8%d0%bd%d0%b0-770-%d0%bc%d0%bc-14700-%d0%bb%d0%b2/,https://jtclima.bg/wp-content/uploads/2025/05/model-NBM-1.png,Лири за баня,алуминиева лира Височина,Лири за баня,95.00 EUR,,алуминиева лира Височина мм;Лири за баня;Alltherm;Радиатори,,,,,,,,,
19278,,Radiatori,https://jtclima.bg/produkti/radiatori/aluminievi-radiaroti/radiatori-2000-%d0%b0%d0%bb%d1%83%d0%bc%d0%b8%d0%bd%d0%b8%d0%b5%d0%b2-%d1%80%d0%b0%d0%b4%d0%b8%d0%b0%d1%82%d0%be%d1%80-%d1%82%d0%b8%d0%bf-ottimo-3800-%d0%bb%d0%b2/,https://jtclima.bg/wp-content/uploads/2025/05/aluminiev-radiator-ottimo-500_5108.jpg,Алуминиеви радиатори,алуминиев радиатор тип,Алуминиеви радиатори,23.00 EUR,,алуминиев радиатор тип;Алуминиеви радиатори;Радиатори;Radiatori 2000,,,,,,,,,
19271,,Radiatori,https://jtclima.bg/produkti/radiatori/aluminievi-radiaroti/radiatori-2000-%d0%b0%d0%bb%d1%83%d0%bc%d0%b8%d0%bd%d0%b8%d0%b5%d0%b2-%d1%80%d0%b0%d0%b4%d0%b8%d0%b0%d1%82%d0%be%d1%80-%d1%82%d0%b8%d0%bf-kalis-10500-%d0%bb%d0%b2/,https://jtclima.bg/wp-content/uploads/2025/05/aluminiev-radiator-kalis-1000_9578.jpg,Алуминиеви радиатори,алуминиев радиатор тип,Алуминиеви радиатори,59.00 EUR,,алуминиев радиатор тип;Алуминиеви радиатори;Радиатори;Radiatori 2000,,,,,,,,,
19262,,Radiatori,https://jtclima.bg/produkti/radiatori/aluminievi-radiaroti/hirapan-%d1%81%d1%82%d0%be%d0%bc%d0%b0%d0%bd%d0%b5%d0%bd%d0%b0-%d0%bb%d0%b8%d1%80%d0%b0-%d1%88%d0%b8%d1%80%d0%be%d1%87%d0%b8%d0%bd%d0%b0-600-7400-%d0%bb%d0%b2-copy/,https://jtclima.bg/wp-content/uploads/2025/05/SOZOPOL.jpg,Алуминиеви радиатори,алуминиев радиатор тип,Алуминиеви радиатори,15.00 EUR,,алуминиев радиатор тип;Алуминиеви радиатори;Радиатори;Radiatori 2000,,,,,,,,,
19260,,Tesy S2,https://jtclima.bg/produkti/boileri/%d1%81%d1%82%d0%be%d1%8f%d1%89%d0%b8-%d0%b1%d0%be%d0%b9%d0%bb%d0%b5%d1%80%d0%b8/tesy-%d0%b1%d0%be%d0%b9%d0%bb%d0%b5%d1%80-%d1%81-%d0%b4%d0%b2%d0%b0-%d0%b4%d0%b2%d0%be%d0%b9%d0%bd%d0%be%d0%bd%d0%b0%d0%b2%d0%b8%d1%82%d0%b8-%d1%82%d0%be%d0%bf%d0%bb%d0%be%d0%be%d0%b1%d0%b5%d0%bd-3/,https://jtclima.bg/wp-content/uploads/2025/05/EV-2x9-2x27-1000-520x700px.jpg,Бойлери и буфери,бойлер с два,Бойлери и буфери,1687.00 EUR,1416.00 EUR,бойлер с два двойнонавити топлообенника;Бойлери и буфери;Стоящ бойлер;Tesy,,,,,,,,,
19258,,Tesy S2,https://jtclima.bg/produkti/boileri/%d1%81%d1%82%d0%be%d1%8f%d1%89%d0%b8-%d0%b1%d0%be%d0%b9%d0%bb%d0%b5%d1%80%d0%b8/tesy-%d0%b1%d0%be%d0%b9%d0%bb%d0%b5%d1%80-%d1%81-%d0%b4%d0%b2%d0%b0-%d0%b4%d0%b2%d0%be%d0%b9%d0%bd%d0%be%d0%bd%d0%b0%d0%b2%d0%b8%d1%82%d0%b8-%d1%82%d0%be%d0%bf%d0%bb%d0%be%d0%be%d0%b1%d0%b5%d0%bd-2/,https://jtclima.bg/wp-content/uploads/2025/05/EV-2x9-2x27-1000-520x700px.jpg,Бойлери и буфери,бойлер с два,Бойлери и буфери,1278.00 EUR,1084.00 EUR,бойлер с два двойнонавити топлообенника;Бойлери и буфери;Стоящ бойлер;Tesy,,,,,,,,,
19256,,Tesy S2,https://jtclima.bg/produkti/boileri/%d1%81%d1%82%d0%be%d1%8f%d1%89%d0%b8-%d0%b1%d0%be%d0%b9%d0%bb%d0%b5%d1%80%d0%b8/tesy-%d0%b1%d0%be%d0%b9%d0%bb%d0%b5%d1%80-%d1%81-%d0%b4%d0%b2%d0%b0-%d0%b4%d0%b2%d0%be%d0%b9%d0%bd%d0%be%d0%bd%d0%b0%d0%b2%d0%b8%d1%82%d0%b8-%d1%82%d0%be%d0%bf%d0%bb%d0%be%d0%be%d0%b1%d0%b5%d0%bd/,https://jtclima.bg/wp-content/uploads/2025/05/EV-2x9-2x27-1000-520x700px.jpg,Бойлери и буфери,бойлер с два,Бойлери и буфери,1023.00 EUR,869.00 EUR,бойлер с два двойнонавити топлообенника;Бойлери и буфери;Стоящ бойлер;Tesy,,,,,,,,,
19254,,Tesy,https://jtclima.bg/produkti/boileri/%d1%81%d1%82%d0%be%d1%8f%d1%89%d0%b8-%d0%b1%d0%be%d0%b9%d0%bb%d0%b5%d1%80%d0%b8/tesy-%d0%b1%d0%be%d0%b9%d0%bb%d0%b5%d1%80-%d1%81-%d0%b4%d0%b2%d0%be%d0%b9%d0%bd%d0%be%d0%bd%d0%b0%d0%b2%d0%b8%d1%82-%d1%82%d0%be%d0%bf%d0%bb%d0%be%d0%be%d0%b1%d0%b5%d0%bd%d0%bd%d0%b8%d0%ba-ev-2x23-s/,https://jtclima.bg/wp-content/uploads/2025/05/bojleri-tesy-podov-montazh-dve-serpentini-s-uvelichena-plosht-160-l-_7719.jpg,Бойлери и буфери,бойлер с двойнонавит,Бойлери и буфери,1467.00 EUR,1248.00 EUR,бойлер с двойнонавит топлообенник;Бойлери и буфери;Стоящ бойлер;Tesy,,,,,,,,,
19252,,Tesy,https://jtclima.bg/produkti/boileri/%d1%81%d1%82%d0%be%d1%8f%d1%89%d0%b8-%d0%b1%d0%be%d0%b9%d0%bb%d0%b5%d1%80%d0%b8/tesy-%d0%b1%d0%be%d0%b9%d0%bb%d0%b5%d1%80-%d1%81-%d0%b4%d0%b2%d0%be%d0%b9%d0%bd%d0%be%d0%bd%d0%b0%d0%b2%d0%b8%d1%82-%d1%82%d0%be%d0%bf%d0%bb%d0%be%d0%be%d0%b1%d0%b5%d0%bd%d0%bd%d0%b8%d0%ba-ev-2x19-s/,https://jtclima.bg/wp-content/uploads/2025/05/bojleri-tesy-podov-montazh-dve-serpentini-s-uvelichena-plosht-160-l-_7719.jpg,Бойлери и буфери,бойлер с двойнонавит,Бойлери и буфери,1120.00 EUR,918.00 EUR,бойлер с двойнонавит топлообенник;Бойлери и буфери;Стоящ бойлер;Tesy,,,,,,,,,
19250,,Tesy,https://jtclima.bg/produkti/boileri/%d1%81%d1%82%d0%be%d1%8f%d1%89%d0%b8-%d0%b1%d0%be%d0%b9%d0%bb%d0%b5%d1%80%d0%b8/tesy-%d0%b1%d0%be%d0%b9%d0%bb%d0%b5%d1%80-%d1%81-%d0%b4%d0%b2%d0%be%d0%b9%d0%bd%d0%be%d0%bd%d0%b0%d0%b2%d0%b8%d1%82-%d1%82%d0%be%d0%bf%d0%bb%d0%be%d0%be%d0%b1%d0%b5%d0%bd%d0%bd%d0%b8%d0%ba-ev-2x15-s/,https://jtclima.bg/wp-content/uploads/2025/05/bojleri-tesy-podov-montazh-dve-serpentini-s-uvelichena-plosht-160-l-_7719.jpg,Бойлери и буфери,бойлер с двойнонавит,Бойлери и буфери,818.00 EUR,695.00 EUR,бойлер с двойнонавит топлообенник;Бойлери и буфери;Стоящ бойлер;Tesy,,,,,,,,,
19246,,Tesy,https://jtclima.bg/produkti/boileri/%d1%81%d1%82%d0%be%d1%8f%d1%89%d0%b8-%d0%b1%d0%be%d0%b9%d0%bb%d0%b5%d1%80%d0%b8/tesy-%d0%b1%d0%be%d0%b9%d0%bb%d0%b5%d1%80-%d1%81-%d0%b4%d0%b2%d0%be%d0%b9%d0%bd%d0%be%d0%bd%d0%b0%d0%b2%d0%b8%d1%82-%d1%82%d0%be%d0%bf%d0%bb%d0%be%d0%be%d0%b1%d0%b5%d0%bd%d0%bd%d0%b8%d0%ba-ev-2x10-s/,https://jtclima.bg/wp-content/uploads/2025/05/bojleri-tesy-podov-montazh-dve-serpentini-s-uvelichena-plosht-160-l-_7719.jpg,Бойлери и буфери,бойлер с двойнонавит,Бойлери и буфери,772.00 EUR,654.00 EUR,бойлер с двойнонавит топлообенник;Бойлери и буфери;Стоящ бойлер;Tesy,,,,,,,,,
19244,,Hirapan,https://jtclima.bg/produkti/radiatori/liri-za-bania/hirapan-%d1%81%d1%82%d0%be%d0%bc%d0%b0%d0%bd%d0%b5%d0%bd%d0%b0-%d0%bb%d0%b8%d1%80%d0%b0-%d1%88%d0%b8%d1%80%d0%be%d1%87%d0%b8%d0%bd%d0%b0-600-7400-%d0%bb%d0%b2/,https://jtclima.bg/wp-content/uploads/2025/05/img_1118_3538-800x800-550x550-500x500-1.jpg,Лири за баня,стоманена лира Широчина,Лири за баня,40.00 EUR,,стоманена лира Широчина;Лири за баня;Радиатори;Hirapan,,,,,,,,,
19242,,Hirapan,https://jtclima.bg/produkti/radiatori/liri-za-bania/hirapan-%d1%81%d1%82%d0%be%d0%bc%d0%b0%d0%bd%d0%b5%d0%bd%d0%b0-%d0%bb%d0%b8%d1%80%d0%b0-%d1%88%d0%b8%d1%80%d0%be%d1%87%d0%b8%d0%bd%d0%b0-500-7000-%d0%bb%d0%b2/,https://jtclima.bg/wp-content/uploads/2025/05/img_1118_3538-800x800-550x550-500x500-1.jpg,Лири за баня,стоманена лира Широчина,Лири за баня,37.00 EUR,,стоманена лира Широчина;Лири за баня;Радиатори;Hirapan,,,,,,,,,
19237,,Hirapan,https://jtclima.bg/produkti/radiatori/liri-za-bania/hirapan-%d1%81%d1%82%d0%be%d0%bc%d0%b0%d0%bd%d0%b5%d0%bd%d0%b0-%d0%bb%d0%b8%d1%80%d0%b0-%d1%88%d0%b8%d1%80%d0%be%d1%87%d0%b8%d0%bd%d0%b0-400-6500-%d0%bb%d0%b2/,https://jtclima.bg/wp-content/uploads/2025/05/img_1118_3538-800x800-550x550-500x500-1.jpg,Лири за баня,стоманена лира Широчина,Лири за баня,35.00 EUR,,стоманена лира Широчина;Лири за баня;Радиатори;Hirapan,,,,,,,,,
19235,,Copa H900,https://jtclima.bg/produkti/radiatori/panelni-radiatori/copa-%d1%81%d1%82%d0%be%d0%bc%d0%b0%d0%bd%d0%b5%d0%bd-%d0%bf%d0%b0%d0%bd%d0%b5%d0%bb%d0%b5%d0%bd-%d1%80%d0%b0%d0%b4%d0%b8%d0%b0%d1%82%d0%be%d1%80-%d1%82%d0%b8%d0%bf-22-h900-18300-%d0%bb/,https://jtclima.bg/wp-content/uploads/2025/05/panelen-radiator-burnit-tip-22-visochina-300-h-1000_5589.jpg,Панелни радиатори,стоманен панелен,Панелни радиатори,133.00 EUR,,стоманен панелен радиатор тип;Панелни радиатори;Радиатори;Copa,,,,,,,,,
19233,,Copa H600,https://jtclima.bg/produkti/radiatori/panelni-radiatori/copa-%d1%81%d1%82%d0%be%d0%bc%d0%b0%d0%bd%d0%b5%d0%bd-%d0%bf%d0%b0%d0%bd%d0%b5%d0%bb%d0%b5%d0%bd-%d1%80%d0%b0%d0%b4%d0%b8%d0%b0%d1%82%d0%be%d1%80-%d1%82%d0%b8%d0%bf-22-h600-9600-%d0%bb/,https://jtclima.bg/wp-content/uploads/2025/05/panelen-radiator-burnit-tip-22-visochina-300-h-1000_5589.jpg,Панелни радиатори,стоманен панелен,Панелни радиатори,72.00 EUR,57.00 EUR,стоманен панелен радиатор тип;Панелни радиатори;Copa;Радиатори,,,,,,,,,
19231,,Copa H500,https://jtclima.bg/produkti/radiatori/panelni-radiatori/copa-%d1%81%d1%82%d0%be%d0%bc%d0%b0%d0%bd%d0%b5%d0%bd-%d0%bf%d0%b0%d0%bd%d0%b5%d0%bb%d0%b5%d0%bd-%d1%80%d0%b0%d0%b4%d0%b8%d0%b0%d1%82%d0%be%d1%80-%d1%82%d0%b8%d0%bf-22-h500-9500-%d0%bb/,https://jtclima.bg/wp-content/uploads/2025/05/panelen-radiator-burnit-tip-22-visochina-300-h-1000_5589.jpg,Панелни радиатори,стоманен панелен,Панелни радиатори,69.00 EUR,,стоманен панелен радиатор тип;Панелни радиатори;Copa;Радиатори,,,,,,,,,
19229,,Copa H400,https://jtclima.bg/produkti/radiatori/panelni-radiatori/copa-%d1%81%d1%82%d0%be%d0%bc%d0%b0%d0%bd%d0%b5%d0%bd-%d0%bf%d0%b0%d0%bd%d0%b5%d0%bb%d0%b5%d0%bd-%d1%80%d0%b0%d0%b4%d0%b8%d0%b0%d1%82%d0%be%d1%80-%d1%82%d0%b8%d0%bf-22-h400-12400-%d0%bb/,https://jtclima.bg/wp-content/uploads/2025/05/panelen-radiator-burnit-tip-22-visochina-300-h-1000_5589.jpg,Панелни радиатори,стоманен панелен,Панелни радиатори,66.00 EUR,,стоманен панелен радиатор тип;Панелни радиатори;Copa;Радиатори,,,,,,,,,
19223,,Copa H300,https://jtclima.bg/produkti/radiatori/panelni-radiatori/copa-%d1%81%d1%82%d0%be%d0%bc%d0%b0%d0%bd%d0%b5%d0%bd-%d0%bf%d0%b0%d0%bd%d0%b5%d0%bb%d0%b5%d0%bd-%d1%80%d0%b0%d0%b4%d0%b8%d0%b0%d1%82%d0%be%d1%80-%d1%82%d0%b8%d0%bf-22-h300-12500-%d0%bb/,https://jtclima.bg/wp-content/uploads/2025/05/panelen-radiator-burnit-tip-22-visochina-300-h-1000_5589.jpg,Панелни радиатори,стоманен панелен,Панелни радиатори,66.00 EUR,,стоманен панелен радиатор тип;Панелни радиатори;Радиатори;Copa,,,,,,,,,
19214,,LG,https://jtclima.bg/produkti/%d1%86%d0%b5%d0%bd%d1%82%d1%80%d0%b0%d0%bb%d0%bd%d0%b0-%d0%ba%d0%bb%d0%b8%d0%bc%d0%b0%d1%82%d0%b8%d0%b7%d0%b0%d1%86%d0%b8%d1%8f/%d0%b2%d1%8a%d1%82%d1%80%d0%b5%d1%88%d0%bd%d0%b8-%d1%82%d0%b5%d0%bb%d0%b0/lg-%d0%b2%d1%8a%d1%82%d1%80%d0%b5%d1%88%d0%bd%d0%be-%d1%81%d1%80%d0%b5%d0%b4%d0%bd%d0%be%d0%bd%d0%b0%d0%bf%d0%be%d1%80%d0%bd%d0%be-%d0%ba%d0%b0%d0%bd%d0%b0%d0%bb%d0%bd%d0%be-%d1%82%d1%8f%d0%bb%d0%be-2/,https://jtclima.bg/wp-content/uploads/2025/05/fdgdr.avif,Вътрешни тела,вътрешно,Вътрешни тела,904.47 EUR,,вътрешно средно/високонапорно канално тяло –;Вътрешни тела;LG;Централна климатизация,,,,,,,,,
19180,,LG,https://jtclima.bg/produkti/%d1%86%d0%b5%d0%bd%d1%82%d1%80%d0%b0%d0%bb%d0%bd%d0%b0-%d0%ba%d0%bb%d0%b8%d0%bc%d0%b0%d1%82%d0%b8%d0%b7%d0%b0%d1%86%d0%b8%d1%8f/%d0%b2%d1%8a%d1%82%d1%80%d0%b5%d1%88%d0%bd%d0%b8-%d1%82%d0%b5%d0%bb%d0%b0/lg-%d0%b2%d0%b8%d1%81%d0%be%d0%ba%d0%be%d1%82%d0%b5%d0%bc%d0%bf%d0%b5%d1%80%d0%b0%d1%82%d1%83%d1%80%d0%b5%d0%bd-%d1%85%d0%b8%d0%b4%d1%80%d0%be-%d0%bc%d0%be%d0%b4%d1%83%d0%bb-vrf-13-8kw-25-2kw/,https://jtclima.bg/wp-content/uploads/2025/05/fdgdfg1.avif,Вътрешни тела,високотемпературен хидро,Вътрешни тела,7791.58 EUR,,високотемпературен хидро модул –;Вътрешни тела;LG;Централна климатизация,,,,,,,,,
19173,,LG,https://jtclima.bg/produkti/%d1%86%d0%b5%d0%bd%d1%82%d1%80%d0%b0%d0%bb%d0%bd%d0%b0-%d0%ba%d0%bb%d0%b8%d0%bc%d0%b0%d1%82%d0%b8%d0%b7%d0%b0%d1%86%d0%b8%d1%8f/%d0%b2%d1%8a%d1%82%d1%80%d0%b5%d1%88%d0%bd%d0%b8-%d1%82%d0%b5%d0%bb%d0%b0/lg-%d0%b2%d1%8a%d1%82%d1%80%d0%b5%d1%88%d0%bd%d0%be-%d0%bf%d0%be%d0%b4%d0%be%d0%b2%d0%be-%d1%82%d1%8f%d0%bb%d0%be-%d0%b7%d0%b0-%d0%b2%d0%b3%d1%80%d0%b0%d0%b6%d0%b4%d0%b0%d0%bd%d0%b5-vrf-2-5kw-8-0kw-2/,https://jtclima.bg/wp-content/uploads/2025/05/mesfsdf01.avif,Вътрешни тела,среднотемпературен хидро,Вътрешни тела,3542.74 EUR,,среднотемпературен хидро модул –;Вътрешни тела;LG;Централна климатизация,,,,,,,,,
19167,,LG,https://jtclima.bg/produkti/%d1%86%d0%b5%d0%bd%d1%82%d1%80%d0%b0%d0%bb%d0%bd%d0%b0-%d0%ba%d0%bb%d0%b8%d0%bc%d0%b0%d1%82%d0%b8%d0%b7%d0%b0%d1%86%d0%b8%d1%8f/%d0%b2%d1%8a%d1%82%d1%80%d0%b5%d1%88%d0%bd%d0%b8-%d1%82%d0%b5%d0%bb%d0%b0/lg-%d0%b2%d1%8a%d1%82%d1%80%d0%b5%d1%88%d0%bd%d0%be-%d0%bf%d0%be%d0%b4%d0%be%d0%b2%d0%be-%d1%82%d1%8f%d0%bb%d0%be-%d0%b7%d0%b0-%d0%b2%d0%b3%d1%80%d0%b0%d0%b6%d0%b4%d0%b0%d0%bd%d0%b5-vrf-2-5kw-8-0kw/,https://jtclima.bg/wp-content/uploads/2025/05/meddsfsedf01.avif,Вътрешни тела,вътрешно подово тяло за,Вътрешни тела,817.56 EUR,,вътрешно подово тяло за вграждане –;Вътрешни тела;LG;Централна климатизация,,,,,,,,,
19161,,LG 3F,https://jtclima.bg/produkti/%d1%86%d0%b5%d0%bd%d1%82%d1%80%d0%b0%d0%bb%d0%bd%d0%b0-%d0%ba%d0%bb%d0%b8%d0%bc%d0%b0%d1%82%d0%b8%d0%b7%d0%b0%d1%86%d0%b8%d1%8f/%d0%b2%d1%8a%d0%bd%d1%88%d0%bd%d0%b8-%d1%82%d0%b5%d0%bb%d0%b0/lg-%d0%b2%d1%8a%d0%bd%d1%88%d0%bd%d0%be-%d1%82%d1%8f%d0%bb%d0%be-vrf-vrv-multi-v-s-r32-3f-10-kw-18-kw/,https://jtclima.bg/wp-content/uploads/2025/05/medium01-1-1.avif,Външни тела,външно тяло –,Външни тела,3548.00 EUR,,външно тяло –;Външни тела;LG;Централна климатизация,,,,,,,,,
19150,,LG,https://jtclima.bg/produkti/%d1%86%d0%b5%d0%bd%d1%82%d1%80%d0%b0%d0%bb%d0%bd%d0%b0-%d0%ba%d0%bb%d0%b8%d0%bc%d0%b0%d1%82%d0%b8%d0%b7%d0%b0%d1%86%d0%b8%d1%8f/%d0%b2%d1%8a%d1%82%d1%80%d0%b5%d1%88%d0%bd%d0%b8-%d1%82%d0%b5%d0%bb%d0%b0/lg-%d0%b2%d1%8a%d1%82%d1%80%d0%b5%d1%88%d0%bd%d0%be-%d0%bf%d0%be%d0%b4%d0%be%d0%b2%d0%be-%d1%82%d1%8f%d0%bb%d0%be-%d0%b7%d0%b0-%d0%be%d1%82%d0%ba%d1%80%d0%b8%d1%82-%d0%bc%d0%be%d0%bd%d1%82%d0%b0/,https://jtclima.bg/wp-content/uploads/2025/05/asdas1.avif,Вътрешни тела,вътрешно подово тяло за,Вътрешни тела,930.04 EUR,,вътрешно подово тяло за открит монтаж –;Вътрешни тела;LG;Централна климатизация,,,,,,,,,
19141,,LG,https://jtclima.bg/produkti/%d1%86%d0%b5%d0%bd%d1%82%d1%80%d0%b0%d0%bb%d0%bd%d0%b0-%d0%ba%d0%bb%d0%b8%d0%bc%d0%b0%d1%82%d0%b8%d0%b7%d0%b0%d1%86%d0%b8%d1%8f/%d0%b2%d1%8a%d1%82%d1%80%d0%b5%d1%88%d0%bd%d0%b8-%d1%82%d0%b5%d0%bb%d0%b0/lg-%d0%b2%d1%8a%d1%82%d1%80%d0%b5%d1%88%d0%bd%d0%be-%d1%82%d0%b8%d0%bf-%d0%ba%d0%be%d0%bd%d0%b7%d0%be%d0%bb%d0%b0-vrf-2-5kw-5-0kw/,https://jtclima.bg/wp-content/uploads/2025/05/medigfdgr1.avif,Вътрешни тела,вътрешно тип конзола –,Вътрешни тела,771.54 EUR,,вътрешно тип конзола –;Вътрешни тела;LG;Централна климатизация,,,,,,,,,
19128,,LG 1F,https://jtclima.bg/produkti/%d1%86%d0%b5%d0%bd%d1%82%d1%80%d0%b0%d0%bb%d0%bd%d0%b0-%d0%ba%d0%bb%d0%b8%d0%bc%d0%b0%d1%82%d0%b8%d0%b7%d0%b0%d1%86%d0%b8%d1%8f/%d0%b2%d1%8a%d0%bd%d1%88%d0%bd%d0%b8-%d1%82%d0%b5%d0%bb%d0%b0/lg-%d0%b2%d1%8a%d0%bd%d1%88%d0%bd%d0%be-%d1%82%d1%8f%d0%bb%d0%be-vrf-vrv-multi-v-s-r32-1f-10-kw-18-kw/,https://jtclima.bg/wp-content/uploads/2025/05/medium01-1-1.avif,Външни тела,външно тяло –,Външни тела,3425.00 EUR,,външно тяло –;Външни тела;LG;Централна климатизация,,,,,,,,,
19122,,LG 3F,https://jtclima.bg/produkti/%d1%86%d0%b5%d0%bd%d1%82%d1%80%d0%b0%d0%bb%d0%bd%d0%b0-%d0%ba%d0%bb%d0%b8%d0%bc%d0%b0%d1%82%d0%b8%d0%b7%d0%b0%d1%86%d0%b8%d1%8f/%d0%b2%d1%8a%d0%bd%d1%88%d0%bd%d0%b8-%d1%82%d0%b5%d0%bb%d0%b0/lg-%d0%b2%d1%8a%d0%bd%d1%88%d0%bd%d0%be-%d1%82%d1%8f%d0%bb%d0%be-vrf-vrv-multi-v-s-r410a-3f-12-kw-36-kw/,https://jtclima.bg/wp-content/uploads/2025/05/medium01-4.avif,Външни тела,външно тяло –,Външни тела,3799.00 EUR,,външно тяло –;Външни тела;LG;Централна климатизация,,,,,,,,,
19114,,LG,https://jtclima.bg/produkti/%d1%86%d0%b5%d0%bd%d1%82%d1%80%d0%b0%d0%bb%d0%bd%d0%b0-%d0%ba%d0%bb%d0%b8%d0%bc%d0%b0%d1%82%d0%b8%d0%b7%d0%b0%d1%86%d0%b8%d1%8f/%d0%b2%d1%8a%d1%82%d1%80%d0%b5%d1%88%d0%bd%d0%b8-%d1%82%d0%b5%d0%bb%d0%b0/lg-%d0%b2%d1%8a%d1%82%d1%80%d0%b5%d1%88%d0%bd%d0%be-%d1%81%d1%80%d0%b5%d0%b4%d0%bd%d0%be%d0%bd%d0%b0%d0%bf%d0%be%d1%80%d0%bd%d0%be-%d0%ba%d0%b0%d0%bd%d0%b0%d0%bb%d0%bd%d0%be-%d1%82%d1%8f%d0%bb%d0%be/,https://jtclima.bg/wp-content/uploads/2025/05/niskonaporno-kanalno-tyalo-lg-arnu05gl1g4.jpg,Вътрешни тела,вътрешно нисконапорно,Вътрешни тела,689.73 EUR,,вътрешно нисконапорно канално тяло –;Вътрешни тела;LG;Централна климатизация,,,,,,,,,
19106,,LG 1F,https://jtclima.bg/produkti/%d1%86%d0%b5%d0%bd%d1%82%d1%80%d0%b0%d0%bb%d0%bd%d0%b0-%d0%ba%d0%bb%d0%b8%d0%bc%d0%b0%d1%82%d0%b8%d0%b7%d0%b0%d1%86%d0%b8%d1%8f/%d0%b2%d1%8a%d0%bd%d1%88%d0%bd%d0%b8-%d1%82%d0%b5%d0%bb%d0%b0/lg-%d0%b2%d1%8a%d0%bd%d1%88%d0%bd%d0%be-%d1%82%d1%8f%d0%bb%d0%be-vrf-vrv-multi-v-s-r410a-1f-12-kw-18-kw/,https://jtclima.bg/wp-content/uploads/2025/05/medium01-4.jpg,Външни тела,външно тяло –,Външни тела,3722.00 EUR,,външно тяло –;Външни тела;LG;Централна климатизация,,,,,,,,,
19097,,LG R32,https://jtclima.bg/produkti/%d1%86%d0%b5%d0%bd%d1%82%d1%80%d0%b0%d0%bb%d0%bd%d0%b0-%d0%ba%d0%bb%d0%b8%d0%bc%d0%b0%d1%82%d0%b8%d0%b7%d0%b0%d1%86%d0%b8%d1%8f/%d0%b2%d1%8a%d0%bd%d1%88%d0%bd%d0%b8-%d1%82%d0%b5%d0%bb%d0%b0/lg-%d0%b2%d1%8a%d0%bd%d1%88%d0%bd%d0%be-%d1%82%d1%8f%d0%bb%d0%be-vrf-vrv-multi-v-6-r32-44-kw-63-kw/,https://jtclima.bg/wp-content/uploads/2025/05/lg-multi-v-5-arum140lte5-vnshno-tyalo-za-vrfvrv.jpg,Външни тела,външно тяло –,Външни тела,12782.00 EUR,,външно тяло –;Външни тела;LG;Централна климатизация,,,,,,,,,
19090,,LG,https://jtclima.bg/produkti/%d1%86%d0%b5%d0%bd%d1%82%d1%80%d0%b0%d0%bb%d0%bd%d0%b0-%d0%ba%d0%bb%d0%b8%d0%bc%d0%b0%d1%82%d0%b8%d0%b7%d0%b0%d1%86%d0%b8%d1%8f/%d0%b2%d1%8a%d1%82%d1%80%d0%b5%d1%88%d0%bd%d0%b8-%d1%82%d0%b5%d0%bb%d0%b0/lg-%d0%b2%d1%8a%d1%82%d1%80%d0%b5%d1%88%d0%bd%d0%be-%d0%b2%d0%b8%d1%81%d0%be%d0%ba%d0%be%d0%bd%d0%b0%d0%bf%d0%be%d1%80%d0%bd%d0%be-%d0%ba%d0%b0%d0%bd%d0%b0%d0%bb%d0%bd%d0%be-%d1%82%d1%8f%d0%bb%d0%be/,https://jtclima.bg/wp-content/uploads/2025/05/N01_v1.jpg,Вътрешни тела,вътрешно високонапорно,Вътрешни тела,2842.27 EUR,,вътрешно високонапорно канално тяло пресен въздух –;Вътрешни тела;LG;Централна климатизация,,,,,,,,,
19084,,LG,https://jtclima.bg/produkti/%d1%86%d0%b5%d0%bd%d1%82%d1%80%d0%b0%d0%bb%d0%bd%d0%b0-%d0%ba%d0%bb%d0%b8%d0%bc%d0%b0%d1%82%d0%b8%d0%b7%d0%b0%d1%86%d0%b8%d1%8f/%d0%b2%d1%8a%d1%82%d1%80%d0%b5%d1%88%d0%bd%d0%b8-%d1%82%d0%b5%d0%bb%d0%b0/lg-%d0%b2%d1%8a%d1%82%d1%80%d0%b5%d1%88%d0%bd%d0%be-%d1%82%d0%b0%d0%b2%d0%b0%d0%bd%d0%bd%d0%be-%d1%82%d1%8f%d0%bb%d0%be-vrf-6-3kw-16-0kw/,https://jtclima.bg/wp-content/uploads/2025/05/medium05.avif,Вътрешни тела,вътрешно таванно тяло –,Вътрешни тела,1211.25 EUR,,вътрешно таванно тяло –;Вътрешни тела;LG;Централна климатизация,,,,,,,,,
19074,,LG R32,https://jtclima.bg/produkti/%d1%86%d0%b5%d0%bd%d1%82%d1%80%d0%b0%d0%bb%d0%bd%d0%b0-%d0%ba%d0%bb%d0%b8%d0%bc%d0%b0%d1%82%d0%b8%d0%b7%d0%b0%d1%86%d0%b8%d1%8f/%d0%b2%d1%8a%d0%bd%d1%88%d0%bd%d0%b8-%d1%82%d0%b5%d0%bb%d0%b0/lg-%d0%b2%d1%8a%d0%bd%d1%88%d0%bd%d0%be-%d1%82%d1%8f%d0%bb%d0%be-vrf-vrv-multi-v-6-r410a-25-kw-37-kw/,https://jtclima.bg/wp-content/uploads/2025/05/lg-multi-v-5-arum080lte5-vnshno-tyalo-za-vrfvrv.jpg,Външни тела,външно тяло –,Външни тела,9279.00 EUR,,външно тяло –;Външни тела;LG;Централна климатизация,,,,,,,,,
19068,,LG,https://jtclima.bg/produkti/%d1%86%d0%b5%d0%bd%d1%82%d1%80%d0%b0%d0%bb%d0%bd%d0%b0-%d0%ba%d0%bb%d0%b8%d0%bc%d0%b0%d1%82%d0%b8%d0%b7%d0%b0%d1%86%d0%b8%d1%8f/%d0%b2%d1%8a%d1%82%d1%80%d0%b5%d1%88%d0%bd%d0%b8-%d1%82%d0%b5%d0%bb%d0%b0/lg-%d0%b2%d1%8a%d1%82%d1%80%d0%b5%d1%88%d0%bd%d0%be-%d1%82%d0%b8%d0%bf-%d0%bf%d0%be%d0%b4%d0%be%d0%b2%d0%be-%d1%82%d0%b0%d0%b2%d0%b0%d0%bd%d0%b5%d0%bd-vrf-3-2kw-4-0-kw/,https://jtclima.bg/wp-content/uploads/2025/05/medium04.avif,Вътрешни тела,вътрешно тип подово –,Вътрешни тела,725.52 EUR,,вътрешно тип подово – таванен –;Вътрешни тела;LG;Централна климатизация,,,,,,,,,
19064,,LG R410A,https://jtclima.bg/produkti/%d1%86%d0%b5%d0%bd%d1%82%d1%80%d0%b0%d0%bb%d0%bd%d0%b0-%d0%ba%d0%bb%d0%b8%d0%bc%d0%b0%d1%82%d0%b8%d0%b7%d0%b0%d1%86%d0%b8%d1%8f/%d0%b2%d1%8a%d0%bd%d1%88%d0%bd%d0%b8-%d1%82%d0%b5%d0%bb%d0%b0/lg-%d0%b2%d1%8a%d0%bd%d1%88%d0%bd%d0%be-%d1%82%d1%8f%d0%bb%d0%be-vrf-vrv-multi-v-6-r410a-95-kw-162-kw/,https://jtclima.bg/wp-content/uploads/2025/05/lg-multi-v-5-arum480lte5-vnshno-tyalo-za-vrfvrv.jpg,Външни тела,външно тяло –,Външни тела,26545.00 EUR,,външно тяло –;Външни тела;LG;Централна климатизация,,,,,,,,,
19052,,LG R410A,https://jtclima.bg/produkti/%d1%86%d0%b5%d0%bd%d1%82%d1%80%d0%b0%d0%bb%d0%bd%d0%b0-%d0%ba%d0%bb%d0%b8%d0%bc%d0%b0%d1%82%d0%b8%d0%b7%d0%b0%d1%86%d0%b8%d1%8f/%d0%b2%d1%8a%d0%bd%d1%88%d0%bd%d0%b8-%d1%82%d0%b5%d0%bb%d0%b0/lg-%d0%b2%d1%8a%d0%bd%d1%88%d0%bd%d0%be-%d1%82%d1%8f%d0%bb%d0%be-vrf-vrv-multi-v-6-r410a-44-kw-74-kw/,https://jtclima.bg/wp-content/uploads/2025/05/lg-multi-v-5-arum220lte5-vnshno-tyalo-za-vrfvrv.jpg,Външни тела,външно тяло –,Външни тела,12409.00 EUR,,външно тяло –;Външни тела;LG;Централна климатизация,,,,,,,,,
19050,,LG,https://jtclima.bg/produkti/%d1%86%d0%b5%d0%bd%d1%82%d1%80%d0%b0%d0%bb%d0%bd%d0%b0-%d0%ba%d0%bb%d0%b8%d0%bc%d0%b0%d1%82%d0%b8%d0%b7%d0%b0%d1%86%d0%b8%d1%8f/%d0%b2%d1%8a%d1%82%d1%80%d0%b5%d1%88%d0%bd%d0%b8-%d1%82%d0%b5%d0%bb%d0%b0/lg-%d0%b2%d1%8a%d1%82%d1%80%d0%b5%d1%88%d0%bd%d0%be-%d1%82%d0%b8%d0%bf-%d0%ba%d1%80%d1%8a%d0%b3%d0%bb%d0%b0-%d1%82%d0%b0%d0%b2%d0%b0%d0%bd%d0%bd%d0%b0-%d0%ba%d0%b0%d1%81%d0%b5%d1%82%d0%b0-vrf-8kw/,https://jtclima.bg/wp-content/uploads/2025/05/medium03.avif,Вътрешни тела,вътрешно тип кръгла,Вътрешни тела,1379.98 EUR,,вътрешно тип кръгла таванна касета –;Вътрешни тела;LG;Централна климатизация,,,,,,,,,
19044,,LG,https://jtclima.bg/produkti/%d1%86%d0%b5%d0%bd%d1%82%d1%80%d0%b0%d0%bb%d0%bd%d0%b0-%d0%ba%d0%bb%d0%b8%d0%bc%d0%b0%d1%82%d0%b8%d0%b7%d0%b0%d1%86%d0%b8%d1%8f/%d0%b2%d1%8a%d1%82%d1%80%d0%b5%d1%88%d0%bd%d0%b8-%d1%82%d0%b5%d0%bb%d0%b0/lg-%d0%b2%d1%8a%d1%82%d1%80%d0%b5%d1%88%d0%bd%d0%be-%d1%82%d0%b8%d0%bf-%d0%b5%d0%b4%d0%bd%d0%be%d0%bf%d1%8a%d1%82%d0%bd%d0%b0-%d1%82%d0%b0%d0%b2%d0%b0%d0%bd%d0%bd%d0%b0-%d0%ba%d0%b0%d1%81%d0%b5%d1%82/,https://jtclima.bg/wp-content/uploads/2025/05/ednoptna-tavanna-kaseta-lg-arnu07gtub4.jpg,Вътрешни тела,вътрешно тип еднопътна,Вътрешни тела,699.96 EUR,,вътрешно тип еднопътна таванна касета –;Вътрешни тела;LG;Централна климатизация,,,,,,,,,
19036,,LG,https://jtclima.bg/produkti/%d1%86%d0%b5%d0%bd%d1%82%d1%80%d0%b0%d0%bb%d0%bd%d0%b0-%d0%ba%d0%bb%d0%b8%d0%bc%d0%b0%d1%82%d0%b8%d0%b7%d0%b0%d1%86%d0%b8%d1%8f/%d0%b2%d1%8a%d1%82%d1%80%d0%b5%d1%88%d0%bd%d0%b8-%d1%82%d0%b5%d0%bb%d0%b0/lg-%d0%b2%d1%8a%d1%82%d1%80%d0%b5%d1%88%d0%bd%d0%be-%d1%82%d0%b8%d0%bf-%d0%b4%d0%b2%d1%83%d0%bf%d1%8a%d1%82%d0%bd%d0%b0-%d1%82%d0%b0%d0%b2%d0%b0%d0%bd%d0%bd%d0%b0-%d0%ba%d0%b0%d1%81%d0%b5%d1%82%d0%b0/,https://jtclima.bg/wp-content/uploads/2025/05/dvuptna-tavanna-kaseta-lg-arnu09gtsc4.jpg,Вътрешни тела,вътрешно тип двупътна,Вътрешни тела,751.09 EUR,,вътрешно тип двупътна таванна касета –;Вътрешни тела;LG;Централна климатизация,,,,,,,,,
19028,,LG,https://jtclima.bg/produkti/%d1%86%d0%b5%d0%bd%d1%82%d1%80%d0%b0%d0%bb%d0%bd%d0%b0-%d0%ba%d0%bb%d0%b8%d0%bc%d0%b0%d1%82%d0%b8%d0%b7%d0%b0%d1%86%d0%b8%d1%8f/%d0%b2%d1%8a%d1%82%d1%80%d0%b5%d1%88%d0%bd%d0%b8-%d1%82%d0%b5%d0%bb%d0%b0/lg-%d0%b2%d1%8a%d1%82%d1%80%d0%b5%d1%88%d0%bd%d0%be-%d1%82%d0%b8%d0%bf-%d1%87%d0%b5%d1%82%d0%b8%d1%80%d0%b8%d0%bf%d1%8a%d1%82%d0%bd%d0%b0-%d1%82%d0%b0%d0%b2%d0%b0%d0%bd%d0%bd%d0%b0-%d0%ba%d0%b0%d1%81/,https://jtclima.bg/wp-content/uploads/2025/05/chetiriptna-tavanna-kaseta-lg-arnu24gtpc4.jpg,Вътрешни тела,вътрешно тип четирипътна,Вътрешни тела,694.85 EUR,,вътрешно тип четирипътна таванна касета –;Вътрешни тела;LG;Централна климатизация,,,,,,,,,
19022,,LG,https://jtclima.bg/produkti/%d1%86%d0%b5%d0%bd%d1%82%d1%80%d0%b0%d0%bb%d0%bd%d0%b0-%d0%ba%d0%bb%d0%b8%d0%bc%d0%b0%d1%82%d0%b8%d0%b7%d0%b0%d1%86%d0%b8%d1%8f/%d0%b2%d1%8a%d1%82%d1%80%d0%b5%d1%88%d0%bd%d0%b8-%d1%82%d0%b5%d0%bb%d0%b0/lg-%d0%b2%d1%8a%d1%82%d1%80%d0%b5%d1%88%d0%bd%d0%be-%d0%b2%d0%b8%d1%81%d0%be%d0%ba%d0%be%d1%81%d1%82%d0%b5%d0%bd%d0%bd%d0%be-%d1%82%d1%8f%d0%bb%d0%be-vrf-artcool-gallery/,https://jtclima.bg/wp-content/uploads/2025/05/vtreshno-tyalo-za-visokostenen-montazh-lg-arnu09gsf14-artcool-gallery.jpg,Вътрешни тела,вътрешно високостенно,Вътрешни тела,710.00 EUR,,вътрешно високостенно тяло –;Вътрешни тела;LG;Централна климатизация,,,,,,,,,
19015,,LG,https://jtclima.bg/produkti/%d1%86%d0%b5%d0%bd%d1%82%d1%80%d0%b0%d0%bb%d0%bd%d0%b0-%d0%ba%d0%bb%d0%b8%d0%bc%d0%b0%d1%82%d0%b8%d0%b7%d0%b0%d1%86%d0%b8%d1%8f/%d0%b2%d1%8a%d1%82%d1%80%d0%b5%d1%88%d0%bd%d0%b8-%d1%82%d0%b5%d0%bb%d0%b0/lg-%d0%b2%d1%8a%d1%82%d1%80%d0%b5%d1%88%d0%bd%d0%be-%d0%b2%d0%b8%d1%81%d0%be%d0%ba%d0%be%d1%81%d1%82%d0%b5%d0%bd%d0%bd%d0%be-%d1%82%d1%8f%d0%bb%d0%be-vrf-artcool-mirror/,https://jtclima.bg/wp-content/uploads/2025/05/vtreshno-tyalo-za-visokostenen-montazh-lg-arnu05gsjr4-artcool-mirror.jpg,Вътрешни тела,вътрешно високостенно,Вътрешни тела,661.00 EUR,,вътрешно високостенно тяло –;Вътрешни тела;LG;Централна климатизация,,,,,,,,,
19008,,LG,https://jtclima.bg/produkti/%d1%86%d0%b5%d0%bd%d1%82%d1%80%d0%b0%d0%bb%d0%bd%d0%b0-%d0%ba%d0%bb%d0%b8%d0%bc%d0%b0%d1%82%d0%b8%d0%b7%d0%b0%d1%86%d0%b8%d1%8f/%d0%b2%d1%8a%d1%82%d1%80%d0%b5%d1%88%d0%bd%d0%b8-%d1%82%d0%b5%d0%bb%d0%b0/lg-%d0%b2%d1%8a%d1%82%d1%80%d0%b5%d1%88%d0%bd%d0%be-%d0%b2%d0%b8%d1%81%d0%be%d0%ba%d0%be%d1%81%d1%82%d0%b5%d0%bd%d0%bd%d0%be-%d1%82%d1%8f%d0%bb%d0%be-vrf-standard/,https://jtclima.bg/wp-content/uploads/2026/01/vtreshno-tyalo-za-visokostenen-montazh-lg-arnu36gsva4-standard-1.webp,Вътрешни тела,вътрешно високостенно,Вътрешни тела,556.00 EUR,,вътрешно високостенно тяло –;Вътрешни тела;LG;Централна климатизация,,,,,,,,,
18998,,LG R410A,https://jtclima.bg/produkti/%d1%86%d0%b5%d0%bd%d1%82%d1%80%d0%b0%d0%bb%d0%bd%d0%b0-%d0%ba%d0%bb%d0%b8%d0%bc%d0%b0%d1%82%d0%b8%d0%b7%d0%b0%d1%86%d0%b8%d1%8f/%d0%b2%d1%8a%d0%bd%d1%88%d0%bd%d0%b8-%d1%82%d0%b5%d0%bb%d0%b0/lg-%d0%b2%d1%8a%d0%bd%d1%88%d0%bd%d0%be-%d1%82%d1%8f%d0%bb%d0%be-vrf-vrv-multi-v-6-r410a-arum080lte6-25-kw/,https://jtclima.bg/wp-content/uploads/2025/05/lg-multi-v-5-arum080lte5-vnshno-tyalo-za-vrfvrv.jpg,Външни тела,външно тяло –,Външни тела,9009.00 EUR,,външно тяло –;Външни тела;LG;Централна климатизация,,,,,,,,,
18611,,LG S12EW,https://jtclima.bg/produkti/klimatici/invertorni-klimatici/lg-invertorni-klimatici/12-lg-invertorni-klimatici/lg-%d0%b8%d0%bd%d0%b2%d0%b5%d1%80%d1%82%d0%be%d1%80%d0%b5%d0%bd-%d0%ba%d0%bb%d0%b8%d0%bc%d0%b0%d1%82%d0%b8-dual-standart-win-35-kw-s12ew-12-000-btu/,https://jtclima.bg/wp-content/uploads/2025/03/1600_1.jpg,Стенни климатици,инверторен климати,Стенни климатици,787.00 EUR,646.00 EUR,инверторен климати;Стенни климатици;LG,,,,,,,,,
18609,,LG S24EC,https://jtclima.bg/produkti/klimatici/invertorni-klimatici/lg-invertorni-klimatici/24-lg-invertorni-klimatici/lg-%d0%b8%d0%bd%d0%b2%d0%b5%d1%80%d1%82%d0%be%d1%80%d0%b5%d0%bd-%d0%ba%d0%bb%d0%b8%d0%bc%d0%b0%d1%82%d0%b8-special-66-kw-s24ec-24-000-btu/,https://jtclima.bg/wp-content/uploads/2025/03/1600_1.jpg,Стенни климатици,инверторен климати,Стенни климатици,1457.00 EUR,1227.00 EUR,инверторен климати;Стенни климатици;LG,,,,,,,,,
18607,,LG S18EC,https://jtclima.bg/produkti/klimatici/invertorni-klimatici/lg-invertorni-klimatici/18-lg-invertorni-klimatici/lg-%d0%b8%d0%bd%d0%b2%d0%b5%d1%80%d1%82%d0%be%d1%80%d0%b5%d0%bd-%d0%ba%d0%bb%d0%b8%d0%bc%d0%b0%d1%82%d0%b8-special-50-kw-s18ec-18-000-btu/,https://jtclima.bg/wp-content/uploads/2025/03/1600_1.jpg,Стенни климатици,инверторен климати,Стенни климатици,1161.00 EUR,956.00 EUR,инверторен климати;Стенни климатици;LG,,,,,,,,,
18574,,LG S09EC,https://jtclima.bg/produkti/klimatici/invertorni-klimatici/lg-invertorni-klimatici/9-lg-invertorni-klimatici/lg-%d0%b8%d0%bd%d0%b2%d0%b5%d1%80%d1%82%d0%be%d1%80%d0%b5%d0%bd-%d0%ba%d0%bb%d0%b8%d0%bc%d0%b0%d1%82%d0%b8-special-25-kw-s09ec-9-000-btu/,https://jtclima.bg/wp-content/uploads/2025/03/1600_1.jpg,Стенни климатици,инверторен климати,Стенни климатици,711.00 EUR,612.00 EUR,инверторен климати;Стенни климатици;LG,,,,,,,,,
18571,,Cairox CHPP-35TE3,https://jtclima.bg/produkti/termopompi/%d1%82%d0%b5%d1%80%d0%bc%d0%be%d0%bf%d0%be%d0%bc%d0%bf%d0%b8-%d0%b7%d0%b0-%d0%b1%d0%b0%d1%81%d0%b5%d0%b9%d0%bd/cairox/%d0%b8%d0%bd%d0%b2%d0%b5%d1%80%d1%82%d0%be%d1%80%d0%bd%d0%b0-%d1%82%d0%b5%d1%80%d0%bc%d0%be%d0%bf%d0%be%d0%bc%d0%bf%d0%b0-%d0%b7%d0%b0-%d0%b1%d0%b0%d1%81%d0%b5%d0%b9%d0%bd-r-aqua-chpp-35te3/,https://jtclima.bg/wp-content/uploads/2025/03/R-Aqua-CAIROX12.png,Термопомпи,Инверторна термопомпа за,Термопомпи,3590.00 EUR,3409.00 EUR,Инверторна термопомпа за басейн;Термопомпи;Cairox;R-AQUA CHPP;Термопомпи за басейн,,,,,,,,,
18570,,Cairox CHPP-28TE3,https://jtclima.bg/produkti/termopompi/%d1%82%d0%b5%d1%80%d0%bc%d0%be%d0%bf%d0%be%d0%bc%d0%bf%d0%b8-%d0%b7%d0%b0-%d0%b1%d0%b0%d1%81%d0%b5%d0%b9%d0%bd/cairox/%d0%b8%d0%bd%d0%b2%d0%b5%d1%80%d1%82%d0%be%d1%80%d0%bd%d0%b0-%d1%82%d0%b5%d1%80%d0%bc%d0%be%d0%bf%d0%be%d0%bc%d0%bf%d0%b0-%d0%b7%d0%b0-%d0%b1%d0%b0%d1%81%d0%b5%d0%b9%d0%bd-r-aqua-chpp-28te3/,https://jtclima.bg/wp-content/uploads/2025/03/R-Aqua-CAIROX12.png,Термопомпи,Инверторна термопомпа за,Термопомпи,3007.00 EUR,2859.00 EUR,Инверторна термопомпа за басейн;Термопомпи;Cairox;R-AQUA CHPP;Термопомпи за басейн,,,,,,,,,
18567,,Cairox CHPP-21TE1,https://jtclima.bg/produkti/termopompi/%d1%82%d0%b5%d1%80%d0%bc%d0%be%d0%bf%d0%be%d0%bc%d0%bf%d0%b8-%d0%b7%d0%b0-%d0%b1%d0%b0%d1%81%d0%b5%d0%b9%d0%bd/cairox/%d0%b8%d0%bd%d0%b2%d0%b5%d1%80%d1%82%d0%be%d1%80%d0%bd%d0%b0-%d1%82%d0%b5%d1%80%d0%bc%d0%be%d0%bf%d0%be%d0%bc%d0%bf%d0%b0-%d0%b7%d0%b0-%d0%b1%d0%b0%d1%81%d0%b5%d0%b9%d0%bd-r-aqua-chpp-21te1/,https://jtclima.bg/wp-content/uploads/2025/03/R-Aqua-CAIROX12.png,Термопомпи,Инверторна термопомпа за,Термопомпи,2209.00 EUR,2099.00 EUR,Инверторна термопомпа за басейн;Термопомпи;Cairox;R-AQUA CHPP;Термопомпи за басейн,,,,,,,,,
18564,,Cairox CHPP-17TE1,https://jtclima.bg/produkti/termopompi/%d1%82%d0%b5%d1%80%d0%bc%d0%be%d0%bf%d0%be%d0%bc%d0%bf%d0%b8-%d0%b7%d0%b0-%d0%b1%d0%b0%d1%81%d0%b5%d0%b9%d0%bd/cairox/%d0%b8%d0%bd%d0%b2%d0%b5%d1%80%d1%82%d0%be%d1%80%d0%bd%d0%b0-%d1%82%d0%b5%d1%80%d0%bc%d0%be%d0%bf%d0%be%d0%bc%d0%bf%d0%b0-%d0%b7%d0%b0-%d0%b1%d0%b0%d1%81%d0%b5%d0%b9%d0%bd-r-aqua-chpp-17te1/,https://jtclima.bg/wp-content/uploads/2025/03/R-Aqua-CAIROX12.png,Термопомпи,Инверторна термопомпа за,Термопомпи,1964.00 EUR,1819.00 EUR,Инверторна термопомпа за басейн;Термопомпи;Cairox;R-AQUA CHPP;Термопомпи за басейн,,,,,,,,,
18561,,Cairox CHPP-13TE1,https://jtclima.bg/produkti/termopompi/%d1%82%d0%b5%d1%80%d0%bc%d0%be%d0%bf%d0%be%d0%bc%d0%bf%d0%b8-%d0%b7%d0%b0-%d0%b1%d0%b0%d1%81%d0%b5%d0%b9%d0%bd/cairox/%d0%b8%d0%bd%d0%b2%d0%b5%d1%80%d1%82%d0%be%d1%80%d0%bd%d0%b0-%d1%82%d0%b5%d1%80%d0%bc%d0%be%d0%bf%d0%be%d0%bc%d0%bf%d0%b0-%d0%b7%d0%b0-%d0%b1%d0%b0%d1%81%d0%b5%d0%b9%d0%bd-r-aqua-chpp-13te1/,https://jtclima.bg/wp-content/uploads/2025/03/R-Aqua-CAIROX12.png,Термопомпи,Инверторна термопомпа за,Термопомпи,1712.00 EUR,1619.00 EUR,Инверторна термопомпа за басейн;Термопомпи;Cairox;Термопомпи за басейн;R-AQUA CHPP,,,,,,,,,
18559,,Cairox CHPP-10TE1,https://jtclima.bg/produkti/termopompi/%d1%82%d0%b5%d1%80%d0%bc%d0%be%d0%bf%d0%be%d0%bc%d0%bf%d0%b8-%d0%b7%d0%b0-%d0%b1%d0%b0%d1%81%d0%b5%d0%b9%d0%bd/cairox/%d0%b8%d0%bd%d0%b2%d0%b5%d1%80%d1%82%d0%be%d1%80%d0%bd%d0%b0-%d1%82%d0%b5%d1%80%d0%bc%d0%be%d0%bf%d0%be%d0%bc%d0%bf%d0%b0-%d0%b7%d0%b0-%d0%b1%d0%b0%d1%81%d0%b5%d0%b9%d0%bd-r-aqua-chpp-10te1/,https://jtclima.bg/wp-content/uploads/2025/03/R-Aqua-CAIROX12.png,Термопомпи,Инверторна термопомпа за,Термопомпи,1485.00 EUR,1409.00 EUR,Инверторна термопомпа за басейн;Термопомпи;Cairox;Термопомпи за басейн;R-AQUA CHPP,,,,,,,,,
18557,,AstralPool AHU347,https://jtclima.bg/produkti/termopompi/%d1%82%d0%b5%d1%80%d0%bc%d0%be%d0%bf%d0%be%d0%bc%d0%bf%d0%b8-%d0%b7%d0%b0-%d0%b1%d0%b0%d1%81%d0%b5%d0%b9%d0%bd/astralpool/%d0%b8%d0%bd%d0%b2%d0%b5%d1%80%d1%82%d0%be%d1%80%d0%bd%d0%b0-%d1%82%d0%b5%d1%80%d0%bc%d0%be%d0%bf%d0%be%d0%bc%d0%bf%d0%b0-%d0%b7%d0%b0-%d0%b1%d0%b0%d1%81%d0%b5%d0%b9%d0%bd-aquaheat-ultra-347-kw-ahu/,https://jtclima.bg/wp-content/uploads/2025/03/teplovyj-nasos-aquaheat-ultra-34-7-kvt.jpg,AstralPool,Инверторна термопомпа за,AstralPool,8399.00 EUR,7475.00 EUR,Инверторна термопомпа за басейн;AstralPool;Термопомпи;Aquaheat ULTRA;Термопомпи за басейн,,,,,,,,,
18553,,AstralPool AHU295,https://jtclima.bg/produkti/termopompi/%d1%82%d0%b5%d1%80%d0%bc%d0%be%d0%bf%d0%be%d0%bc%d0%bf%d0%b8-%d0%b7%d0%b0-%d0%b1%d0%b0%d1%81%d0%b5%d0%b9%d0%bd/astralpool/%d0%b8%d0%bd%d0%b2%d0%b5%d1%80%d1%82%d0%be%d1%80%d0%bd%d0%b0-%d1%82%d0%b5%d1%80%d0%bc%d0%be%d0%bf%d0%be%d0%bc%d0%bf%d0%b0-%d0%b7%d0%b0-%d0%b1%d0%b0%d1%81%d0%b5%d0%b9%d0%bd-aquaheat-ultra-295-kw-ahu/,https://jtclima.bg/wp-content/uploads/2025/03/teplovyj-nasos-aquaheat-ultra-34-7-kvt.jpg,AstralPool,Инверторна термопомпа за,AstralPool,7659.00 EUR,6815.00 EUR,Инверторна термопомпа за басейн;AstralPool;Термопомпи;Aquaheat ULTRA;Термопомпи за басейн,,,,,,,,,
18552,,AstralPool AHP283,https://jtclima.bg/produkti/termopompi/%d1%82%d0%b5%d1%80%d0%bc%d0%be%d0%bf%d0%be%d0%bc%d0%bf%d0%b8-%d0%b7%d0%b0-%d0%b1%d0%b0%d1%81%d0%b5%d0%b9%d0%bd/astralpool/%d0%b8%d0%bd%d0%b2%d0%b5%d1%80%d1%82%d0%be%d1%80%d0%bd%d0%b0-%d1%82%d0%b5%d1%80%d0%bc%d0%be%d0%bf%d0%be%d0%bc%d0%bf%d0%b0-%d0%b7%d0%b0-%d0%b1%d0%b0%d1%81%d0%b5%d0%b9%d0%bd-aquaheat-pro-283-kw-ahp28/,https://jtclima.bg/wp-content/uploads/2025/03/termo-pompa-aquaheat-pro-ahp283-image_617a6895352ac_800x800.jpeg,Термопомпи,Инверторна термопомпа за,Термопомпи,6619.00 EUR,5890.00 EUR,Инверторна термопомпа за басейн;Термопомпи;AstralPool;Aquaheat ULTRA;Термопомпи за басейн,,,,,,,,,
18550,,AstralPool AHP242,https://jtclima.bg/produkti/termopompi/%d1%82%d0%b5%d1%80%d0%bc%d0%be%d0%bf%d0%be%d0%bc%d0%bf%d0%b8-%d0%b7%d0%b0-%d0%b1%d0%b0%d1%81%d0%b5%d0%b9%d0%bd/astralpool/%d0%b8%d0%bd%d0%b2%d0%b5%d1%80%d1%82%d0%be%d1%80%d0%bd%d0%b0-%d1%82%d0%b5%d1%80%d0%bc%d0%be%d0%bf%d0%be%d0%bc%d0%bf%d0%b0-%d0%b7%d0%b0-%d0%b1%d0%b0%d1%81%d0%b5%d0%b9%d0%bd-aquaheat-pro-242-kw-ahp24/,https://jtclima.bg/wp-content/uploads/2025/03/termo-pompa-aquaheat-pro-ahp283-image_617a6895352ac_800x800.jpeg,AstralPool,Инверторна термопомпа за,AstralPool,5719.00 EUR,5089.00 EUR,Инверторна термопомпа за басейн;AstralPool;Термопомпи;Aquaheat ULTRA;Термопомпи за басейн,,,,,,,,,
18546,,AstralPool AHP195,https://jtclima.bg/produkti/termopompi/%d1%82%d0%b5%d1%80%d0%bc%d0%be%d0%bf%d0%be%d0%bc%d0%bf%d0%b8-%d0%b7%d0%b0-%d0%b1%d0%b0%d1%81%d0%b5%d0%b9%d0%bd/astralpool/%d0%b8%d0%bd%d0%b2%d0%b5%d1%80%d1%82%d0%be%d1%80%d0%bd%d0%b0-%d1%82%d0%b5%d1%80%d0%bc%d0%be%d0%bf%d0%be%d0%bc%d0%bf%d0%b0-%d0%b7%d0%b0-%d0%b1%d0%b0%d1%81%d0%b5%d0%b9%d0%bd-aquaheat-pro-195-kw-ahp19/,https://jtclima.bg/wp-content/uploads/2025/03/termo-pompa-aquaheat-pro-ahp283-image_617a6895352ac_800x800.jpeg,AstralPool,Инверторна термопомпа за,AstralPool,4749.00 EUR,4225.00 EUR,Инверторна термопомпа за басейн;AstralPool;Термопомпи;Aquaheat ULTRA;Термопомпи за басейн,,,,,,,,,
18544,,AstralPool AHC155NEO,https://jtclima.bg/produkti/termopompi/%d1%82%d0%b5%d1%80%d0%bc%d0%be%d0%bf%d0%be%d0%bc%d0%bf%d0%b8-%d0%b7%d0%b0-%d0%b1%d0%b0%d1%81%d0%b5%d0%b9%d0%bd/astralpool/%d0%b8%d0%bd%d0%b2%d0%b5%d1%80%d1%82%d0%be%d1%80%d0%bd%d0%b0-%d1%82%d0%b5%d1%80%d0%bc%d0%be%d0%bf%d0%be%d0%bc%d0%bf%d0%b0-%d0%b7%d0%b0-%d0%b1%d0%b0%d1%81%d0%b5%d0%b9%d0%bd-aquaheat-compact-neo-155/,https://jtclima.bg/wp-content/uploads/2025/03/invertorna-termopompa-za-basejn-aquaheat-neo-ahc155-66a24d245b6db_600x600-ezgif.com-webp-to-jpg-converter.jpg,AstralPool,Инверторна термопомпа за,AstralPool,2939.00 EUR,2735.00 EUR,Инверторна термопомпа за басейн;AstralPool;Термопомпи;Aquaheat ULTRA;Термопомпи за басейн,,,,,,,,,
18541,,Aquaheat AHC115NEO,https://jtclima.bg/produkti/termopompi/%d1%82%d0%b5%d1%80%d0%bc%d0%be%d0%bf%d0%be%d0%bc%d0%bf%d0%b8-%d0%b7%d0%b0-%d0%b1%d0%b0%d1%81%d0%b5%d0%b9%d0%bd/astralpool/%d0%b8%d0%bd%d0%b2%d0%b5%d1%80%d1%82%d0%be%d1%80%d0%bd%d0%b0-%d1%82%d0%b5%d1%80%d0%bc%d0%be%d0%bf%d0%be%d0%bc%d0%bf%d0%b0-%d0%b7%d0%b0-%d0%b1%d0%b0%d1%81%d0%b5%d0%b9%d0%bd-aquaheat-compact-neo-115/,https://jtclima.bg/wp-content/uploads/2025/03/invertorna-termopompa-za-basejn-aquaheat-neo-ahc155-66a24d245b6db_600x600-ezgif.com-webp-to-jpg-converter.jpg,Термопомпи,Инверторна термопомпа за,Термопомпи,2039.00 EUR,1895.00 EUR,Инверторна термопомпа за басейн;Термопомпи;AstralPool;Aquaheat ULTRA;Термопомпи за басейн,,,,,,,,,
18538,,AstralPool AHC84,https://jtclima.bg/produkti/termopompi/%d1%82%d0%b5%d1%80%d0%bc%d0%be%d0%bf%d0%be%d0%bc%d0%bf%d0%b8-%d0%b7%d0%b0-%d0%b1%d0%b0%d1%81%d0%b5%d0%b9%d0%bd/astralpool/%d0%b8%d0%bd%d0%b2%d0%b5%d1%80%d1%82%d0%be%d1%80%d0%bd%d0%b0-%d1%82%d0%b5%d1%80%d0%bc%d0%be%d0%bf%d0%be%d0%bc%d0%bf%d0%b0-%d0%b7%d0%b0-%d0%b1%d0%b0%d1%81%d0%b5%d0%b9%d0%bd-aquaheat-compact-84-kw-ah/,https://jtclima.bg/wp-content/uploads/2025/03/termopompa-aquaheat-compact-11-5kw-636256ced36d8_1280x1280-ezgif.com-webp-to-jpg-converter.jpg,Термопомпи,Инверторна термопомпа за,Термопомпи,1879.00 EUR,1745.00 EUR,Инверторна термопомпа за басейн;Термопомпи;AstralPool;Aquaheat ULTRA;Термопомпи за басейн,,,,,,,,,
18519,,LG WH200S,https://jtclima.bg/produkti/boileri/termopompen-boiler/lg-%d1%82%d0%b5%d1%80%d0%bc%d0%be%d0%bf%d0%be%d0%bc%d0%bf%d0%b5%d0%bd-%d0%b1%d0%be%d0%b9%d0%bb%d0%b5%d1%80-wh200s/,https://jtclima.bg/wp-content/uploads/2025/02/LG-WH20S-1.jpg,Термопомпени бойлери,термопомпен бойлер,Термопомпени бойлери,2760.00 EUR,2479.00 EUR,термопомпен бойлер;Термопомпени бойлери;Бойлери и буфери;LG,,,,,,,,,
18512,,LG WH270S,https://jtclima.bg/produkti/boileri/termopompen-boiler/lg-%d1%82%d0%b5%d1%80%d0%bc%d0%be%d0%bf%d0%be%d0%bc%d0%bf%d0%b5%d0%bd-%d0%b1%d0%be%d0%b9%d0%bb%d0%b5%d1%80-wh270s/,https://jtclima.bg/wp-content/uploads/2025/02/LG-WH20S-1.jpg,Термопомпени бойлери,термопомпен бойлер,Термопомпени бойлери,2880.00 EUR,2359.00 EUR,термопомпен бойлер;Термопомпени бойлери;Бойлери и буфери;LG,,,,,,,,,
18511,,LG SD030SSSN0,https://jtclima.bg/produkti/boileri/%d1%81%d1%82%d0%be%d1%8f%d1%89%d0%b8-%d0%b1%d0%be%d0%b9%d0%bb%d0%b5%d1%80%d0%b8/lg-%d0%bd%d0%b5%d1%80%d1%8a%d0%b6%d0%b4%d0%b0%d0%b5%d0%bc-%d0%b1%d0%be%d0%b9%d0%bb%d0%b5%d1%80-oshw-300fd-aeu/,https://jtclima.bg/wp-content/uploads/2025/02/bojjj-scaled.png,Бойлери и буфери,неръждаем бойлер,Бойлери и буфери,2329.00 EUR,2159.00 EUR,неръждаем бойлер;Бойлери и буфери;Стоящ бойлер;LG,,,,,,,,,
18508,,LG SD025SASN0,https://jtclima.bg/produkti/boileri/%d1%81%d1%82%d0%be%d1%8f%d1%89%d0%b8-%d0%b1%d0%be%d0%b9%d0%bb%d0%b5%d1%80%d0%b8/lg-%d0%bd%d0%b5%d1%80%d1%8a%d0%b6%d0%b4%d0%b0%d0%b5%d0%bc-%d0%b1%d0%be%d0%b9%d0%bb%d0%b5%d1%80-oshw-500f-aeu/,https://jtclima.bg/wp-content/uploads/2025/02/bijler-scaled.png,Бойлери и буфери,неръждаем бойлер,Бойлери и буфери,1989.00 EUR,1849.00 EUR,неръждаем бойлер;Бойлери и буфери;Стоящ бойлер;LG,,,,,,,,,
18507,,LG SD030SASN0,https://jtclima.bg/produkti/boileri/%d1%81%d1%82%d0%be%d1%8f%d1%89%d0%b8-%d0%b1%d0%be%d0%b9%d0%bb%d0%b5%d1%80%d0%b8/lg-%d0%bd%d0%b5%d1%80%d1%8a%d0%b6%d0%b4%d0%b0%d0%b5%d0%bc-%d0%b1%d0%be%d0%b9%d0%bb%d0%b5%d1%80-oshw-300f-aeu/,https://jtclima.bg/wp-content/uploads/2025/02/bijler-scaled.png,Бойлери и буфери,неръждаем бойлер,Бойлери и буфери,2115.00 EUR,1965.00 EUR,неръждаем бойлер;Бойлери и буфери;Стоящ бойлер;LG,,,,,,,,,
18504,,LG SD020SASN0,https://jtclima.bg/produkti/boileri/%d1%81%d1%82%d0%be%d1%8f%d1%89%d0%b8-%d0%b1%d0%be%d0%b9%d0%bb%d0%b5%d1%80%d0%b8/lg-%d0%bd%d0%b5%d1%80%d1%8a%d0%b6%d0%b4%d0%b0%d0%b5%d0%bc-%d0%b1%d0%be%d0%b9%d0%bb%d0%b5%d1%80-oshw-200f-aeu/,https://jtclima.bg/wp-content/uploads/2025/02/bijler-scaled.png,Бойлери и буфери,неръждаем бойлер,Бойлери и буфери,1865.00 EUR,1735.00 EUR,неръждаем бойлер;Бойлери и буфери;Стоящ бойлер;LG,,,,,,,,,
18502,,Innova,https://jtclima.bg/produkti/stenni-konvektori/%d0%b2%d0%b8%d1%81%d0%be%d0%ba%d0%be-%d1%81%d1%82%d0%b5%d0%bd%d0%b5%d0%bd-%d0%bc%d0%be%d0%bd%d1%82%d0%b0%d0%b6/innova-%d0%ba%d0%be%d0%bd%d0%b2%d0%b5%d0%ba%d1%82%d0%be%d1%80-%d0%b7%d0%b0-%d0%bf%d0%be%d0%b4%d0%be%d0%b2-%d0%bc%d0%be%d0%bd%d1%82%d0%b0%d0%b6-slw-800-%d0%b1%d0%b5%d0%b7-%d1%82%d0%b5%d1%80%d0%bc/,https://jtclima.bg/wp-content/uploads/2025/02/FILOMURO-4.jpg,Конвектори,конвектор за,Конвектори,761.00 EUR,708.00 EUR,конвектор за високостенен монтаж без термостат;Конвектори;Високо-стенен монтаж;innova Airleaf,,,,,,,,,
18499,,Innova,https://jtclima.bg/produkti/stenni-konvektori/%d0%b2%d0%b8%d1%81%d0%be%d0%ba%d0%be-%d1%81%d1%82%d0%b5%d0%bd%d0%b5%d0%bd-%d0%bc%d0%be%d0%bd%d1%82%d0%b0%d0%b6/innova-%d0%ba%d0%be%d0%bd%d0%b2%d0%b5%d0%ba%d1%82%d0%be%d1%80-%d0%b7%d0%b0-%d0%bf%d0%be%d0%b4%d0%be%d0%b2-%d0%bc%d0%be%d0%bd%d1%82%d0%b0%d0%b6-slw-600-%d0%b1%d0%b5%d0%b7-%d1%82%d0%b5%d1%80%d0%bc/,https://jtclima.bg/wp-content/uploads/2025/02/FILOMURO-4.jpg,Конвектори,конвектор за,Конвектори,692.00 EUR,644.00 EUR,конвектор за високостенен монтаж без термостат;Конвектори;Високо-стенен монтаж;innova Airleaf,,,,,,,,,
18496,,Innova,https://jtclima.bg/produkti/stenni-konvektori/%d0%b2%d0%b8%d1%81%d0%be%d0%ba%d0%be-%d1%81%d1%82%d0%b5%d0%bd%d0%b5%d0%bd-%d0%bc%d0%be%d0%bd%d1%82%d0%b0%d0%b6/innova-%d0%ba%d0%be%d0%bd%d0%b2%d0%b5%d0%ba%d1%82%d0%be%d1%80-%d0%b7%d0%b0-%d0%bf%d0%be%d0%b4%d0%be%d0%b2-%d0%bc%d0%be%d0%bd%d1%82%d0%b0%d0%b6-slw-400-%d0%b1%d0%b5%d0%b7-%d1%82%d0%b5%d1%80%d0%bc/,https://jtclima.bg/wp-content/uploads/2025/02/FILOMURO-4.jpg,Конвектори,конвектор за,Конвектори,625.00 EUR,580.00 EUR,конвектор за високостенен монтаж без термостат;Конвектори;Високо-стенен монтаж;innova Airleaf,,,,,,,,,
18491,,Innova,https://jtclima.bg/produkti/stenni-konvektori/%d0%bf%d0%be%d0%b4%d0%be%d0%b2%d0%be-%d1%81%d1%82%d0%b5%d0%bd%d0%b5%d0%bd-%d0%bc%d0%be%d0%bd%d1%82%d0%b0%d0%b6/innova-%d0%ba%d0%be%d0%bd%d0%b2%d0%b5%d0%ba%d1%82%d0%be%d1%80-%d0%b7%d0%b0-%d0%bf%d0%be%d0%b4%d0%be%d0%b2-%d0%bc%d0%be%d0%bd%d1%82%d0%b0%d0%b6-sli-1000-%d0%b1%d0%b5%d0%b7-%d1%82%d0%b5%d1%80%d0%bc/,https://jtclima.bg/wp-content/uploads/2025/02/SLI-SLSI-RSI-1-1.jpg,Подово-стенен монтаж,конвектор за подов,Подово-стенен монтаж,534.00 EUR,,конвектор за подов монтаж без термостат;Подово-стенен монтаж;Конвектори;innova Airleaf,,,,,,,,,
18490,,Innova,https://jtclima.bg/produkti/stenni-konvektori/%d0%bf%d0%be%d0%b4%d0%be%d0%b2%d0%be-%d1%81%d1%82%d0%b5%d0%bd%d0%b5%d0%bd-%d0%bc%d0%be%d0%bd%d1%82%d0%b0%d0%b6/innova-%d0%ba%d0%be%d0%bd%d0%b2%d0%b5%d0%ba%d1%82%d0%be%d1%80-%d0%b7%d0%b0-%d0%bf%d0%be%d0%b4%d0%be%d0%b2-%d0%bc%d0%be%d0%bd%d1%82%d0%b0%d0%b6-sli-800-%d0%b1%d0%b5%d0%b7-%d1%82%d0%b5%d1%80%d0%bc/,https://jtclima.bg/wp-content/uploads/2025/02/SLI-SLSI-RSI-1-1.jpg,Подово-стенен монтаж,конвектор за подов,Подово-стенен монтаж,484.00 EUR,,конвектор за подов монтаж без термостат;Подово-стенен монтаж;Конвектори;innova Airleaf,,,,,,,,,
18488,,Innova,https://jtclima.bg/produkti/stenni-konvektori/%d0%bf%d0%be%d0%b4%d0%be%d0%b2%d0%be-%d1%81%d1%82%d0%b5%d0%bd%d0%b5%d0%bd-%d0%bc%d0%be%d0%bd%d1%82%d0%b0%d0%b6/innova-%d0%ba%d0%be%d0%bd%d0%b2%d0%b5%d0%ba%d1%82%d0%be%d1%80-%d0%b7%d0%b0-%d0%bf%d0%be%d0%b4%d0%be%d0%b2-%d0%bc%d0%be%d0%bd%d1%82%d0%b0%d0%b6-sli-600-%d0%b1%d0%b5%d0%b7-%d1%82%d0%b5%d1%80%d0%bc/,https://jtclima.bg/wp-content/uploads/2025/02/SLI-SLSI-RSI-1-1.jpg,Подово-стенен монтаж,конвектор за подов,Подово-стенен монтаж,416.00 EUR,,конвектор за подов монтаж без термостат;Подово-стенен монтаж;Конвектори;innova Airleaf,,,,,,,,,
18486,,Innova,https://jtclima.bg/produkti/stenni-konvektori/%d0%bf%d0%be%d0%b4%d0%be%d0%b2%d0%be-%d1%81%d1%82%d0%b5%d0%bd%d0%b5%d0%bd-%d0%bc%d0%be%d0%bd%d1%82%d0%b0%d0%b6/innova-%d0%ba%d0%be%d0%bd%d0%b2%d0%b5%d0%ba%d1%82%d0%be%d1%80-%d0%b7%d0%b0-%d0%bf%d0%be%d0%b4%d0%be%d0%b2-%d0%bc%d0%be%d0%bd%d1%82%d0%b0%d0%b6-sli-400-%d0%b1%d0%b5%d0%b7-%d1%82%d0%b5%d1%80%d0%bc/,https://jtclima.bg/wp-content/uploads/2025/02/SLI-SLSI-RSI-1-1.jpg,Подово-стенен монтаж,конвектор за подов,Подово-стенен монтаж,356.37 EUR,,конвектор за подов монтаж без термостат;Подово-стенен монтаж;Конвектори;innova Airleaf,,,,,,,,,
18483,,Innova,https://jtclima.bg/produkti/stenni-konvektori/%d0%bf%d0%be%d0%b4%d0%be%d0%b2%d0%be-%d1%81%d1%82%d0%b5%d0%bd%d0%b5%d0%bd-%d0%bc%d0%be%d0%bd%d1%82%d0%b0%d0%b6/innova-%d0%ba%d0%be%d0%bd%d0%b2%d0%b5%d0%ba%d1%82%d0%be%d1%80-%d0%b7%d0%b0-%d0%bf%d0%be%d0%b4%d0%be%d0%b2-%d0%bc%d0%be%d0%bd%d1%82%d0%b0%d0%b6-sli-200-%d0%b1%d0%b5%d0%b7-%d1%82%d0%b5%d1%80%d0%bc/,https://jtclima.bg/wp-content/uploads/2025/02/SLI-SLSI-RSI-1-1.jpg,Подово-стенен монтаж,конвектор за подов,Подово-стенен монтаж,313.93 EUR,,конвектор за подов монтаж без термостат;Подово-стенен монтаж;Конвектори;innova Airleaf,,,,,,,,,
18481,,Innova,https://jtclima.bg/produkti/stenni-konvektori/%d0%bf%d0%be%d0%b4%d0%be%d0%b2%d0%be-%d1%81%d1%82%d0%b5%d0%bd%d0%b5%d0%bd-%d0%bc%d0%be%d0%bd%d1%82%d0%b0%d0%b6/innova-%d0%ba%d0%be%d0%bd%d0%b2%d0%b5%d0%ba%d1%82%d0%be%d1%80-%d0%b7%d0%b0-%d0%bf%d0%be%d0%b4%d0%be%d0%b2-%d0%bc%d0%be%d0%bd%d1%82%d0%b0%d0%b6-sls-1000-%d0%b1%d0%b5%d0%b7-%d1%82%d0%b5%d1%80%d0%bc/,https://jtclima.bg/wp-content/uploads/2025/02/SLS-2.jpg,Подово-стенен монтаж,конвектор за подов,Подово-стенен монтаж,730.00 EUR,,конвектор за подов монтаж без термостат;Подово-стенен монтаж;Конвектори;innova Airleaf,,,,,,,,,
18478,,Innova,https://jtclima.bg/produkti/stenni-konvektori/%d0%bf%d0%be%d0%b4%d0%be%d0%b2%d0%be-%d1%81%d1%82%d0%b5%d0%bd%d0%b5%d0%bd-%d0%bc%d0%be%d0%bd%d1%82%d0%b0%d0%b6/innova-%d0%ba%d0%be%d0%bd%d0%b2%d0%b5%d0%ba%d1%82%d0%be%d1%80-%d0%b7%d0%b0-%d0%bf%d0%be%d0%b4%d0%be%d0%b2-%d0%bc%d0%be%d0%bd%d1%82%d0%b0%d0%b6-sls-800-%d0%b1%d0%b5%d0%b7-%d1%82%d0%b5%d1%80%d0%bc/,https://jtclima.bg/wp-content/uploads/2025/02/SLS-2.jpg,Подово-стенен монтаж,конвектор за подов,Подово-стенен монтаж,645.00 EUR,,конвектор за подов монтаж без термостат;Подово-стенен монтаж;Конвектори;innova Airleaf,,,,,,,,,
18477,,Innova,https://jtclima.bg/produkti/stenni-konvektori/%d0%bf%d0%be%d0%b4%d0%be%d0%b2%d0%be-%d1%81%d1%82%d0%b5%d0%bd%d0%b5%d0%bd-%d0%bc%d0%be%d0%bd%d1%82%d0%b0%d0%b6/innova-%d0%ba%d0%be%d0%bd%d0%b2%d0%b5%d0%ba%d1%82%d0%be%d1%80-%d0%b7%d0%b0-%d0%bf%d0%be%d0%b4%d0%be%d0%b2-%d0%bc%d0%be%d0%bd%d1%82%d0%b0%d0%b6-sls-600-%d0%b1%d0%b5%d0%b7-%d1%82%d0%b5%d1%80%d0%bc/,https://jtclima.bg/wp-content/uploads/2025/02/SLS-2.jpg,Подово-стенен монтаж,конвектор за подов,Подово-стенен монтаж,568.00 EUR,,конвектор за подов монтаж без термостат;Подово-стенен монтаж;Конвектори;innova Airleaf,,,,,,,,,
18475,,Innova,https://jtclima.bg/produkti/stenni-konvektori/%d0%bf%d0%be%d0%b4%d0%be%d0%b2%d0%be-%d1%81%d1%82%d0%b5%d0%bd%d0%b5%d0%bd-%d0%bc%d0%be%d0%bd%d1%82%d0%b0%d0%b6/innova-%d0%ba%d0%be%d0%bd%d0%b2%d0%b5%d0%ba%d1%82%d0%be%d1%80-%d0%b7%d0%b0-%d0%bf%d0%be%d0%b4%d0%be%d0%b2-%d0%bc%d0%be%d0%bd%d1%82%d0%b0%d0%b6-sls-400-%d0%b1%d0%b5%d0%b7-%d1%82%d0%b5%d1%80%d0%bc/,https://jtclima.bg/wp-content/uploads/2025/02/SLS-2.jpg,Подово-стенен монтаж,конвектор за подов,Подово-стенен монтаж,484.00 EUR,,конвектор за подов монтаж без термостат;Подово-стенен монтаж;Конвектори;innova Airleaf,,,,,,,,,
18471,,Innova,https://jtclima.bg/produkti/stenni-konvektori/%d0%bf%d0%be%d0%b4%d0%be%d0%b2%d0%be-%d1%81%d1%82%d0%b5%d0%bd%d0%b5%d0%bd-%d0%bc%d0%be%d0%bd%d1%82%d0%b0%d0%b6/innova-%d0%ba%d0%be%d0%bd%d0%b2%d0%b5%d0%ba%d1%82%d0%be%d1%80-%d0%b7%d0%b0-%d0%bf%d0%be%d0%b4%d0%be%d0%b2-%d0%bc%d0%be%d0%bd%d1%82%d0%b0%d0%b6-sls-200-%d0%b1%d0%b5%d0%b7-%d1%82%d0%b5%d1%80%d0%bc/,https://jtclima.bg/wp-content/uploads/2025/02/SLS-2.jpg,Подово-стенен монтаж,конвектор за подов,Подово-стенен монтаж,446.00 EUR,,конвектор за подов монтаж без термостат;Подово-стенен монтаж;Конвектори;innova Airleaf,,,,,,,,,
18469,,Innova,https://jtclima.bg/produkti/stenni-konvektori/%d0%bf%d0%be%d0%b4%d0%be%d0%b2%d0%be-%d1%81%d1%82%d0%b5%d0%bd%d0%b5%d0%bd-%d0%bc%d0%be%d0%bd%d1%82%d0%b0%d0%b6/innova-%d0%ba%d0%be%d0%bd%d0%b2%d0%b5%d0%ba%d1%82%d0%be%d1%80-%d0%b7%d0%b0-%d0%bf%d0%be%d0%b4%d0%be%d0%b2-%d0%bc%d0%be%d0%bd%d1%82%d0%b0%d0%b6-sl-1000-%d0%b1%d0%b5%d0%b7-%d1%82%d0%b5%d1%80%d0%bc/,https://jtclima.bg/wp-content/uploads/2025/02/SL.jpg,Подово-стенен монтаж,конвектор за подов,Подово-стенен монтаж,755.00 EUR,687.00 EUR,конвектор за подов монтаж без термостат;Подово-стенен монтаж;Конвектори;innova Airleaf,,,,,,,,,
18467,,Innova,https://jtclima.bg/produkti/stenni-konvektori/%d0%bf%d0%be%d0%b4%d0%be%d0%b2%d0%be-%d1%81%d1%82%d0%b5%d0%bd%d0%b5%d0%bd-%d0%bc%d0%be%d0%bd%d1%82%d0%b0%d0%b6/innova-%d0%ba%d0%be%d0%bd%d0%b2%d0%b5%d0%ba%d1%82%d0%be%d1%80-%d0%b7%d0%b0-%d0%bf%d0%be%d0%b4%d0%be%d0%b2-%d0%bc%d0%be%d0%bd%d1%82%d0%b0%d0%b6-sl-800-%d0%b1%d0%b5%d0%b7-%d1%82%d0%b5%d1%80%d0%bc/,https://jtclima.bg/wp-content/uploads/2025/02/SL.jpg,Подово-стенен монтаж,конвектор за подов,Подово-стенен монтаж,670.00 EUR,609.00 EUR,конвектор за подов монтаж без термостат;Подово-стенен монтаж;Конвектори;innova Airleaf,,,,,,,,,
18464,,Innova,https://jtclima.bg/produkti/stenni-konvektori/%d0%bf%d0%be%d0%b4%d0%be%d0%b2%d0%be-%d1%81%d1%82%d0%b5%d0%bd%d0%b5%d0%bd-%d0%bc%d0%be%d0%bd%d1%82%d0%b0%d0%b6/innova-%d0%ba%d0%be%d0%bd%d0%b2%d0%b5%d0%ba%d1%82%d0%be%d1%80-%d0%b7%d0%b0-%d0%bf%d0%be%d0%b4%d0%be%d0%b2-%d0%bc%d0%be%d0%bd%d1%82%d0%b0%d0%b6-sl-600-%d0%b1%d0%b5%d0%b7-%d1%82%d0%b5%d1%80%d0%bc/,https://jtclima.bg/wp-content/uploads/2025/02/SL.jpg,Подово-стенен монтаж,конвектор за подов,Подово-стенен монтаж,564.00 EUR,513.00 EUR,конвектор за подов монтаж без термостат;Подово-стенен монтаж;Конвектори;innova Airleaf,,,,,,,,,
18462,,Innova,https://jtclima.bg/produkti/stenni-konvektori/%d0%bf%d0%be%d0%b4%d0%be%d0%b2%d0%be-%d1%81%d1%82%d0%b5%d0%bd%d0%b5%d0%bd-%d0%bc%d0%be%d0%bd%d1%82%d0%b0%d0%b6/innova-%d0%ba%d0%be%d0%bd%d0%b2%d0%b5%d0%ba%d1%82%d0%be%d1%80-%d0%b7%d0%b0-%d0%bf%d0%be%d0%b4%d0%be%d0%b2-%d0%bc%d0%be%d0%bd%d1%82%d0%b0%d0%b6-sl-400-%d0%b1%d0%b5%d0%b7-%d1%82%d0%b5%d1%80%d0%bc/,https://jtclima.bg/wp-content/uploads/2025/02/SL.jpg,Подово-стенен монтаж,конвектор за подов,Подово-стенен монтаж,484.00 EUR,440.00 EUR,конвектор за подов монтаж без термостат;Подово-стенен монтаж;Конвектори;innova Airleaf,,,,,,,,,
18459,,Innova,https://jtclima.bg/produkti/stenni-konvektori/%d0%bf%d0%be%d0%b4%d0%be%d0%b2%d0%be-%d1%81%d1%82%d0%b5%d0%bd%d0%b5%d0%bd-%d0%bc%d0%be%d0%bd%d1%82%d0%b0%d0%b6/innova-%d0%ba%d0%be%d0%bd%d0%b2%d0%b5%d0%ba%d1%82%d0%be%d1%80-%d0%b7%d0%b0-%d0%bf%d0%be%d0%b4%d0%be%d0%b2-%d0%bc%d0%be%d0%bd%d1%82%d0%b0%d0%b6-sl-200-%d0%b1%d0%b5%d0%b7-%d1%82%d0%b5%d1%80%d0%bc/,https://jtclima.bg/wp-content/uploads/2025/02/SL.jpg,Подово-стенен монтаж,конвектор за подов,Подово-стенен монтаж,441.00 EUR,,конвектор за подов монтаж без термостат;Подово-стенен монтаж;Конвектори;innova Airleaf,,,,,,,,,
18455,,Innofloow,https://jtclima.bg/produkti/podovo-otoplenie/%d0%bf%d1%80%d0%b8%d0%bd%d0%b0%d0%b4%d0%bb%d0%b5%d0%b6%d0%bd%d0%be%d1%81%d1%82%d0%b8-%d0%b7%d0%b0-%d0%bf%d0%be%d0%b4%d0%be%d0%b2%d0%be-%d0%be%d1%82%d0%be%d0%bf%d0%bb%d0%b5%d0%bd%d0%b8%d0%b5/innofloow-%d1%82%d0%b5%d1%80%d0%bc%d0%be%d0%b7%d0%b0%d0%b4%d0%b2%d0%b8%d0%b6%d0%ba%d0%b0-innoakt/,https://jtclima.bg/wp-content/uploads/2025/02/elektrotermichna-zadvizhka-innoakt_9253.jpg,Подово отопление,Термозадвижка,Подово отопление,15.60 EUR,,Термозадвижка;Подово отопление;Принадлежности за подово отопление;Innoflow,,,,,,,,,
18451,,Oventrop,https://jtclima.bg/produkti/podovo-otoplenie/%d0%bf%d1%80%d0%b8%d0%bd%d0%b0%d0%b4%d0%bb%d0%b5%d0%b6%d0%bd%d0%be%d1%81%d1%82%d0%b8-%d0%b7%d0%b0-%d0%bf%d0%be%d0%b4%d0%be%d0%b2%d0%be-%d0%be%d1%82%d0%be%d0%bf%d0%bb%d0%b5%d0%bd%d0%b8%d0%b5/oventrop-%d1%82%d0%b5%d1%80%d0%bc%d0%be%d0%b7%d0%b0%d0%b4%d0%b2%d0%b8%d0%b6%d0%ba%d0%b0/,https://jtclima.bg/wp-content/uploads/2025/02/el-zadvizhka-oventrop-1_8489.jpg,Подово отопление,Термозадвижка,Подово отопление,33.75 EUR,,Термозадвижка;Подово отопление;Принадлежности за подово отопление;Oventrop,,,,,,,,,
18448,,Rehau,https://jtclima.bg/produkti/podovo-otoplenie/%d0%bf%d1%80%d0%b8%d0%bd%d0%b0%d0%b4%d0%bb%d0%b5%d0%b6%d0%bd%d0%be%d1%81%d1%82%d0%b8-%d0%b7%d0%b0-%d0%bf%d0%be%d0%b4%d0%be%d0%b2%d0%be-%d0%be%d1%82%d0%be%d0%bf%d0%bb%d0%b5%d0%bd%d0%b8%d0%b5/rehau-%d1%82%d0%b5%d1%80%d0%bc%d0%be%d0%b7%d0%b0%d0%b4%d0%b2%d0%b8%d0%b6%d0%ba%d0%b0/,https://jtclima.bg/wp-content/uploads/2025/02/el-zadvizhka-rehau-uni_5546-1.jpg,Подово отопление,Термозадвижка,Подово отопление,32.00 EUR,,Термозадвижка;Подово отопление;Принадлежности за подово отопление;Rehau,,,,,,,,,
18444,,Herz,https://jtclima.bg/produkti/podovo-otoplenie/%d0%bf%d1%80%d0%b8%d0%bd%d0%b0%d0%b4%d0%bb%d0%b5%d0%b6%d0%bd%d0%be%d1%81%d1%82%d0%b8-%d0%b7%d0%b0-%d0%bf%d0%be%d0%b4%d0%be%d0%b2%d0%be-%d0%be%d1%82%d0%be%d0%bf%d0%bb%d0%b5%d0%bd%d0%b8%d0%b5/herz-%d1%82%d0%b5%d1%80%d0%bc%d0%be%d0%b7%d0%b0%d0%b4%d0%b2%d0%b8%d0%b6%d0%ba%d0%b0/,https://jtclima.bg/wp-content/uploads/2025/02/product_112.jpg,Подово отопление,Термозадвижка,Подово отопление,25.82 EUR,,Термозадвижка;Подово отопление;Принадлежности за подово отопление;Herz,,,,,,,,,
18442,,Honeywell,https://jtclima.bg/produkti/podovo-otoplenie/%d0%bf%d1%80%d0%b8%d0%bd%d0%b0%d0%b4%d0%bb%d0%b5%d0%b6%d0%bd%d0%be%d1%81%d1%82%d0%b8-%d0%b7%d0%b0-%d0%bf%d0%be%d0%b4%d0%be%d0%b2%d0%be-%d0%be%d1%82%d0%be%d0%bf%d0%bb%d0%b5%d0%bd%d0%b8%d0%b5/kan-therm-%d1%82%d0%b5%d1%80%d0%bc%d0%be%d0%b7%d0%b0%d0%b4%d0%b2%d0%b8%d0%b6%d0%ba%d0%b0/,https://jtclima.bg/wp-content/uploads/2025/02/235994_l.jpeg,Подово отопление,Термозадвижка,Подово отопление,17.03 EUR,,Термозадвижка;Подово отопление;Принадлежности за подово отопление;KAN Therm,,,,,,,,,
18438,,Oventrop,https://jtclima.bg/produkti/podovo-otoplenie/%d0%bf%d1%80%d0%b8%d0%bd%d0%b0%d0%b4%d0%bb%d0%b5%d0%b6%d0%bd%d0%be%d1%81%d1%82%d0%b8-%d0%b7%d0%b0-%d0%bf%d0%be%d0%b4%d0%be%d0%b2%d0%be-%d0%be%d1%82%d0%be%d0%bf%d0%bb%d0%b5%d0%bd%d0%b8%d0%b5/oventrop-%d0%b5%d0%b2%d1%80%d0%be%d0%ba%d0%be%d0%bd%d1%83%d1%81-%d0%b0%d0%b4%d0%b0%d0%bf%d1%82%d0%be%d1%80-%d0%b7%d0%b0-%d0%bc%d0%bd%d0%be%d0%b3%d0%be%d1%81%d0%bb%d0%be%d0%b9%d0%bd%d0%b0-%d1%82/,https://jtclima.bg/wp-content/uploads/2025/02/evrokonus-oventrop-16x3-4-1_5642.jpg,Подово отопление,Евроконус адаптор за,Подово отопление,4.27 EUR,,Евроконус адаптор за многослойна тръба;Подово отопление;Принадлежности за подово отопление;Oventrop,,,,,,,,,
18435,,Innofloow,https://jtclima.bg/produkti/podovo-otoplenie/%d0%bf%d1%80%d0%b8%d0%bd%d0%b0%d0%b4%d0%bb%d0%b5%d0%b6%d0%bd%d0%be%d1%81%d1%82%d0%b8-%d0%b7%d0%b0-%d0%bf%d0%be%d0%b4%d0%be%d0%b2%d0%be-%d0%be%d1%82%d0%be%d0%bf%d0%bb%d0%b5%d0%bd%d0%b8%d0%b5/innofloow-%d0%b5%d0%b2%d1%80%d0%be%d0%ba%d0%be%d0%bd%d1%83%d1%81-%d0%b0%d0%b4%d0%b0%d0%bf%d1%82%d0%be%d1%80-%d0%b7%d0%b0-%d0%bc%d0%bd%d0%be%d0%b3%d0%be%d1%81%d0%bb%d0%be%d0%b9%d0%bd%d0%b0-%d1%82-2/,https://jtclima.bg/wp-content/uploads/2025/02/adaptor-evrokonus-innocon-16_1709.jpg,Подово отопление,Евроконус адаптор за,Подово отопление,2.04 EUR,,Евроконус адаптор за многослойна тръба;Подово отопление;Принадлежности за подово отопление;Innoflow,,,,,,,,,
18433,,Innofloow,https://jtclima.bg/produkti/podovo-otoplenie/%d0%bf%d1%80%d0%b8%d0%bd%d0%b0%d0%b4%d0%bb%d0%b5%d0%b6%d0%bd%d0%be%d1%81%d1%82%d0%b8-%d0%b7%d0%b0-%d0%bf%d0%be%d0%b4%d0%be%d0%b2%d0%be-%d0%be%d1%82%d0%be%d0%bf%d0%bb%d0%b5%d0%bd%d0%b8%d0%b5/innofloow-%d0%b5%d0%b2%d1%80%d0%be%d0%ba%d0%be%d0%bd%d1%83%d1%81-%d0%b0%d0%b4%d0%b0%d0%bf%d1%82%d0%be%d1%80-%d0%b7%d0%b0-%d0%bc%d0%bd%d0%be%d0%b3%d0%be%d1%81%d0%bb%d0%be%d0%b9%d0%bd%d0%b0-%d1%82/,https://jtclima.bg/wp-content/uploads/2025/02/adaptor-evrokonus-innocon-16_1709.jpg,Подово отопление,Евроконус адаптор за,Подово отопление,2.16 EUR,,Евроконус адаптор за многослойна тръба;Подово отопление;Принадлежности за подово отопление;Innoflow,,,,,,,,,
18429,,Rehau,https://jtclima.bg/produkti/podovo-otoplenie/%d0%bf%d1%80%d0%b8%d0%bd%d0%b0%d0%b4%d0%bb%d0%b5%d0%b6%d0%bd%d0%be%d1%81%d1%82%d0%b8-%d0%b7%d0%b0-%d0%bf%d0%be%d0%b4%d0%be%d0%b2%d0%be-%d0%be%d1%82%d0%be%d0%bf%d0%bb%d0%b5%d0%bd%d0%b8%d0%b5/rehau-%d0%b5%d0%b2%d1%80%d0%be%d0%ba%d0%be%d0%bd%d1%83%d1%81-%d0%b0%d0%b4%d0%b0%d0%bf%d1%82%d0%be%d1%80-%d0%b7%d0%b0-%d0%bc%d0%bd%d0%be%d0%b3%d0%be%d1%81%d0%bb%d0%be%d0%b9%d0%bd%d0%b0-%d1%82%d1%80/,https://jtclima.bg/wp-content/uploads/2025/02/Adaptor-Evrokonus-Rehau-f17-x-2-x-3-4-600x315w.jpg,Подово отопление,Евроконус адаптор за,Подово отопление,5.52 EUR,,Евроконус адаптор за многослойна тръба;Подово отопление;Принадлежности за подово отопление;Rehau,,,,,,,,,
18426,,Herz,https://jtclima.bg/produkti/podovo-otoplenie/%d0%bf%d1%80%d0%b8%d0%bd%d0%b0%d0%b4%d0%bb%d0%b5%d0%b6%d0%bd%d0%be%d1%81%d1%82%d0%b8-%d0%b7%d0%b0-%d0%bf%d0%be%d0%b4%d0%be%d0%b2%d0%be-%d0%be%d1%82%d0%be%d0%bf%d0%bb%d0%b5%d0%bd%d0%b8%d0%b5/herz-%d0%b5%d0%b2%d1%80%d0%be%d0%ba%d0%be%d0%bd%d1%83%d1%81-%d0%b0%d0%b4%d0%b0%d0%bf%d1%82%d0%be%d1%80-%d0%b7%d0%b0-%d0%bc%d0%bd%d0%be%d0%b3%d0%be%d1%81%d0%bb%d0%be%d0%b9%d0%bd%d0%b0-%d1%82%d1%80/,https://jtclima.bg/wp-content/uploads/2025/02/syedinenie-za-plastmasova-tryba-g-3-4-herz_376.jpg,Подово отопление,Евроконус адаптор за,Подово отопление,2.30 EUR,,Евроконус адаптор за многослойна тръба;Подово отопление;Принадлежности за подово отопление;Herz,,,,,,,,,
18424,,KAN,https://jtclima.bg/produkti/podovo-otoplenie/%d0%bf%d1%80%d0%b8%d0%bd%d0%b0%d0%b4%d0%bb%d0%b5%d0%b6%d0%bd%d0%be%d1%81%d1%82%d0%b8-%d0%b7%d0%b0-%d0%bf%d0%be%d0%b4%d0%be%d0%b2%d0%be-%d0%be%d1%82%d0%be%d0%bf%d0%bb%d0%b5%d0%bd%d0%b8%d0%b5/kan-therm-%d0%b5%d0%b2%d1%80%d0%be%d0%ba%d0%be%d0%bd%d1%83%d1%81-%d0%b0%d0%b4%d0%b0%d0%bf%d1%82%d0%be%d1%80-%d0%b7%d0%b0-%d0%bc%d0%bd%d0%be%d0%b3%d0%be%d1%81%d0%bb%d0%be%d0%b9%d0%bd%d0%b0-%d1%82-2/,https://jtclima.bg/wp-content/uploads/2025/02/evrokonus-mnogoslojni-trabi_image-ezgif.com-webp-to-png-converter.png,Подово отопление,Евроконус адаптор за,Подово отопление,4.44 EUR,,Евроконус адаптор за многослойна тръба;Подово отопление;Принадлежности за подово отопление;KAN Therm,,,,,,,,,
18422,,KAN,https://jtclima.bg/produkti/podovo-otoplenie/%d0%bf%d1%80%d0%b8%d0%bd%d0%b0%d0%b4%d0%bb%d0%b5%d0%b6%d0%bd%d0%be%d1%81%d1%82%d0%b8-%d0%b7%d0%b0-%d0%bf%d0%be%d0%b4%d0%be%d0%b2%d0%be-%d0%be%d1%82%d0%be%d0%bf%d0%bb%d0%b5%d0%bd%d0%b8%d0%b5/kan-therm-%d0%b5%d0%b2%d1%80%d0%be%d0%ba%d0%be%d0%bd%d1%83%d1%81-%d0%b0%d0%b4%d0%b0%d0%bf%d1%82%d0%be%d1%80-%d0%b7%d0%b0-%d0%bc%d0%bd%d0%be%d0%b3%d0%be%d1%81%d0%bb%d0%be%d0%b9%d0%bd%d0%b0-%d1%82/,https://jtclima.bg/wp-content/uploads/2025/02/evrokonus-mnogoslojni-trabi_image-ezgif.com-webp-to-png-converter.png,Подово отопление,Евроконус адаптор за,Подово отопление,3.58 EUR,,Евроконус адаптор за многослойна тръба;Подово отопление;Принадлежности за подово отопление;KAN Therm,,,,,,,,,
18417,,REHAU,https://jtclima.bg/produkti/podovo-otoplenie/%d0%bf%d1%80%d0%b8%d0%bd%d0%b0%d0%b4%d0%bb%d0%b5%d0%b6%d0%bd%d0%be%d1%81%d1%82%d0%b8-%d0%b7%d0%b0-%d0%bf%d0%be%d0%b4%d0%be%d0%b2%d0%be-%d0%be%d1%82%d0%be%d0%bf%d0%bb%d0%b5%d0%bd%d0%b8%d0%b5/rehau-%d1%82%d0%b0%d0%ba%d0%b5%d1%80-%d1%81%d0%ba%d0%be%d0%b1%d0%b8-rautac-%d0%b7%d0%b0-%d1%82%d1%80%d1%8a%d0%b1%d0%b0-%d1%8414-17/,https://jtclima.bg/wp-content/uploads/2025/02/taker-skobi-rautac-ot-rehau-za-tryba-f20_3357.jpg,Подово отопление,Такер скоби за тръба,Подово отопление,0.08 EUR,,Такер скоби за тръба;Подово отопление;Принадлежности за подово отопление;Rehau,,,,,,,,,
18414,,KAN U42,https://jtclima.bg/produkti/podovo-otoplenie/%d0%bf%d1%80%d0%b8%d0%bd%d0%b0%d0%b4%d0%bb%d0%b5%d0%b6%d0%bd%d0%be%d1%81%d1%82%d0%b8-%d0%b7%d0%b0-%d0%bf%d0%be%d0%b4%d0%be%d0%b2%d0%be-%d0%be%d1%82%d0%be%d0%bf%d0%bb%d0%b5%d0%bd%d0%b8%d0%b5/kan-therm-%d1%82%d0%b0%d0%ba%d0%b5%d1%80-%d1%81%d0%ba%d0%be%d0%b1%d0%b8-%d0%b7%d0%b0-%d1%82%d1%80%d1%8a%d0%b1%d0%b8-14-18-%d0%bc%d0%bc/,https://jtclima.bg/wp-content/uploads/2025/02/taker-skobi-podovo-otoplenie_image-ezgif.com-webp-to-png-converter.png,Подово отопление,такер скоба,Подово отопление,8.60 EUR,,такер скоба;Подово отопление;Принадлежности за подово отопление;KAN Therm,,,,,,,,,
18410,,Innofloow,https://jtclima.bg/produkti/podovo-otoplenie/%d0%bf%d1%80%d0%b8%d0%bd%d0%b0%d0%b4%d0%bb%d0%b5%d0%b6%d0%bd%d0%be%d1%81%d1%82%d0%b8-%d0%b7%d0%b0-%d0%bf%d0%be%d0%b4%d0%be%d0%b2%d0%be-%d0%be%d1%82%d0%be%d0%bf%d0%bb%d0%b5%d0%bd%d0%b8%d0%b5/innofloow-%d1%82%d0%b0%d0%ba%d0%b5%d1%80-%d1%81%d0%ba%d0%be%d0%b1%d0%b8-%d0%b7%d0%b0-%d1%82%d1%80%d1%8a%d0%b1%d0%b8-innopin-14-22-%d0%bc%d0%bc/,https://jtclima.bg/wp-content/uploads/2025/02/skobi-igli-za-trybi-14mm-22mm-innoflow_510.jpg,Подово отопление,Такер скоби за тръби – мм,Подово отопление,0.04 EUR,,Такер скоби за тръби – мм;Подово отопление;Принадлежности за подово отопление;Innoflow,,,,,,,,,
18408,,Oventrop,https://jtclima.bg/produkti/podovo-otoplenie/%d0%bf%d1%80%d0%b8%d0%bd%d0%b0%d0%b4%d0%bb%d0%b5%d0%b6%d0%bd%d0%be%d1%81%d1%82%d0%b8-%d0%b7%d0%b0-%d0%bf%d0%be%d0%b4%d0%be%d0%b2%d0%be-%d0%be%d1%82%d0%be%d0%bf%d0%bb%d0%b5%d0%bd%d0%b8%d0%b5/oventrop-%d1%82%d0%b0%d0%ba%d0%b5%d1%80-%d1%81%d0%ba%d0%be%d0%b1%d0%b8-%d0%b7%d0%b0-%d1%82%d1%80%d1%8a%d0%b1%d0%b8-14-20-%d0%bc%d0%bc/,https://jtclima.bg/wp-content/uploads/2025/02/skobi-igli-ot-plastmasa-za-trbi-14-20-mm-1_5819.jpg,Подово отопление,Такер скоби за тръби – мм,Подово отопление,0.06 EUR,,Такер скоби за тръби – мм;Подово отопление;Принадлежности за подово отопление;Oventrop,,,,,,,,,
18404,,KAN,https://jtclima.bg/produkti/podovo-otoplenie/%d0%bf%d1%80%d0%b8%d0%bd%d0%b0%d0%b4%d0%bb%d0%b5%d0%b6%d0%bd%d0%be%d1%81%d1%82%d0%b8-%d0%b7%d0%b0-%d0%bf%d0%be%d0%b4%d0%be%d0%b2%d0%be-%d0%be%d1%82%d0%be%d0%bf%d0%bb%d0%b5%d0%bd%d0%b8%d0%b5/kan-therm-%d0%bd%d0%b0%d0%bf%d1%80%d0%b0%d0%b2%d0%bb%d1%8f%d0%b2%d0%b0%d1%89%d0%b0-%d0%b4%d1%8a%d0%b3%d0%b0-%d0%bd%d0%b0-90/,https://jtclima.bg/wp-content/uploads/2025/02/napravlqvashta-duga-ezgif.com-webp-to-png-converter.png,Подово отопление,Направляваща дъга на,Подово отопление,1.91 EUR,,Направляваща дъга на;Подово отопление;Принадлежности за подово отопление;KAN Therm,,,,,,,,,
18400,,Rehau,https://jtclima.bg/produkti/podovo-otoplenie/%d0%bf%d1%80%d0%b8%d0%bd%d0%b0%d0%b4%d0%bb%d0%b5%d0%b6%d0%bd%d0%be%d1%81%d1%82%d0%b8-%d0%b7%d0%b0-%d0%bf%d0%be%d0%b4%d0%be%d0%b2%d0%be-%d0%be%d1%82%d0%be%d0%bf%d0%bb%d0%b5%d0%bd%d0%b8%d0%b5/rehau-%d0%bd%d0%b0%d0%bf%d1%80%d0%b0%d0%b2%d0%bb%d1%8f%d0%b2%d0%b0%d1%89%d0%b0-%d0%b4%d1%8a%d0%b3%d0%b0-%d0%bd%d0%b0-90/,https://jtclima.bg/wp-content/uploads/2025/02/napravliqvashta-dyga-na-90-rehau_3464.jpg,Подово отопление,Направляваща дъга на,Подово отопление,2.12 EUR,,Направляваща дъга на;Подово отопление;Принадлежности за подово отопление;Rehau,,,,,,,,,
18396,,Sanha,https://jtclima.bg/produkti/podovo-otoplenie/proizvoditeli-%d0%bf%d0%be%d0%b4%d0%be%d0%b2%d0%be-%d0%be%d1%82%d0%be%d0%bf%d0%bb%d0%b5%d0%bd%d0%b8%d0%b5/sanha/kan-therm-%d1%81%d0%bc%d0%b5%d1%81%d0%b8%d1%82%d0%b5%d0%bb%d0%bd%d0%b0-%d0%b3%d1%80%d1%83%d0%bf%d0%b0-%d0%b7%d0%b0-%d0%bf%d0%be%d0%b4%d0%be%d0%b2%d0%be-%d0%be%d1%82%d0%be%d0%bf%d0%bb%d0%b5%d0%bd/,https://jtclima.bg/wp-content/uploads/2025/02/sanhagrundfos.png,Sanha,Смесителна група за,Sanha,424.00 EUR,,Смесителна група за подово отопление;Sanha;Подово отопление;Смесителни групи за подово отпление,,,,,,,,,
18392,,Oventrop,https://jtclima.bg/produkti/podovo-otoplenie/%d1%81%d0%bc%d0%b5%d1%81%d0%b8%d1%82%d0%b5%d0%bb%d0%bd%d0%b8-%d0%b3%d1%80%d1%83%d0%bf%d0%b8-%d0%b7%d0%b0-%d0%bf%d0%be%d0%b4%d0%be%d0%b2%d0%be-%d0%be%d1%82%d0%bf%d0%bb%d0%b5%d0%bd%d0%b8%d0%b5/oventrop-%d1%81%d0%bc%d0%b5%d1%81%d0%b8%d1%82%d0%b5%d0%bb%d0%bd%d0%b0-%d0%b3%d1%80%d1%83%d0%bf%d0%b0-%d0%b7%d0%b0-%d0%bf%d0%be%d0%b4%d0%be%d0%b2%d0%be-%d0%be%d1%82%d0%be%d0%bf%d0%bb%d0%b5%d0%bd%d0%b8/,https://jtclima.bg/wp-content/uploads/2025/02/smesitelna-grupa-oventrop-regufloor-hn-_1992.jpg,Подово отопление,Смесителна група за,Подово отопление,743.00 EUR,,Смесителна група за подово отопление;Подово отопление;Смесителни групи за подово отпление;Oventrop,,,,,,,,,
18389,,Rehau,https://jtclima.bg/produkti/podovo-otoplenie/%d1%81%d0%bc%d0%b5%d1%81%d0%b8%d1%82%d0%b5%d0%bb%d0%bd%d0%b8-%d0%b3%d1%80%d1%83%d0%bf%d0%b8-%d0%b7%d0%b0-%d0%bf%d0%be%d0%b4%d0%be%d0%b2%d0%be-%d0%be%d1%82%d0%bf%d0%bb%d0%b5%d0%bd%d0%b8%d0%b5/rehau-%d1%81%d0%bc%d0%b5%d1%81%d0%b8%d1%82%d0%b5%d0%bb%d0%bd%d0%b0-%d0%b3%d1%80%d1%83%d0%bf%d0%b0-%d0%b7%d0%b0-%d0%bf%d0%be%d0%b4%d0%be%d0%b2%d0%be-%d0%be%d1%82%d0%be%d0%bf%d0%bb%d0%b5%d0%bd%d0%b8/,https://jtclima.bg/wp-content/uploads/2025/02/pompena-grupa-za-podovo-otoplenie-rehau_6303.jpg,Подово отопление,Смесителна група за,Подово отопление,877.00 EUR,,Смесителна група за подово отопление;Подово отопление;Смесителни групи за подово отпление;Rehau,,,,,,,,,
18386,,Innofloow,https://jtclima.bg/produkti/podovo-otoplenie/%d1%81%d0%bc%d0%b5%d1%81%d0%b8%d1%82%d0%b5%d0%bb%d0%bd%d0%b8-%d0%b3%d1%80%d1%83%d0%bf%d0%b8-%d0%b7%d0%b0-%d0%bf%d0%be%d0%b4%d0%be%d0%b2%d0%be-%d0%be%d1%82%d0%bf%d0%bb%d0%b5%d0%bd%d0%b8%d0%b5/innofloow-%d1%81%d0%bc%d0%b5%d1%81%d0%b8%d1%82%d0%b5%d0%bb%d0%bd%d0%b0-%d0%b3%d1%80%d1%83%d0%bf%d0%b0-%d0%b7%d0%b0-%d0%bf%d0%be%d0%b4%d0%be%d0%b2%d0%be-%d0%be%d1%82%d0%be%d0%bf%d0%bb%d0%b5%d0%bd-2/,https://jtclima.bg/wp-content/uploads/2025/02/smesitelna-grupa-za-podovo-otoplenie-innomix-250_7741.jpg,Подово отопление,Смесителна група за,Подово отопление,399.00 EUR,,Смесителна група за подово отопление;Подово отопление;Смесителни групи за подово отпление;Innoflow,,,,,,,,,
18382,,Innofloow,https://jtclima.bg/produkti/podovo-otoplenie/%d1%81%d0%bc%d0%b5%d1%81%d0%b8%d1%82%d0%b5%d0%bb%d0%bd%d0%b8-%d0%b3%d1%80%d1%83%d0%bf%d0%b8-%d0%b7%d0%b0-%d0%bf%d0%be%d0%b4%d0%be%d0%b2%d0%be-%d0%be%d1%82%d0%bf%d0%bb%d0%b5%d0%bd%d0%b8%d0%b5/innofloow-%d1%81%d0%bc%d0%b5%d1%81%d0%b8%d1%82%d0%b5%d0%bb%d0%bd%d0%b0-%d0%b3%d1%80%d1%83%d0%bf%d0%b0-%d0%b7%d0%b0-%d0%bf%d0%be%d0%b4%d0%be%d0%b2%d0%be-%d0%be%d1%82%d0%be%d0%bf%d0%bb%d0%b5%d0%bd/,https://jtclima.bg/wp-content/uploads/2025/02/smesitelna-grupa-za-podovo-otoplenie-innomix_3890.jpg,Подово отопление,Смесителна група за,Подово отопление,373.20 EUR,,Смесителна група за подово отопление;Подово отопление;Смесителни групи за подово отпление;Innoflow,,,,,,,,,
18379,,Herz,https://jtclima.bg/produkti/podovo-otoplenie/%d1%81%d0%bc%d0%b5%d1%81%d0%b8%d1%82%d0%b5%d0%bb%d0%bd%d0%b8-%d0%b3%d1%80%d1%83%d0%bf%d0%b8-%d0%b7%d0%b0-%d0%bf%d0%be%d0%b4%d0%be%d0%b2%d0%be-%d0%be%d1%82%d0%bf%d0%bb%d0%b5%d0%bd%d0%b8%d0%b5/herz-%d1%81%d0%bc%d0%b5%d1%81%d0%b8%d1%82%d0%b5%d0%bb%d0%bd%d0%b0-%d0%b3%d1%80%d1%83%d0%bf%d0%b0-%d0%b7%d0%b0-%d0%bf%d0%be%d0%b4%d0%be%d0%b2%d0%be-%d0%be%d1%82%d0%be%d0%bf%d0%bb%d0%b5%d0%bd%d0%b8/,https://jtclima.bg/wp-content/uploads/2025/02/smesitelna-grupa-herz-s-pompa_4094.jpg,Подово отопление,Смесителна група за,Подово отопление,435.00 EUR,,Смесителна група за подово отопление;Подово отопление;Смесителни групи за подово отпление;Herz,,,,,,,,,
18377,,KAN,https://jtclima.bg/produkti/podovo-otoplenie/%d0%ba%d0%be%d0%bb%d0%b5%d0%ba%d1%82%d0%be%d1%80%d0%bd%d0%b8-%d0%ba%d1%83%d1%82%d0%b8%d0%b8-%d0%b7%d0%b0-%d0%bf%d0%be%d0%b4%d0%be%d0%b2%d0%be-%d0%be%d1%82%d0%be%d0%bf%d0%bb%d0%b5%d0%bd%d0%b8%d0%b5/kan-therm-%d0%ba%d0%be%d0%bb%d0%b5%d0%ba%d1%82%d0%be%d1%80%d0%bd%d0%b0-%d0%ba%d1%83%d1%82%d0%b8%d1%8f-swp-op-%d0%b7%d0%b0-%d0%b2%d1%8a%d0%bd%d1%88%d0%b5%d0%bd-%d0%bc%d0%be%d0%bd%d1%82%d0%b0%d0%b6/,https://jtclima.bg/wp-content/uploads/2025/02/SWP-OP-jpg-converter.jpg,Подово отопление,Колекторна кутия за,Подово отопление,123.00 EUR,,Колекторна кутия за външен монтаж;Подово отопление;Колекторни кутии за подово отопление;KAN Therm,,,,,,,,,
18373,,KAN,https://jtclima.bg/produkti/podovo-otoplenie/%d0%ba%d0%be%d0%bb%d0%b5%d0%ba%d1%82%d0%be%d1%80%d0%bd%d0%b8-%d0%ba%d1%83%d1%82%d0%b8%d0%b8-%d0%b7%d0%b0-%d0%bf%d0%be%d0%b4%d0%be%d0%b2%d0%be-%d0%be%d1%82%d0%be%d0%bf%d0%bb%d0%b5%d0%bd%d0%b8%d0%b5/kan-therm-%d0%ba%d0%be%d0%bb%d0%b5%d0%ba%d1%82%d0%be%d1%80%d0%bd%d0%b0-%d0%ba%d1%83%d1%82%d0%b8%d1%8f-swp-op-%d0%b7%d0%b0-%d0%b2%d0%b3%d1%80%d0%b0%d0%b6%d0%b4%d0%b0%d0%bd%d0%b5/,https://jtclima.bg/wp-content/uploads/2025/02/SWP-OP-jpg-converter.jpg,Подово отопление,Колекторна кутия за,Подово отопление,131.00 EUR,,Колекторна кутия за вграждане;Подово отопление;Колекторни кутии за подово отопление;KAN Therm,,,,,,,,,
18370,,KAN,https://jtclima.bg/produkti/podovo-otoplenie/%d0%ba%d0%be%d0%bb%d0%b5%d0%ba%d1%82%d0%be%d1%80%d0%bd%d0%b8-%d0%ba%d1%83%d1%82%d0%b8%d0%b8-%d0%b7%d0%b0-%d0%bf%d0%be%d0%b4%d0%be%d0%b2%d0%be-%d0%be%d1%82%d0%be%d0%bf%d0%bb%d0%b5%d0%bd%d0%b8%d0%b5/kan-therm-%d0%ba%d0%be%d0%bb%d0%b5%d0%ba%d1%82%d0%be%d1%80%d0%bd%d0%b0-%d0%ba%d1%83%d1%82%d0%b8%d1%8f-slim-%d0%b7%d0%b0-%d0%b2%d0%b3%d1%80%d0%b0%d0%b6%d0%b4%d0%b0%d0%bd%d0%b5/,https://jtclima.bg/wp-content/uploads/2025/02/slim-.jpg,Подово отопление,Колекторна кутия за,Подово отопление,108.00 EUR,,Колекторна кутия за вграждане;Подово отопление;Колекторни кутии за подово отопление;KAN Therm,,,,,,,,,
18367,,Rehau,https://jtclima.bg/produkti/podovo-otoplenie/%d0%ba%d0%be%d0%bb%d0%b5%d0%ba%d1%82%d0%be%d1%80%d0%bd%d0%b8-%d0%ba%d1%83%d1%82%d0%b8%d0%b8-%d0%b7%d0%b0-%d0%bf%d0%be%d0%b4%d0%be%d0%b2%d0%be-%d0%be%d1%82%d0%be%d0%bf%d0%bb%d0%b5%d0%bd%d0%b8%d0%b5/rehau-%d0%ba%d0%be%d0%bb%d0%b5%d0%ba%d1%82%d0%be%d1%80%d0%bd%d0%b0-%d0%ba%d1%83%d1%82%d0%b8%d1%8f-ap-%d0%b7%d0%b0-%d0%b2%d1%8a%d0%bd%d1%88%d0%b5%d0%bd-%d0%bc%d0%be%d0%bd%d1%82%d0%b0%d0%b6/,https://jtclima.bg/wp-content/uploads/2025/02/kolektorna-kutiiq-rehau-ap-130-805-za-vynshen-montazh-6-9-kryga_4657.jpg,Подово отопление,Колекторна кутия за,Подово отопление,108.00 EUR,,Колекторна кутия за външен монтаж;Подово отопление;Колекторни кутии за подово отопление;Rehau,,,,,,,,,
18364,,Rehau,https://jtclima.bg/produkti/podovo-otoplenie/%d0%ba%d0%be%d0%bb%d0%b5%d0%ba%d1%82%d0%be%d1%80%d0%bd%d0%b8-%d0%ba%d1%83%d1%82%d0%b8%d0%b8-%d0%b7%d0%b0-%d0%bf%d0%be%d0%b4%d0%be%d0%b2%d0%be-%d0%be%d1%82%d0%be%d0%bf%d0%bb%d0%b5%d0%bd%d0%b8%d0%b5/rehau-%d0%ba%d0%be%d0%bb%d0%b5%d0%ba%d1%82%d0%be%d1%80%d0%bd%d0%b0-%d0%ba%d1%83%d1%82%d0%b8%d1%8f-up-%d0%b7%d0%b0-%d0%b2%d0%b3%d1%80%d0%b0%d0%b6%d0%b4%d0%b0%d0%bd%d0%b5/,https://jtclima.bg/wp-content/uploads/2025/02/kolektoren-shkaf-rehau-up-110-1300_1107.jpg,Подово отопление,Колекторна кутия за,Подово отопление,130.00 EUR,,Колекторна кутия за вграждане;Подово отопление;Колекторни кутии за подово отопление;Rehau,,,,,,,,,
18360,,Oventrop,https://jtclima.bg/produkti/podovo-otoplenie/%d0%ba%d0%be%d0%bb%d0%b5%d0%ba%d1%82%d0%be%d1%80%d0%bd%d0%b8-%d0%ba%d1%83%d1%82%d0%b8%d0%b8-%d0%b7%d0%b0-%d0%bf%d0%be%d0%b4%d0%be%d0%b2%d0%be-%d0%be%d1%82%d0%be%d0%bf%d0%bb%d0%b5%d0%bd%d0%b8%d0%b5/oventrop-%d0%ba%d0%be%d0%bb%d0%b5%d0%ba%d1%82%d0%be%d1%80%d0%bd%d0%b0-%d0%ba%d1%83%d1%82%d0%b8%d1%8f-%d0%b7%d0%b0-%d0%b2%d1%8a%d0%bd%d1%88%d0%b5%d0%bd-%d0%bc%d0%be%d0%bd%d1%82%d0%b0%d0%b6/,https://jtclima.bg/wp-content/uploads/2025/02/kolektorna-kutiiq-za-vynshen-montazh-oventrop-600mm-h-760mm_4801.jpg,Подово отопление,Колекторна кутия за,Подово отопление,259.00 EUR,,Колекторна кутия за външен монтаж;Подово отопление;Колекторни кутии за подово отопление;Oventrop,,,,,,,,,
18356,,Oventrop,https://jtclima.bg/produkti/podovo-otoplenie/%d0%ba%d0%be%d0%bb%d0%b5%d0%ba%d1%82%d0%be%d1%80%d0%bd%d0%b8-%d0%ba%d1%83%d1%82%d0%b8%d0%b8-%d0%b7%d0%b0-%d0%bf%d0%be%d0%b4%d0%be%d0%b2%d0%be-%d0%be%d1%82%d0%be%d0%bf%d0%bb%d0%b5%d0%bd%d0%b8%d0%b5/oventrop-%d0%ba%d0%be%d0%bb%d0%b5%d0%ba%d1%82%d0%be%d1%80%d0%bd%d0%b0-%d0%ba%d1%83%d1%82%d0%b8%d1%8f-%d0%b7%d0%b0-%d0%b2%d0%b3%d1%80%d0%b0%d0%b6%d0%b4%d0%b0%d0%bd%d0%b5/,https://jtclima.bg/wp-content/uploads/2025/02/kolektorna-kutiiq-za-vgrazhdane-oventrop-560h760_4279.jpg,Подово отопление,Колекторна кутия за,Подово отопление,160.00 EUR,,Колекторна кутия за вграждане;Подово отопление;Колекторни кутии за подово отопление;Oventrop,,,,,,,,,
18353,,Innoflow,https://jtclima.bg/produkti/podovo-otoplenie/%d0%ba%d0%be%d0%bb%d0%b5%d0%ba%d1%82%d0%be%d1%80%d0%bd%d0%b8-%d0%ba%d1%83%d1%82%d0%b8%d0%b8-%d0%b7%d0%b0-%d0%bf%d0%be%d0%b4%d0%be%d0%b2%d0%be-%d0%be%d1%82%d0%be%d0%bf%d0%bb%d0%b5%d0%bd%d0%b8%d0%b5/innoflow-%d0%ba%d0%be%d0%bb%d0%b5%d0%ba%d1%82%d0%be%d1%80%d0%bd%d0%b0-%d0%ba%d1%83%d1%82%d0%b8%d1%8f-%d0%b7%d0%b0-%d0%b2%d0%b3%d1%80%d0%b0%d0%b6%d0%b4%d0%b0%d0%bd%d0%b5-innobox/,https://jtclima.bg/wp-content/uploads/2025/02/kolektorna-kutiiq-za-vgrazhdane-innobox-45h40-110-160_5870.jpg,Подово отопление,Колекторна кутия за,Подово отопление,55.65 EUR,,Колекторна кутия за вграждане;Подово отопление;Колекторни кутии за подово отопление;Innoflow,,,,,,,,,
18348,,KAN,https://jtclima.bg/produkti/podovo-otoplenie/%d0%be%d0%ba%d0%b0%d0%bd%d1%82%d0%b2%d0%b0%d1%89%d0%b8-%d0%b8%d0%b7%d0%be%d0%bb%d0%b0%d1%86%d0%b8%d0%be%d0%bd%d0%bd%d0%b8-%d0%bb%d0%b5%d0%bd%d1%82%d0%b8-%d0%b7%d0%b0-%d0%bf%d0%be%d0%b4%d0%be%d0%b2/kan-therm-%d0%b4%d0%b5%d0%bb%d0%b0%d1%82%d0%b0%d1%86%d0%b8%d0%be%d0%bd%d0%b5%d0%bd-%d0%bf%d1%80%d0%be%d1%84%d0%b8%d0%bb/,https://jtclima.bg/wp-content/uploads/2025/02/dilatacionen-profil-pe-pyana-kan-therm-2-m-ruvik-ezgif.com-webp-to-jpg-converter.jpg,Подово отопление,делатационен профил,Подово отопление,1.44 EUR,,делатационен профил;Подово отопление;Окантващи изолационни ленти за подово отопление;KAN Therm,,,,,,,,,
18345,,Innofloor,https://jtclima.bg/produkti/podovo-otoplenie/%d0%be%d0%ba%d0%b0%d0%bd%d1%82%d0%b2%d0%b0%d1%89%d0%b8-%d0%b8%d0%b7%d0%be%d0%bb%d0%b0%d1%86%d0%b8%d0%be%d0%bd%d0%bd%d0%b8-%d0%bb%d0%b5%d0%bd%d1%82%d0%b8-%d0%b7%d0%b0-%d0%bf%d0%be%d0%b4%d0%be%d0%b2/innofloor-%d1%81%d0%b0%d0%bc%d0%be%d0%b7%d0%b0%d0%bb%d0%b5%d0%bf%d0%b2%d0%b0%d1%89-%d0%b4%d0%b5%d0%bb%d0%b0%d1%82%d0%b0%d1%86%d0%b8%d0%be%d0%bd%d0%b5%d0%bd-%d0%bf%d1%80%d0%be%d1%84%d0%b8%d0%bb-innojo/,https://jtclima.bg/wp-content/uploads/2025/02/izolacionen-profil-za-fuga-innojont_287.jpg,Подово отопление,Самозалепващ,Подово отопление,8.76 EUR,,Самозалепващ делатационен профил;Подово отопление;Окантващи изолационни ленти за подово отопление;Innoflow,,,,,,,,,
18340,,Oventrop,https://jtclima.bg/produkti/podovo-otoplenie/%d0%be%d0%ba%d0%b0%d0%bd%d1%82%d0%b2%d0%b0%d1%89%d0%b8-%d0%b8%d0%b7%d0%be%d0%bb%d0%b0%d1%86%d0%b8%d0%be%d0%bd%d0%bd%d0%b8-%d0%bb%d0%b5%d0%bd%d1%82%d0%b8-%d0%b7%d0%b0-%d0%bf%d0%be%d0%b4%d0%be%d0%b2/oventrop-%d1%81%d0%b0%d0%bc%d0%be%d0%b7%d0%b0%d0%bb%d0%b5%d0%bf%d0%b2%d0%b0%d1%89-%d0%b4%d0%b5%d0%bb%d0%b0%d1%82%d0%b0%d1%86%d0%b8%d0%be%d0%bd%d0%b5%d0%bd-%d0%bf%d1%80%d0%be%d1%84%d0%b8%d0%bb/,https://jtclima.bg/wp-content/uploads/2025/02/dilatacionen-profil-pe-pyana-kan-therm-2-m-ruvik-ezgif.com-webp-to-jpg-converter.jpg,Подово отопление,Самозалепващ,Подово отопление,31.04 EUR,,Самозалепващ делатационен профил;Подово отопление;Окантващи изолационни ленти за подово отопление;Oventrop,,,,,,,,,
18338,,Rehau,https://jtclima.bg/produkti/podovo-otoplenie/%d0%be%d0%ba%d0%b0%d0%bd%d1%82%d0%b2%d0%b0%d1%89%d0%b8-%d0%b8%d0%b7%d0%be%d0%bb%d0%b0%d1%86%d0%b8%d0%be%d0%bd%d0%bd%d0%b8-%d0%bb%d0%b5%d0%bd%d1%82%d0%b8-%d0%b7%d0%b0-%d0%bf%d0%be%d0%b4%d0%be%d0%b2/rehau-%d1%81%d0%b0%d0%bc%d0%be%d0%b7%d0%b0%d0%bb%d0%b5%d0%bf%d0%b2%d0%b0%d1%89-%d0%b4%d0%b5%d0%bb%d0%b0%d1%82%d0%b0%d1%86%d0%b8%d0%be%d0%bd%d0%b5%d0%bd-%d0%bf%d1%80%d0%be%d1%84%d0%b8%d0%bb/,https://jtclima.bg/wp-content/uploads/2025/02/delatacionen-profil_4784.jpg,Подово отопление,Самозалепващ,Подово отопление,15.60 EUR,,Самозалепващ делатационен профил;Подово отопление;Окантващи изолационни ленти за подово отопление;Rehau,,,,,,,,,
18334,,KAN,https://jtclima.bg/produkti/podovo-otoplenie/%d0%be%d0%ba%d0%b0%d0%bd%d1%82%d0%b2%d0%b0%d1%89%d0%b8-%d0%b8%d0%b7%d0%be%d0%bb%d0%b0%d1%86%d0%b8%d0%be%d0%bd%d0%bd%d0%b8-%d0%bb%d0%b5%d0%bd%d1%82%d0%b8-%d0%b7%d0%b0-%d0%bf%d0%be%d0%b4%d0%be%d0%b2/kan-therm-%d0%be%d0%ba%d0%b0%d0%bd%d1%82%d0%b2%d0%b0%d1%89%d0%b0-%d0%b8%d0%b7%d0%be%d0%bb%d0%b0%d1%86%d0%b8%d0%be%d0%bd%d0%bd%d0%b0-%d0%bb%d0%b5%d0%bd%d1%82%d0%b0/,https://jtclima.bg/wp-content/uploads/2025/02/1818255002-ezgif.com-webp-to-jpg-converter.jpg,Подово отопление,окантваща изолационна,Подово отопление,34.25 EUR,,окантваща изолационна лента;Подово отопление;Окантващи изолационни ленти за подово отопление,,,,,,,,,
18330,,Oventrop,https://jtclima.bg/produkti/podovo-otoplenie/%d0%be%d0%ba%d0%b0%d0%bd%d1%82%d0%b2%d0%b0%d1%89%d0%b8-%d0%b8%d0%b7%d0%be%d0%bb%d0%b0%d1%86%d0%b8%d0%be%d0%bd%d0%bd%d0%b8-%d0%bb%d0%b5%d0%bd%d1%82%d0%b8-%d0%b7%d0%b0-%d0%bf%d0%be%d0%b4%d0%be%d0%b2/oventrop-%d0%be%d0%ba%d0%b0%d0%bd%d1%82%d0%b2%d0%b0%d1%89%d0%b0-%d0%b8%d0%b7%d0%be%d0%bb%d0%b0%d1%86%d0%b8%d0%be%d0%bd%d0%bd%d0%b0-%d0%bb%d0%b5%d0%bd%d1%82%d0%b0/,https://jtclima.bg/wp-content/uploads/2025/02/okantvashha-izolacionna-lenta-oventrop_4317.jpg,Подово отопление,окантваща изолационна,Подово отопление,67.06 EUR,,окантваща изолационна лента;Подово отопление;Окантващи изолационни ленти за подово отопление;Oventrop,,,,,,,,,
18327,,Rehau,https://jtclima.bg/produkti/podovo-otoplenie/%d0%be%d0%ba%d0%b0%d0%bd%d1%82%d0%b2%d0%b0%d1%89%d0%b8-%d0%b8%d0%b7%d0%be%d0%bb%d0%b0%d1%86%d0%b8%d0%be%d0%bd%d0%bd%d0%b8-%d0%bb%d0%b5%d0%bd%d1%82%d0%b8-%d0%b7%d0%b0-%d0%bf%d0%be%d0%b4%d0%be%d0%b2/rehau-%d0%be%d0%ba%d0%b0%d0%bd%d1%82%d0%b2%d0%b0%d1%89%d0%b0-%d0%b8%d0%b7%d0%be%d0%bb%d0%b0%d1%86%d0%b8%d0%be%d0%bd%d0%bd%d0%b0-%d0%bb%d0%b5%d0%bd%d1%82%d0%b0/,https://jtclima.bg/wp-content/uploads/2025/02/profilna-izolacionna-lenta_6560.jpg,Подово отопление,Окантваща изолационна,Подово отопление,55.30 EUR,,Окантваща изолационна лента;Подово отопление;Окантващи изолационни ленти за подово отопление;Rehau,,,,,,,,,
18324,,Innofloor,https://jtclima.bg/produkti/podovo-otoplenie/%d0%be%d0%ba%d0%b0%d0%bd%d1%82%d0%b2%d0%b0%d1%89%d0%b8-%d0%b8%d0%b7%d0%be%d0%bb%d0%b0%d1%86%d0%b8%d0%be%d0%bd%d0%bd%d0%b8-%d0%bb%d0%b5%d0%bd%d1%82%d0%b8-%d0%b7%d0%b0-%d0%bf%d0%be%d0%b4%d0%be%d0%b2/innofloor-%d0%be%d0%ba%d0%b0%d0%bd%d1%82%d0%b2%d0%b0%d1%89%d0%b0-%d0%b8%d0%b7%d0%be%d0%bb%d0%b0%d1%86%d0%b8%d0%be%d0%bd%d0%bd%d0%b0-%d0%bb%d0%b5%d0%bd%d1%82%d0%b0-innoedge-plus/,https://jtclima.bg/wp-content/uploads/2025/02/izolacionna-lenta-innoflow_2232.jpg,Подово отопление,Окантваща изолационна,Подово отопление,14.94 EUR,,Окантваща изолационна лента;Подово отопление;Окантващи изолационни ленти за подово отопление;Innoflow,,,,,,,,,
18320,,Rehau,https://jtclima.bg/produkti/podovo-otoplenie/%d0%ba%d0%be%d0%bb%d0%b5%d0%ba%d1%82%d0%be%d1%80%d0%b8-%d0%b7%d0%b0-%d0%bf%d0%be%d0%b4%d0%be%d0%b2%d0%be-%d0%be%d1%82%d0%be%d0%bf%d0%bb%d0%b5%d0%bd%d0%b8%d0%b5/rehau-%d0%ba%d0%be%d0%bb%d0%b5%d0%ba%d1%82%d0%be%d1%80-%d0%b7%d0%b0-%d0%bf%d0%be%d0%b4%d0%be%d0%b2%d0%be-%d0%be%d1%82%d0%be%d0%bf%d0%bb%d0%b5%d0%bd%d0%b8%d0%b5/,https://jtclima.bg/wp-content/uploads/2025/02/kolektor-za-podovo-otoplenie-rehau-hkv-d-ag-2-verigi_9353.jpg,Подово отопление,Колектор за подово,Подово отопление,130.80 EUR,,Колектор за подово отопление;Подово отопление;Разпределители за подово отопление;Rehau,,,,,,,,,
18317,,Oventrop,https://jtclima.bg/produkti/podovo-otoplenie/%d0%ba%d0%be%d0%bb%d0%b5%d0%ba%d1%82%d0%be%d1%80%d0%b8-%d0%b7%d0%b0-%d0%bf%d0%be%d0%b4%d0%be%d0%b2%d0%be-%d0%be%d1%82%d0%be%d0%bf%d0%bb%d0%b5%d0%bd%d0%b8%d0%b5/oventrop-%d0%ba%d0%be%d0%bb%d0%b5%d0%ba%d1%82%d0%be%d1%80-%d0%b7%d0%b0-%d0%bf%d0%be%d0%b4%d0%be%d0%b2%d0%be-%d0%be%d1%82%d0%be%d0%bf%d0%bb%d0%b5%d0%bd%d0%b8%d0%b5/,https://jtclima.bg/wp-content/uploads/2025/02/kolektor-za-podovo-otoplenie-oventrop-multidis-sf-2-izvoda_1515.jpg,Подово отопление,Колектор за подово,Подово отопление,109.42 EUR,,Колектор за подово отопление;Подово отопление;Разпределители за подово отопление;Oventrop,,,,,,,,,
18314,,Innoflow,https://jtclima.bg/produkti/podovo-otoplenie/%d0%ba%d0%be%d0%bb%d0%b5%d0%ba%d1%82%d0%be%d1%80%d0%b8-%d0%b7%d0%b0-%d0%bf%d0%be%d0%b4%d0%be%d0%b2%d0%be-%d0%be%d1%82%d0%be%d0%bf%d0%bb%d0%b5%d0%bd%d0%b8%d0%b5/innoflow-%d0%ba%d0%be%d0%bb%d0%b5%d0%ba%d1%82%d0%be%d1%80-%d0%b7%d0%b0-%d0%bf%d0%be%d0%b4%d0%be%d0%b2%d0%be-%d0%be%d1%82%d0%be%d0%bf%d0%bb%d0%b5%d0%bd%d0%b8%d0%b5/,https://jtclima.bg/wp-content/uploads/2025/02/kolektor-za-podovo-otoplenie-innoflow-2-verigi_6829.jpg,Подово отопление,Колектор за подово,Подово отопление,52.20 EUR,,Колектор за подово отопление;Подово отопление;Разпределители за подово отопление;Innoflow,,,,,,,,,
18311,,Herz,https://jtclima.bg/produkti/podovo-otoplenie/%d0%ba%d0%be%d0%bb%d0%b5%d0%ba%d1%82%d0%be%d1%80%d0%b8-%d0%b7%d0%b0-%d0%bf%d0%be%d0%b4%d0%be%d0%b2%d0%be-%d0%be%d1%82%d0%be%d0%bf%d0%bb%d0%b5%d0%bd%d0%b8%d0%b5/herz-%d0%ba%d0%be%d0%bb%d0%b5%d0%ba%d1%82%d0%be%d1%80-%d0%b7%d0%b0-%d0%bf%d0%be%d0%b4%d0%be%d0%b2%d0%be-%d0%be%d1%82%d0%be%d0%bf%d0%bb%d0%b5%d0%bd%d0%b8%d0%b5/,https://jtclima.bg/wp-content/uploads/2025/02/kolektor-za-podovo-otoplenie-herz-3-verigi_9116.jpg,Подово отопление,Колектор за подово,Подово отопление,108.39 EUR,,Колектор за подово отопление;Подово отопление;Разпределители за подово отопление;Herz,,,,,,,,,
18308,,Sanha,https://jtclima.bg/produkti/podovo-otoplenie/proizvoditeli-%d0%bf%d0%be%d0%b4%d0%be%d0%b2%d0%be-%d0%be%d1%82%d0%be%d0%bf%d0%bb%d0%b5%d0%bd%d0%b8%d0%b5/sanha/kan-therm-%d0%ba%d0%be%d0%bb%d0%b5%d0%ba%d1%82%d0%be%d1%80-%d0%b7%d0%b0-%d0%bf%d0%be%d0%b4%d0%be%d0%b2%d0%be-%d0%be%d1%82%d0%be%d0%bf%d0%bb%d0%b5%d0%bd%d0%b8%d0%b5/,https://jtclima.bg/wp-content/uploads/2025/02/1_vtdm.jpg,Sanha,Разпределител за подово,Sanha,86.08 EUR,,Разпределител за подово отопление;Sanha;Подово отопление;Разпределители за подово отопление,,,,,,,,,
18306,,Oventrop NP-30,https://jtclima.bg/produkti/podovo-otoplenie/%d0%bf%d0%be%d0%b4%d0%bb%d0%be%d0%b6%d0%ba%d0%b0-%d0%b7%d0%b0-%d0%bf%d0%be%d0%b4%d0%be%d0%b2%d0%be-%d0%be%d1%82%d0%be%d0%bf%d0%bb%d0%b5%d0%bd%d0%b8%d0%b5/oventrop-%d0%bf%d0%be%d0%b4%d0%bb%d0%be%d0%b6%d0%ba%d0%b0-%d0%b7%d0%b0-%d0%bf%d0%be%d0%b4%d0%be%d0%b2%d0%be-%d0%be%d1%82%d0%be%d0%bf%d0%bb%d0%b5%d0%bd%d0%b8%d0%b5-cofloor-np-30/,https://jtclima.bg/wp-content/uploads/2025/02/podova-podlozhka-oventrop-np-11-1_782.jpg,Подово отопление,Подложка за подово,Подово отопление,22.82 EUR,,Подложка за подово отопление;Подово отопление;Oventrop,,,,,,,,,
18303,,Oventrop NP-11,https://jtclima.bg/produkti/podovo-otoplenie/%d0%bf%d0%be%d0%b4%d0%bb%d0%be%d0%b6%d0%ba%d0%b0-%d0%b7%d0%b0-%d0%bf%d0%be%d0%b4%d0%be%d0%b2%d0%be-%d0%be%d1%82%d0%be%d0%bf%d0%bb%d0%b5%d0%bd%d0%b8%d0%b5/oventrop-%d0%bf%d0%be%d0%b4%d0%bb%d0%be%d0%b6%d0%ba%d0%b0-%d0%b7%d0%b0-%d0%bf%d0%be%d0%b4%d0%be%d0%b2%d0%be-%d0%be%d1%82%d0%be%d0%bf%d0%bb%d0%b5%d0%bd%d0%b8%d0%b5-cofloor-np-11/,https://jtclima.bg/wp-content/uploads/2025/02/podova-podlozhka-oventrop-np-11-1_782.jpg,Подово отопление,Подложка за подово,Подово отопление,20.39 EUR,,Подложка за подово отопление;Подово отопление;Oventrop,,,,,,,,,
18296,,Soprema,https://jtclima.bg/produkti/podovo-otoplenie/%d0%bf%d0%be%d0%b4%d0%bb%d0%be%d0%b6%d0%ba%d0%b0-%d0%b7%d0%b0-%d0%bf%d0%be%d0%b4%d0%be%d0%b2%d0%be-%d0%be%d1%82%d0%be%d0%bf%d0%bb%d0%b5%d0%bd%d0%b8%d0%b5/kan-therm-%d0%bf%d0%be%d0%b4%d0%bb%d0%be%d0%b6%d0%ba%d0%b0-%d0%b7%d0%b0-%d0%bf%d0%be%d0%b4%d0%be%d0%b2%d0%be-%d0%be%d1%82%d0%be%d0%bf%d0%bb%d0%b5%d0%bd%d0%b8%d0%b5-profil-ps-30-mm/,https://jtclima.bg/wp-content/uploads/2025/02/1818211625-befpcrl9zdfbi6ds_a99_v1-original.png,Подово отопление,Подложка за подово,Подово отопление,13.57 EUR,,Подложка за подово отопление;Подово отопление,,,,,,,,,
18293,,Soprema,https://jtclima.bg/produkti/podovo-otoplenie/%d0%bf%d0%be%d0%b4%d0%bb%d0%be%d0%b6%d0%ba%d0%b0-%d0%b7%d0%b0-%d0%bf%d0%be%d0%b4%d0%be%d0%b2%d0%be-%d0%be%d1%82%d0%be%d0%bf%d0%bb%d0%b5%d0%bd%d0%b8%d0%b5/kan-therm-%d0%bf%d0%be%d0%b4%d0%bb%d0%be%d0%b6%d0%ba%d0%b0-%d0%b7%d0%b0-%d0%bf%d0%be%d0%b4%d0%be%d0%b2%d0%be-%d0%be%d1%82%d0%be%d0%bf%d0%bb%d0%b5%d0%bd%d0%b8%d0%b5-profil-ps-11-mm/,https://jtclima.bg/wp-content/uploads/2025/02/1818211625-befpcrl9zdfbi6ds_a99_v1-original.png,Подово отопление,Подложка за подово,Подово отопление,11.93 EUR,,Подложка за подово отопление;Подово отопление,,,,,,,,,
18291,,Innofloow,https://jtclima.bg/produkti/podovo-otoplenie/%d0%bf%d0%be%d0%b4%d0%bb%d0%be%d0%b6%d0%ba%d0%b0-%d0%b7%d0%b0-%d0%bf%d0%be%d0%b4%d0%be%d0%b2%d0%be-%d0%be%d1%82%d0%be%d0%bf%d0%bb%d0%b5%d0%bd%d0%b8%d0%b5/innofloow-%d0%bf%d0%be%d0%b4%d0%bb%d0%be%d0%b6%d0%ba%d0%b0-%d0%b7%d0%b0-%d0%bf%d0%be%d0%b4%d0%be%d0%b2%d0%be-%d0%be%d1%82%d0%be%d0%bf%d0%bb%d0%b5%d0%bd%d0%b8%d0%b5-innostud-30/,https://jtclima.bg/wp-content/uploads/2025/02/podlozhka-za-podovo-otoplenie-innostud-11_1479.jpg,Подложка за подово,Подложка за подово,Подложка за подово отопление,16.00 EUR,12.60 EUR,Подложка за подово отопление;Подово отопление;Innoflow,,,,,,,,,
18288,,Innofloow,https://jtclima.bg/produkti/podovo-otoplenie/%d0%bf%d0%be%d0%b4%d0%bb%d0%be%d0%b6%d0%ba%d0%b0-%d0%b7%d0%b0-%d0%bf%d0%be%d0%b4%d0%be%d0%b2%d0%be-%d0%be%d1%82%d0%be%d0%bf%d0%bb%d0%b5%d0%bd%d0%b8%d0%b5/innofloow-%d0%bf%d0%be%d0%b4%d0%bb%d0%be%d0%b6%d0%ba%d0%b0-%d0%b7%d0%b0-%d0%bf%d0%be%d0%b4%d0%be%d0%b2%d0%be-%d0%be%d1%82%d0%be%d0%bf%d0%bb%d0%b5%d0%bd%d0%b8%d0%b5-innostud-20/,https://jtclima.bg/wp-content/uploads/2025/02/podlozhka-za-podovo-otoplenie-innostud-11_1479.jpg,Подово отопление,Подложка за подово,Подово отопление,14.70 EUR,11.60 EUR,Подложка за подово отопление;Подово отопление;Innoflow,,,,,,,,,
18285,,Innofloow,https://jtclima.bg/produkti/podovo-otoplenie/%d0%bf%d0%be%d0%b4%d0%bb%d0%be%d0%b6%d0%ba%d0%b0-%d0%b7%d0%b0-%d0%bf%d0%be%d0%b4%d0%be%d0%b2%d0%be-%d0%be%d1%82%d0%be%d0%bf%d0%bb%d0%b5%d0%bd%d0%b8%d0%b5/innofloow-%d0%bf%d0%be%d0%b4%d0%bb%d0%be%d0%b6%d0%ba%d0%b0-%d0%b7%d0%b0-%d0%bf%d0%be%d0%b4%d0%be%d0%b2%d0%be-%d0%be%d1%82%d0%be%d0%bf%d0%bb%d0%b5%d0%bd%d0%b8%d0%b5-innostud-11/,https://jtclima.bg/wp-content/uploads/2025/02/podlozhka-za-podovo-otoplenie-innostud-11_1479.jpg,Подложка за подово,Подложка за подово,Подложка за подово отопление,13.07 EUR,10.50 EUR,Подложка за подово отопление;Подово отопление;Innoflow,,,,,,,,,
18280,,Herz,https://jtclima.bg/produkti/podovo-otoplenie/%d0%bf%d0%be%d0%b4%d0%bb%d0%be%d0%b6%d0%ba%d0%b0-%d0%b7%d0%b0-%d0%bf%d0%be%d0%b4%d0%be%d0%b2%d0%be-%d0%be%d1%82%d0%be%d0%bf%d0%bb%d0%b5%d0%bd%d0%b8%d0%b5/herz-%d1%82%d0%b0%d0%ba%d0%b5%d1%80-%d0%bf%d0%bb%d0%be%d1%87%d0%b0-%d0%b7%d0%b0-%d0%bf%d0%be%d0%b4%d0%be%d0%b2%d0%be-%d0%be%d1%82%d0%be%d0%bf%d0%bb%d0%b5%d0%bd%d0%b8%d0%b5/,https://jtclima.bg/wp-content/uploads/2025/02/taker-plocha-za-podovo-otoplenie-herz_9428.jpg,Подово отопление,Такер плоча за подово,Подово отопление,66.50 EUR,61.00 EUR,Такер плоча за подово отопление руло м²;Подово отопление;Подложка за подово отопление;Herz,,,,,,,,,
18278,,Herz NP35,https://jtclima.bg/produkti/podovo-otoplenie/%d0%bf%d0%be%d0%b4%d0%bb%d0%be%d0%b6%d0%ba%d0%b0-%d0%b7%d0%b0-%d0%bf%d0%be%d0%b4%d0%be%d0%b2%d0%be-%d0%be%d1%82%d0%be%d0%bf%d0%bb%d0%b5%d0%bd%d0%b8%d0%b5/herz-%d1%80%d0%b5%d0%bb%d0%b5%d1%84%d0%bd%d0%b0-%d0%bf%d0%be%d0%b4%d0%bb%d0%be%d0%b6%d0%ba%d0%b0-%d0%b7%d0%b0-%d0%bf%d0%be%d0%b4%d0%be%d0%b2%d0%be-%d0%be%d1%82%d0%be%d0%bf%d0%bb%d0%b5%d0%bd%d0%b8-2/,https://jtclima.bg/wp-content/uploads/2025/02/relefna-podlozhka-za-podovo-otoplenie-herz-np20_7286.jpg,Подово отопление,Релефна подложка за,Подово отопление,11.79 EUR,,Релефна подложка за подово отопление;Подово отопление;Подложка за подово отопление;Herz,,,,,,,,,
18275,,Herz NP20,https://jtclima.bg/produkti/podovo-otoplenie/%d0%bf%d0%be%d0%b4%d0%bb%d0%be%d0%b6%d0%ba%d0%b0-%d0%b7%d0%b0-%d0%bf%d0%be%d0%b4%d0%be%d0%b2%d0%be-%d0%be%d1%82%d0%be%d0%bf%d0%bb%d0%b5%d0%bd%d0%b8%d0%b5/herz-%d1%80%d0%b5%d0%bb%d0%b5%d1%84%d0%bd%d0%b0-%d0%bf%d0%be%d0%b4%d0%bb%d0%be%d0%b6%d0%ba%d0%b0-%d0%b7%d0%b0-%d0%bf%d0%be%d0%b4%d0%be%d0%b2%d0%be-%d0%be%d1%82%d0%be%d0%bf%d0%bb%d0%b5%d0%bd%d0%b8/,https://jtclima.bg/wp-content/uploads/2025/02/relefna-podlozhka-za-podovo-otoplenie-herz-np20_7286.jpg,Подложка за подово,Релефна подложка за,Подложка за подово отопление,10.68 EUR,,Релефна подложка за подово отопление;Подложка за подово отопление;Подово отопление;Herz,,,,,,,,,
18272,,Rehau,https://jtclima.bg/produkti/podovo-otoplenie/%d0%bf%d0%be%d0%b4%d0%bb%d0%be%d0%b6%d0%ba%d0%b0-%d0%b7%d0%b0-%d0%bf%d0%be%d0%b4%d0%be%d0%b2%d0%be-%d0%be%d1%82%d0%be%d0%bf%d0%bb%d0%b5%d0%bd%d0%b8%d0%b5/rehau-%d1%82%d0%b0%d0%ba%d0%b5%d1%80-%d0%bf%d0%bb%d0%be%d1%87%d0%b0-%d0%b8%d0%b7%d0%be%d0%bb%d0%b0%d1%86%d0%b8%d1%8f-%d0%bd%d0%b0-%d1%80%d1%83%d0%bb%d0%be-basic-70/,https://jtclima.bg/wp-content/uploads/2025/02/taker-plocha-na-rulo-rehau-1_487.jpg,Подложка за подово,Такер плоча изолация на,Подложка за подово отопление,76.00 EUR,,Такер плоча изолация на руло м²;Подложка за подово отопление;Подово отопление;Rehau,,,,,,,,,
18270,,Rehau,https://jtclima.bg/produkti/podovo-otoplenie/%d0%bf%d0%be%d0%b4%d0%bb%d0%be%d0%b6%d0%ba%d0%b0-%d0%b7%d0%b0-%d0%bf%d0%be%d0%b4%d0%be%d0%b2%d0%be-%d0%be%d1%82%d0%be%d0%bf%d0%bb%d0%b5%d0%bd%d0%b8%d0%b5/rehau-%d0%bf%d0%be%d0%b4%d0%bb%d0%be%d0%b6%d0%ba%d0%b0-%d0%b7%d0%b0-%d0%bf%d0%be%d0%b4%d0%be%d0%b2%d0%be-%d0%be%d1%82%d0%be%d0%bf%d0%bb%d0%b5%d0%bd%d0%b8%d0%b5-varionova-30-mm/,https://jtclima.bg/wp-content/uploads/2025/02/podlozhka-za-podovo-otoplenie-varionova_5613.jpg,Подово отопление,Подложка за подово,Подово отопление,17.00 EUR,15.30 EUR,Подложка за подово отопление;Подово отопление;Rehau,,,,,,,,,
18267,,Rehau,https://jtclima.bg/produkti/podovo-otoplenie/%d0%bf%d0%be%d0%b4%d0%bb%d0%be%d0%b6%d0%ba%d0%b0-%d0%b7%d0%b0-%d0%bf%d0%be%d0%b4%d0%be%d0%b2%d0%be-%d0%be%d1%82%d0%be%d0%bf%d0%bb%d0%b5%d0%bd%d0%b8%d0%b5/rehau-%d0%bf%d0%be%d0%b4%d0%bb%d0%be%d0%b6%d0%ba%d0%b0-%d0%b7%d0%b0-%d0%bf%d0%be%d0%b4%d0%be%d0%b2%d0%be-%d0%be%d1%82%d0%be%d0%bf%d0%bb%d0%b5%d0%bd%d0%b8%d0%b5-varionova-11-mm/,https://jtclima.bg/wp-content/uploads/2025/02/podlozhka-za-podovo-otoplenie-varionova_5613.jpg,Подово отопление,Подложка за подово,Подово отопление,14.00 EUR,12.60 EUR,Подложка за подово отопление;Подово отопление;Rehau,,,,,,,,,
18264,,Rehau,https://jtclima.bg/produkti/podovo-otoplenie/%d0%bf%d0%be%d0%b4%d0%bb%d0%be%d0%b6%d0%ba%d0%b0-%d0%b7%d0%b0-%d0%bf%d0%be%d0%b4%d0%be%d0%b2%d0%be-%d0%be%d1%82%d0%be%d0%bf%d0%bb%d0%b5%d0%bd%d0%b8%d0%b5/rehau-%d0%bf%d0%be%d0%b4%d0%bb%d0%be%d0%b6%d0%ba%d0%b0-%d0%b7%d0%b0-%d0%bf%d0%be%d0%b4%d0%be%d0%b2%d0%be-%d0%be%d1%82%d0%be%d0%bf%d0%bb%d0%b5%d0%bd%d0%b8%d0%b5-basic-30/,https://jtclima.bg/wp-content/uploads/2025/02/admin-ajax.jpg,Подово отопление,Подложка за подово,Подово отопление,7.60 EUR,6.85 EUR,Подложка за подово отопление;Подово отопление;Rehau,,,,,,,,,
18261,,Rehau,https://jtclima.bg/produkti/podovo-otoplenie/%d0%bf%d0%be%d0%b4%d0%bb%d0%be%d0%b6%d0%ba%d0%b0-%d0%b7%d0%b0-%d0%bf%d0%be%d0%b4%d0%be%d0%b2%d0%be-%d0%be%d1%82%d0%be%d0%bf%d0%bb%d0%b5%d0%bd%d0%b8%d0%b5/rehau-%d0%bf%d0%be%d0%b4%d0%bb%d0%be%d0%b6%d0%ba%d0%b0-%d0%b7%d0%b0-%d0%bf%d0%be%d0%b4%d0%be%d0%b2%d0%be-%d0%be%d1%82%d0%be%d0%bf%d0%bb%d0%b5%d0%bd%d0%b8%d0%b5-basic-15/,https://jtclima.bg/wp-content/uploads/2025/02/admin-ajax.jpg,Подово отопление,Подложка за подово,Подово отопление,6.00 EUR,,Подложка за подово отопление;Подово отопление;Rehau,,,,,,,,,
18258,,Tiemme,https://jtclima.bg/produkti/stenni-konvektori/%d0%b0%d0%ba%d1%81%d0%b5%d1%81%d0%be%d0%b0%d1%80%d0%b8-%d0%b7%d0%b0-%d0%ba%d0%be%d0%bd%d0%b2%d0%b5%d0%ba%d1%82%d0%be%d1%80%d0%b8/kan-therm-%d1%82%d1%80%d1%8a%d0%b1%d0%b0-%d0%b7%d0%b0-%d0%bf%d0%be%d0%b4%d0%be%d0%b2%d0%be-%d0%be%d1%82%d0%be%d0%bf%d0%bb%d0%b5%d0%bd%d0%b8%d0%b5-blue-floor-pe-rt-%d1%8420%d1%852/,https://jtclima.bg/wp-content/uploads/2025/02/Tiemme-sinya-izolatsiya.png,Аксесоари за конвектори,Тръба за конвектори в,Аксесоари за конвектори,3.33 EUR,,Тръба за конвектори в изолация на рула м синя;Аксесоари за конвектори;Конвектори,,,,,,,,,
18254,,Sanha,https://jtclima.bg/produkti/podovo-otoplenie/proizvoditeli-%d0%bf%d0%be%d0%b4%d0%be%d0%b2%d0%be-%d0%be%d1%82%d0%be%d0%bf%d0%bb%d0%b5%d0%bd%d0%b8%d0%b5/sanha/kan-therm-%d1%82%d1%80%d1%8a%d0%b1%d0%b0-%d0%b7%d0%b0-%d0%bf%d0%be%d0%b4%d0%be%d0%b2%d0%be-%d0%be%d1%82%d0%be%d0%bf%d0%bb%d0%b5%d0%bd%d0%b8%d0%b5-blue-floor-pe-rt-%d1%8416%d1%852/,https://jtclima.bg/wp-content/uploads/2025/02/Sanha-pipe-PERT.png,Тръби за подово отопление,Тръба за подово,Тръби за подово отопление,0.83 EUR,0.68 EUR,Тръба за подово отопление по м;Тръби за подово отопление;Sanha;Подово отопление,,,,,,,,,
18253,,Oventrop,https://jtclima.bg/produkti/podovo-otoplenie/%d1%82%d1%80%d1%8a%d0%b1%d0%b8-%d0%b7%d0%b0-%d0%bf%d0%be%d0%b4%d0%be%d0%b2%d0%be-%d0%be%d1%82%d0%be%d0%bf%d0%bb%d0%b5%d0%bd%d0%b8%d0%b5/oventrop-%d1%82%d1%80%d1%8a%d0%b1%d0%b0-%d0%b7%d0%b0-%d0%bf%d0%be%d0%b4%d0%be%d0%b2%d0%be-%d0%be%d1%82%d0%be%d0%bf%d0%bb%d0%b5%d0%bd%d0%b8%d0%b5-copert-pe-rt-%d1%8420%d1%852/,https://jtclima.bg/wp-content/uploads/2025/02/trbi-oventrop-za-podovo-otoplenie-pe-rt-copert-1_2772.jpg,Тръби за подово отопление,Тръба за подово,Тръби за подово отопление,2.15 EUR,,Тръба за подово отопление по м;Тръби за подово отопление;Подово отопление;Oventrop,,,,,,,,,
18249,,Oventrop,https://jtclima.bg/produkti/podovo-otoplenie/%d1%82%d1%80%d1%8a%d0%b1%d0%b8-%d0%b7%d0%b0-%d0%bf%d0%be%d0%b4%d0%be%d0%b2%d0%be-%d0%be%d1%82%d0%be%d0%bf%d0%bb%d0%b5%d0%bd%d0%b8%d0%b5/oventrop-%d1%82%d1%80%d1%8a%d0%b1%d0%b0-%d0%b7%d0%b0-%d0%bf%d0%be%d0%b4%d0%be%d0%b2%d0%be-%d0%be%d1%82%d0%be%d0%bf%d0%bb%d0%b5%d0%bd%d0%b8%d0%b5-copert-pe-rt-%d1%8416%d1%852/,https://jtclima.bg/wp-content/uploads/2025/02/trbi-oventrop-za-podovo-otoplenie-pe-rt-copert-1_2772.jpg,Тръби за подово отопление,Тръба за подово,Тръби за подово отопление,1.00 EUR,0.75 EUR,Тръба за подово отопление по м;Тръби за подово отопление;Подово отопление;Oventrop,,,,,,,,,
18248,,Oventrop,https://jtclima.bg/produkti/podovo-otoplenie/%d1%82%d1%80%d1%8a%d0%b1%d0%b8-%d0%b7%d0%b0-%d0%bf%d0%be%d0%b4%d0%be%d0%b2%d0%be-%d0%be%d1%82%d0%be%d0%bf%d0%bb%d0%b5%d0%bd%d0%b8%d0%b5/oventrop-%d1%82%d1%80%d1%8a%d0%b1%d0%b0-%d0%b7%d0%b0-%d0%bf%d0%be%d0%b4%d0%be%d0%b2%d0%be-%d0%be%d1%82%d0%be%d0%bf%d0%bb%d0%b5%d0%bd%d0%b8%d0%b5-copex-pe-xc-%d1%8416x2/,https://jtclima.bg/wp-content/uploads/2025/02/plastamsova-trba-copex-oventrop-1_7592.jpg,Тръби за подово отопление,тръба за подово,Тръби за подово отопление,2.14 EUR,,тръба за подово отопление на по м;Тръби за подово отопление;Подово отопление;Oventrop,,,,,,,,,
18243,,Herz,https://jtclima.bg/produkti/podovo-otoplenie/%d1%82%d1%80%d1%8a%d0%b1%d0%b8-%d0%b7%d0%b0-%d0%bf%d0%be%d0%b4%d0%be%d0%b2%d0%be-%d0%be%d1%82%d0%be%d0%bf%d0%bb%d0%b5%d0%bd%d0%b8%d0%b5/herz-%d1%82%d1%80%d1%8a%d0%b1%d0%b0-%d0%b7%d0%b0-%d0%bf%d0%be%d0%b4%d0%be%d0%b2%d0%be-%d0%be%d1%82%d0%be%d0%bf%d0%bb%d0%b5%d0%bd%d0%b8%d0%b5-pe-rt-%d1%8416%d1%852/,https://jtclima.bg/wp-content/uploads/2025/02/tryba-herz-f16h2-0-pe-rt_5282.jpg,Тръби за подово отопление,тръба за подово,Тръби за подово отопление,1.02 EUR,,тръба за подово отопление руло по м;Тръби за подово отопление;Подово отопление;Herz,,,,,,,,,
18237,,Innofloor,https://jtclima.bg/produkti/podovo-otoplenie/%d1%82%d1%80%d1%8a%d0%b1%d0%b8-%d0%b7%d0%b0-%d0%bf%d0%be%d0%b4%d0%be%d0%b2%d0%be-%d0%be%d1%82%d0%be%d0%bf%d0%bb%d0%b5%d0%bd%d0%b8%d0%b5/innofloor-%d1%82%d1%80%d1%8a%d0%b1%d0%b0-%d0%b7%d0%b0-%d0%bf%d0%be%d0%b4%d0%be%d0%b2%d0%be-%d0%be%d1%82%d0%be%d0%bf%d0%bb%d0%b5%d0%bd%d0%b8%d0%b5-innopert-kapert-%d1%8416%d1%852/,https://jtclima.bg/wp-content/uploads/2025/02/tryba-za-podovo-otoplenie-innofloor-innopert-pe-xa-f16h2_8392.jpg,Тръби за подово отопление,тръба за подово,Тръби за подово отопление,0.66 EUR,0.56 EUR,тръба за подово отопление руло по м;Тръби за подово отопление;Подово отопление;Innoflow,,,,,,,,,
18231,,Rehau,https://jtclima.bg/produkti/podovo-otoplenie/%d1%82%d1%80%d1%8a%d0%b1%d0%b8-%d0%b7%d0%b0-%d0%bf%d0%be%d0%b4%d0%be%d0%b2%d0%be-%d0%be%d1%82%d0%be%d0%bf%d0%bb%d0%b5%d0%bd%d0%b8%d0%b5/rehau-%d1%82%d1%80%d1%8a%d0%b1%d0%b0-%d0%b7%d0%b0-%d0%bf%d0%be%d0%b4%d0%be%d0%b2%d0%be-o%d1%82%d0%be%d0%bf%d0%bb%d0%b5%d0%bd%d0%b8%d0%b5-rautherm-s-pe-xa-%d1%8417%d1%852/,https://jtclima.bg/wp-content/uploads/2025/02/trba-rehau-f17x2-0-pe-xa-rautherm-s_3627.jpg,Тръби за подово отопление,тръба за подово,Тръби за подово отопление,1.22 EUR,1.07 EUR,тръба за подово отопление на руло по м;Тръби за подово отопление;Подово отопление;Rehau,,,,,,,,,
18196,,LG A12GA1,https://jtclima.bg/produkti/klimatici/invertorni-klimatici/lg-invertorni-klimatici/12-lg-invertorni-klimatici/lg-%d0%b8%d0%bd%d0%b2%d0%b5%d1%80%d1%82%d0%be%d1%80%d0%b5%d0%bd-%d0%ba%d0%bb%d0%b8%d0%bc%d0%b0%d1%82%d0%b8%d0%ba-artcool-gallery-special-35-kw-a12ga1-12-000-btu/,https://jtclima.bg/wp-content/uploads/2025/02/large01.jpg,Стенни климатици,инверторен климатик,Стенни климатици,1692.00 EUR,1355.00 EUR,инверторен климатик;Стенни климатици;LG,,,,,,,,,
18181,,LG A09GA1,https://jtclima.bg/produkti/klimatici/invertorni-klimatici/lg-invertorni-klimatici/9-lg-invertorni-klimatici/elementor-18181/,https://jtclima.bg/wp-content/uploads/2025/02/large01.jpg,Стенни климатици,инверторен климатик,Стенни климатици,1580.00 EUR,1268.00 EUR,инверторен климатик;Стенни климатици;LG,,,,,,,,,
18178,,LG A12GA2,https://jtclima.bg/produkti/klimatici/invertorni-klimatici/lg-invertorni-klimatici/12-lg-invertorni-klimatici/lg-%d0%b8%d0%bd%d0%b2%d0%b5%d1%80%d1%82%d0%be%d1%80%d0%b5%d0%bd-%d0%ba%d0%bb%d0%b8%d0%bc%d0%b0%d1%82%d0%b8%d0%ba-artcool-gallery-premium-35-kw-a12ga2-12-000-btu/,https://jtclima.bg/wp-content/uploads/2025/02/DZ-04-1.jpg,Стенни климатици,инверторен климатик,Стенни климатици,2602.00 EUR,2086.00 EUR,инверторен климатик;Стенни климатици;LG,,,,,,,,,
18158,,LG A09GA2,https://jtclima.bg/produkti/klimatici/invertorni-klimatici/lg-invertorni-klimatici/9-lg-invertorni-klimatici/lg-%d0%b8%d0%bd%d0%b2%d0%b5%d1%80%d1%82%d0%be%d1%80%d0%b5%d0%bd-%d0%ba%d0%bb%d0%b8%d0%bc%d0%b0%d1%82%d0%b8%d0%ba-artcool-gallery-premium-25-kw-a09ga2-9-000-btu/,https://jtclima.bg/wp-content/uploads/2025/02/DZ-04-1.jpg,Стенни климатици,инверторен климатик,Стенни климатици,2490.00 EUR,1994.00 EUR,инверторен климатик;Стенни климатици;LG,,,,,,,,,
18141,,Mitsubishi,https://jtclima.bg/produkti/%d0%ba%d0%bb%d0%b8%d0%bc%d0%b0%d1%82%d0%b8%d1%86%d0%b8-%d0%b7%d0%b0-%d1%82%d1%8a%d1%80%d0%b3%d0%be%d0%b2%d1%81%d0%ba%d0%b8-%d0%be%d0%b1%d0%b5%d0%ba%d1%82%d0%b8/%d0%ba%d0%be%d0%bb%d0%be%d0%bd%d0%bd%d0%b8-%d0%ba%d0%bb%d0%b8%d0%bc%d0%b0%d1%82%d0%b8%d1%86%d0%b8/mitsubishi-electric-%d0%b8%d0%bd%d0%b2%d0%b5%d1%80%d1%82%d0%be%d1%80%d0%b5%d0%bd-%d0%ba%d0%be%d0%bb%d0%be%d0%bd%d0%b5%d0%bd-%d0%ba%d0%bb%d0%b8%d0%bc%d0%b0%d1%82%d0%b8%d0%ba-hi-power-psa-m140ka-yka2/,https://jtclima.bg/wp-content/uploads/2025/02/Колонен-тип-Power-Inverter-серия-Mitsubishi-Electric.png,Колонни климатици,инверторен колонен,Колонни климатици,7680.00 EUR,,инверторен колонен климатик;Колонни климатици;Индустриални климатици;Mitsubishi Electric,,,,,,,,,
18137,,Mitsubishi R32,https://jtclima.bg/produkti/%d0%ba%d0%bb%d0%b8%d0%bc%d0%b0%d1%82%d0%b8%d1%86%d0%b8-%d0%b7%d0%b0-%d1%82%d1%8a%d1%80%d0%b3%d0%be%d0%b2%d1%81%d0%ba%d0%b8-%d0%be%d0%b1%d0%b5%d0%ba%d1%82%d0%b8/%d0%ba%d0%be%d0%bb%d0%be%d0%bd%d0%bd%d0%b8-%d0%ba%d0%bb%d0%b8%d0%bc%d0%b0%d1%82%d0%b8%d1%86%d0%b8/mitsubishi-electric-%d0%b8%d0%bd%d0%b2%d0%b5%d1%80%d1%82%d0%be%d1%80%d0%b5%d0%bd-%d0%ba%d0%be%d0%bb%d0%be%d0%bd%d0%b5%d0%bd-%d0%ba%d0%bb%d0%b8%d0%bc%d0%b0%d1%82%d0%b8%d0%ba-hi-power-psa-m140ka-vka2/,https://jtclima.bg/wp-content/uploads/2025/02/Колонен-тип-Power-Inverter-серия-Mitsubishi-Electric.png,Колонни климатици,инверторен колонен,Колонни климатици,7301.00 EUR,,инверторен колонен климатик;Колонни климатици;Индустриални климатици;Mitsubishi Electric,,,,,,,,,
18135,,Mitsubishi,https://jtclima.bg/produkti/%d0%ba%d0%bb%d0%b8%d0%bc%d0%b0%d1%82%d0%b8%d1%86%d0%b8-%d0%b7%d0%b0-%d1%82%d1%8a%d1%80%d0%b3%d0%be%d0%b2%d1%81%d0%ba%d0%b8-%d0%be%d0%b1%d0%b5%d0%ba%d1%82%d0%b8/%d0%ba%d0%be%d0%bb%d0%be%d0%bd%d0%bd%d0%b8-%d0%ba%d0%bb%d0%b8%d0%bc%d0%b0%d1%82%d0%b8%d1%86%d0%b8/mitsubishi-electric-%d0%b8%d0%bd%d0%b2%d0%b5%d1%80%d1%82%d0%be%d1%80%d0%b5%d0%bd-%d0%ba%d0%be%d0%bb%d0%be%d0%bd%d0%b5%d0%bd-%d0%ba%d0%bb%d0%b8%d0%bc%d0%b0%d1%82%d0%b8%d0%ba-hi-power-psa-m125ka-yka2/,https://jtclima.bg/wp-content/uploads/2025/02/Колонен-тип-Power-Inverter-серия-Mitsubishi-Electric.png,Колонни климатици,инверторен колонен,Колонни климатици,6703.00 EUR,,инверторен колонен климатик;Колонни климатици;Индустриални климатици;Mitsubishi Electric,,,,,,,,,
18133,,Mitsubishi,https://jtclima.bg/produkti/%d0%ba%d0%bb%d0%b8%d0%bc%d0%b0%d1%82%d0%b8%d1%86%d0%b8-%d0%b7%d0%b0-%d1%82%d1%8a%d1%80%d0%b3%d0%be%d0%b2%d1%81%d0%ba%d0%b8-%d0%be%d0%b1%d0%b5%d0%ba%d1%82%d0%b8/%d0%ba%d0%be%d0%bb%d0%be%d0%bd%d0%bd%d0%b8-%d0%ba%d0%bb%d0%b8%d0%bc%d0%b0%d1%82%d0%b8%d1%86%d0%b8/mitsubishi-electric-%d0%b8%d0%bd%d0%b2%d0%b5%d1%80%d1%82%d0%be%d1%80%d0%b5%d0%bd-%d0%ba%d0%be%d0%bb%d0%be%d0%bd%d0%b5%d0%bd-%d0%ba%d0%bb%d0%b8%d0%bc%d0%b0%d1%82%d0%b8%d0%ba-hi-power-psa-m125ka-vka2/,https://jtclima.bg/wp-content/uploads/2025/02/Колонен-тип-Power-Inverter-серия-Mitsubishi-Electric.png,Колонни климатици,инверторен колонен,Колонни климатици,6325.00 EUR,,инверторен колонен климатик;Колонни климатици;Индустриални климатици;Mitsubishi Electric,,,,,,,,,
18121,,Mitsubishi PSA-M71KA,https://jtclima.bg/produkti/%d0%ba%d0%bb%d0%b8%d0%bc%d0%b0%d1%82%d0%b8%d1%86%d0%b8-%d0%b7%d0%b0-%d1%82%d1%8a%d1%80%d0%b3%d0%be%d0%b2%d1%81%d0%ba%d0%b8-%d0%be%d0%b1%d0%b5%d0%ba%d1%82%d0%b8/%d0%ba%d0%be%d0%bb%d0%be%d0%bd%d0%bd%d0%b8-%d0%ba%d0%bb%d0%b8%d0%bc%d0%b0%d1%82%d0%b8%d1%86%d0%b8/mitsubishi-electric-%d0%b8%d0%bd%d0%b2%d0%b5%d1%80%d1%82%d0%be%d1%80%d0%b5%d0%bd-%d0%ba%d0%be%d0%bb%d0%be%d0%bd%d0%b5%d0%bd-%d0%ba%d0%bb%d0%b8%d0%bc%d0%b0%d1%82%d0%b8%d0%ba-hi-power-psa-m71ka-24000/,https://jtclima.bg/wp-content/uploads/2025/02/Колонен-тип-Power-Inverter-серия-Mitsubishi-Electric.png,Колонни климатици,инверторен колонен,Колонни климатици,5046.00 EUR,,инверторен колонен климатик;Колонни климатици;Индустриални климатици;Mitsubishi Electric,,,,,,,,,
18103,,Gree GVH24AKXF,https://jtclima.bg/produkti/%d0%ba%d0%bb%d0%b8%d0%bc%d0%b0%d1%82%d0%b8%d1%86%d0%b8-%d0%b7%d0%b0-%d1%82%d1%8a%d1%80%d0%b3%d0%be%d0%b2%d1%81%d0%ba%d0%b8-%d0%be%d0%b1%d0%b5%d0%ba%d1%82%d0%b8/%d0%ba%d0%be%d0%bb%d0%be%d0%bd%d0%bd%d0%b8-%d0%ba%d0%bb%d0%b8%d0%bc%d0%b0%d1%82%d0%b8%d1%86%d0%b8/gree-%d0%b8%d0%bd%d0%b2%d0%b5%d1%80%d1%82%d0%be%d1%80%d0%b5%d0%bd-%d0%ba%d0%be%d0%bb%d0%be%d0%bd%d0%b5%d0%bd-%d0%ba%d0%bb%d0%b8%d0%bc%d0%b0%d1%82%d0%b8%d0%ba-gvh24akxf-24000-btu-230-v-r32/,https://jtclima.bg/wp-content/uploads/2025/02/shine-700x700-1200x1200-1-e1742220886320.jpg,Колонни климатици,инверторен колонен,Колонни климатици,2142.00 EUR,,инверторен колонен климатик;Колонни климатици;Индустриални климатици;Gree,,,,,,,,,
18101,,Gree GVH55ALXM,https://jtclima.bg/produkti/%d0%ba%d0%bb%d0%b8%d0%bc%d0%b0%d1%82%d0%b8%d1%86%d0%b8-%d0%b7%d0%b0-%d1%82%d1%8a%d1%80%d0%b3%d0%be%d0%b2%d1%81%d0%ba%d0%b8-%d0%be%d0%b1%d0%b5%d0%ba%d1%82%d0%b8/%d0%ba%d0%be%d0%bb%d0%be%d0%bd%d0%bd%d0%b8-%d0%ba%d0%bb%d0%b8%d0%bc%d0%b0%d1%82%d0%b8%d1%86%d0%b8/gree-%d0%b8%d0%bd%d0%b2%d0%b5%d1%80%d1%82%d0%be%d1%80%d0%b5%d0%bd-%d0%ba%d0%be%d0%bb%d0%be%d0%bd%d0%b5%d0%bd-%d0%ba%d0%bb%d0%b8%d0%bc%d0%b0%d1%82%d0%b8%d0%ba-gvh55alxm-60000-btu-400-v-r32/,https://jtclima.bg/wp-content/uploads/2025/02/nicemag-2014675192-1.png,Колонни климатици,инверторен колонен,Колонни климатици,3067.00 EUR,,инверторен колонен климатик;Колонни климатици;Индустриални климатици;Gree,,,,,,,,,
18099,,Gree GVH48ALXK,https://jtclima.bg/produkti/%d0%ba%d0%bb%d0%b8%d0%bc%d0%b0%d1%82%d0%b8%d1%86%d0%b8-%d0%b7%d0%b0-%d1%82%d1%8a%d1%80%d0%b3%d0%be%d0%b2%d1%81%d0%ba%d0%b8-%d0%be%d0%b1%d0%b5%d0%ba%d1%82%d0%b8/%d0%ba%d0%be%d0%bb%d0%be%d0%bd%d0%bd%d0%b8-%d0%ba%d0%bb%d0%b8%d0%bc%d0%b0%d1%82%d0%b8%d1%86%d0%b8/gree-%d0%b8%d0%bd%d0%b2%d0%b5%d1%80%d1%82%d0%be%d1%80%d0%b5%d0%bd-%d0%ba%d0%be%d0%bb%d0%be%d0%bd%d0%b5%d0%bd-%d0%ba%d0%bb%d0%b8%d0%bc%d0%b0%d1%82%d0%b8%d0%ba-gvh48alxk-48000-btu-400-v-r32/,https://jtclima.bg/wp-content/uploads/2025/02/nicemag-2014675192-1.png,Колонни климатици,инверторен колонен,Колонни климатици,2802.00 EUR,,инверторен колонен климатик;Колонни климатици;Индустриални климатици;Gree,,,,,,,,,
18092,,Gree GVH48ALXH,https://jtclima.bg/produkti/%d0%ba%d0%bb%d0%b8%d0%bc%d0%b0%d1%82%d0%b8%d1%86%d0%b8-%d0%b7%d0%b0-%d1%82%d1%8a%d1%80%d0%b3%d0%be%d0%b2%d1%81%d0%ba%d0%b8-%d0%be%d0%b1%d0%b5%d0%ba%d1%82%d0%b8/%d0%ba%d0%be%d0%bb%d0%be%d0%bd%d0%bd%d0%b8-%d0%ba%d0%bb%d0%b8%d0%bc%d0%b0%d1%82%d0%b8%d1%86%d0%b8/gree-%d0%b8%d0%bd%d0%b2%d0%b5%d1%80%d1%82%d0%be%d1%80%d0%b5%d0%bd-%d0%ba%d0%be%d0%bb%d0%be%d0%bd%d0%b5%d0%bd-%d0%ba%d0%bb%d0%b8%d0%bc%d0%b0%d1%82%d0%b8%d0%ba-gvh48alxh-48000-btu-230-v-r32/,https://jtclima.bg/wp-content/uploads/2025/02/nicemag-2014675192-1.png,Колонни климатици,инверторен колонен,Колонни климатици,2383.00 EUR,,инверторен колонен климатик;Колонни климатици;Индустриални климатици;Gree,,,,,,,,,
18084,,Gree GVH24AMXF,https://jtclima.bg/produkti/%d0%ba%d0%bb%d0%b8%d0%bc%d0%b0%d1%82%d0%b8%d1%86%d0%b8-%d0%b7%d0%b0-%d1%82%d1%8a%d1%80%d0%b3%d0%be%d0%b2%d1%81%d0%ba%d0%b8-%d0%be%d0%b1%d0%b5%d0%ba%d1%82%d0%b8/%d0%ba%d0%be%d0%bb%d0%be%d0%bd%d0%bd%d0%b8-%d0%ba%d0%bb%d0%b8%d0%bc%d0%b0%d1%82%d0%b8%d1%86%d0%b8/gree-%d0%b8%d0%bd%d0%b2%d0%b5%d1%80%d1%82%d0%be%d1%80%d0%b5%d0%bd-%d0%ba%d0%be%d0%bb%d0%be%d0%bd%d0%b5%d0%bd-%d0%ba%d0%bb%d0%b8%d0%bc%d0%b0%d1%82%d0%b8%d0%ba-gvh24amxf-24000-btu-230-v-r32/,https://jtclima.bg/wp-content/uploads/2025/02/nicemag-2014675192-1.png,Колонни климатици,инверторен колонен,Колонни климатици,1578.00 EUR,,инверторен колонен климатик;Колонни климатици;Индустриални климатици;Gree,,,,,,,,,
18082,,Daikin FVA-140A/NY1,https://jtclima.bg/produkti/%d0%ba%d0%bb%d0%b8%d0%bc%d0%b0%d1%82%d0%b8%d1%86%d0%b8-%d0%b7%d0%b0-%d1%82%d1%8a%d1%80%d0%b3%d0%be%d0%b2%d1%81%d0%ba%d0%b8-%d0%be%d0%b1%d0%b5%d0%ba%d1%82%d0%b8/%d0%ba%d0%be%d0%bb%d0%be%d0%bd%d0%bd%d0%b8-%d0%ba%d0%bb%d0%b8%d0%bc%d0%b0%d1%82%d0%b8%d1%86%d0%b8/daikin-%d0%b8%d0%bd%d0%b2%d0%b5%d1%80%d1%82%d0%be%d1%80%d0%b5%d0%bd-%d0%ba%d0%be%d0%bb%d0%be%d0%bd%d0%b5%d0%bd-%d0%ba%d0%bb%d0%b8%d0%bc%d0%b0%d1%82%d0%b8%d0%ba-alpha-fva-140a-ny1-48000-btu-400-v/,https://jtclima.bg/wp-content/uploads/2025/02/thumb4_thumb6_FVA_2_.jpg,Колонни климатици,инверторен колонен,Колонни климатици,7899.00 EUR,,инверторен колонен климатик;Колонни климатици;Индустриални климатици;Daikin,,,,,,,,,
18080,,Daikin FVA-140A/NV1,https://jtclima.bg/produkti/%d0%ba%d0%bb%d0%b8%d0%bc%d0%b0%d1%82%d0%b8%d1%86%d0%b8-%d0%b7%d0%b0-%d1%82%d1%8a%d1%80%d0%b3%d0%be%d0%b2%d1%81%d0%ba%d0%b8-%d0%be%d0%b1%d0%b5%d0%ba%d1%82%d0%b8/%d0%ba%d0%be%d0%bb%d0%be%d0%bd%d0%bd%d0%b8-%d0%ba%d0%bb%d0%b8%d0%bc%d0%b0%d1%82%d0%b8%d1%86%d0%b8/daikin-%d0%b8%d0%bd%d0%b2%d0%b5%d1%80%d1%82%d0%be%d1%80%d0%b5%d0%bd-%d0%ba%d0%be%d0%bb%d0%be%d0%bd%d0%b5%d0%bd-%d0%ba%d0%bb%d0%b8%d0%bc%d0%b0%d1%82%d0%b8%d0%ba-alpha-fva-140a-nv1-48000-btu-230-v-r3/,https://jtclima.bg/wp-content/uploads/2025/02/thumb4_thumb6_FVA_2_.jpg,Колонни климатици,инверторен колонен,Колонни климатици,7889.00 EUR,,инверторен колонен климатик;Колонни климатици;Индустриални климатици;Daikin,,,,,,,,,
18078,,Daikin FVA-125A/NY1,https://jtclima.bg/produkti/%d0%ba%d0%bb%d0%b8%d0%bc%d0%b0%d1%82%d0%b8%d1%86%d0%b8-%d0%b7%d0%b0-%d1%82%d1%8a%d1%80%d0%b3%d0%be%d0%b2%d1%81%d0%ba%d0%b8-%d0%be%d0%b1%d0%b5%d0%ba%d1%82%d0%b8/%d0%ba%d0%be%d0%bb%d0%be%d0%bd%d0%bd%d0%b8-%d0%ba%d0%bb%d0%b8%d0%bc%d0%b0%d1%82%d0%b8%d1%86%d0%b8/daikin-%d0%b8%d0%bd%d0%b2%d0%b5%d1%80%d1%82%d0%be%d1%80%d0%b5%d0%bd-%d0%ba%d0%be%d0%bb%d0%be%d0%bd%d0%b5%d0%bd-%d0%ba%d0%bb%d0%b8%d0%bc%d0%b0%d1%82%d0%b8%d0%ba-alpha-fva-125a-ny1-43000-btu-400-v-r/,https://jtclima.bg/wp-content/uploads/2025/02/thumb4_thumb6_FVA_2_.jpg,Колонни климатици,инверторен колонен,Колонни климатици,6647.00 EUR,,инверторен колонен климатик;Колонни климатици;Индустриални климатици;Daikin,,,,,,,,,
18076,,Daikin FVA-125A/NV1,https://jtclima.bg/produkti/%d0%ba%d0%bb%d0%b8%d0%bc%d0%b0%d1%82%d0%b8%d1%86%d0%b8-%d0%b7%d0%b0-%d1%82%d1%8a%d1%80%d0%b3%d0%be%d0%b2%d1%81%d0%ba%d0%b8-%d0%be%d0%b1%d0%b5%d0%ba%d1%82%d0%b8/%d0%ba%d0%be%d0%bb%d0%be%d0%bd%d0%bd%d0%b8-%d0%ba%d0%bb%d0%b8%d0%bc%d0%b0%d1%82%d0%b8%d1%86%d0%b8/daikin-%d0%b8%d0%bd%d0%b2%d0%b5%d1%80%d1%82%d0%be%d1%80%d0%b5%d0%bd-%d0%ba%d0%be%d0%bb%d0%be%d0%bd%d0%b5%d0%bd-%d0%ba%d0%bb%d0%b8%d0%bc%d0%b0%d1%82%d0%b8%d0%ba-alpha-fva-125a-nv1-43000-btu-230-v-r/,https://jtclima.bg/wp-content/uploads/2025/02/thumb4_thumb6_FVA_2_.jpg,Колонни климатици,инверторен колонен,Колонни климатици,6596.00 EUR,,инверторен колонен климатик;Колонни климатици;Daikin;Индустриални климатици,,,,,,,,,
18072,,Daikin FVA-71A,https://jtclima.bg/produkti/%d0%ba%d0%bb%d0%b8%d0%bc%d0%b0%d1%82%d0%b8%d1%86%d0%b8-%d0%b7%d0%b0-%d1%82%d1%8a%d1%80%d0%b3%d0%be%d0%b2%d1%81%d0%ba%d0%b8-%d0%be%d0%b1%d0%b5%d0%ba%d1%82%d0%b8/%d0%ba%d0%be%d0%bb%d0%be%d0%bd%d0%bd%d0%b8-%d0%ba%d0%bb%d0%b8%d0%bc%d0%b0%d1%82%d0%b8%d1%86%d0%b8/daikin-%d0%b8%d0%bd%d0%b2%d0%b5%d1%80%d1%82%d0%be%d1%80%d0%b5%d0%bd-%d0%ba%d0%be%d0%bb%d0%be%d0%bd%d0%b5%d0%bd-%d0%ba%d0%bb%d0%b8%d0%bc%d0%b0%d1%82%d0%b8%d0%ba-alpha-fva-71a-24000-btu-230-v-r32/,https://jtclima.bg/wp-content/uploads/2025/02/thumb4_thumb6_FVA_2_.jpg,Колонни климатици,инверторен колонен,Колонни климатици,5062.00 EUR,,инверторен колонен климатик;Колонни климатици;Индустриални климатици;Daikin,,,,,,,,,
18066,,Crystal CFI-48H-MPA,https://jtclima.bg/produkti/%d0%ba%d0%bb%d0%b8%d0%bc%d0%b0%d1%82%d0%b8%d1%86%d0%b8-%d0%b7%d0%b0-%d1%82%d1%8a%d1%80%d0%b3%d0%be%d0%b2%d1%81%d0%ba%d0%b8-%d0%be%d0%b1%d0%b5%d0%ba%d1%82%d0%b8/%d0%ba%d0%be%d0%bb%d0%be%d0%bd%d0%bd%d0%b8-%d0%ba%d0%bb%d0%b8%d0%bc%d0%b0%d1%82%d0%b8%d1%86%d0%b8/crystal-%d0%b8%d0%bd%d0%b2%d0%b5%d1%80%d1%82%d0%be%d1%80%d0%b5%d0%bd-%d0%ba%d0%be%d0%bb%d0%be%d0%bd%d0%b5%d0%bd-%d0%ba%d0%bb%d0%b8%d0%bc%d0%b0%d1%82%d0%b8%d0%ba-energy-pro-cfi-48h-mpa-48000-btu-400/,https://jtclima.bg/wp-content/uploads/2025/02/kolonen-klimatik-crystal-energy-pro-e1742220223285.jpg,Колонни климатици,инверторен колонен,Колонни климатици,3165.00 EUR,,инверторен колонен климатик;Колонни климатици;Crystal;Индустриални климатици,,,,,,,,,
18064,,Crystal CHV-D160FA/HR1,https://jtclima.bg/produkti/%d0%ba%d0%bb%d0%b8%d0%bc%d0%b0%d1%82%d0%b8%d1%86%d0%b8-%d0%b7%d0%b0-%d1%82%d1%8a%d1%80%d0%b3%d0%be%d0%b2%d1%81%d0%ba%d0%b8-%d0%be%d0%b1%d0%b5%d0%ba%d1%82%d0%b8/%d0%ba%d0%be%d0%bb%d0%be%d0%bd%d0%bd%d0%b8-%d0%ba%d0%bb%d0%b8%d0%bc%d0%b0%d1%82%d0%b8%d1%86%d0%b8/crystal-%d0%b8%d0%bd%d0%b2%d0%b5%d1%80%d1%82%d0%be%d1%80%d0%b5%d0%bd-%d0%ba%d0%be%d0%bb%d0%be%d0%bd%d0%b5%d0%bd-%d0%ba%d0%bb%d0%b8%d0%bc%d0%b0%d1%82%d0%b8%d0%ba-chv-d160fa-hr1-60000-btu-400-v-r41/,https://jtclima.bg/wp-content/uploads/2025/02/kolonen-klimatik-crystal-02-e1742220443270.jpg,Колонни климатици,инверторен колонен,Колонни климатици,3165.00 EUR,,инверторен колонен климатик;Колонни климатици;Crystal;Индустриални климатици,,,,,,,,,
18060,,Crystal CHV-D140FA/HR1,https://jtclima.bg/produkti/%d0%ba%d0%bb%d0%b8%d0%bc%d0%b0%d1%82%d0%b8%d1%86%d0%b8-%d0%b7%d0%b0-%d1%82%d1%8a%d1%80%d0%b3%d0%be%d0%b2%d1%81%d0%ba%d0%b8-%d0%be%d0%b1%d0%b5%d0%ba%d1%82%d0%b8/%d0%ba%d0%be%d0%bb%d0%be%d0%bd%d0%bd%d0%b8-%d0%ba%d0%bb%d0%b8%d0%bc%d0%b0%d1%82%d0%b8%d1%86%d0%b8/crystal-%d0%b8%d0%bd%d0%b2%d0%b5%d1%80%d1%82%d0%be%d1%80%d0%b5%d0%bd-%d0%ba%d0%be%d0%bb%d0%be%d0%bd%d0%b5%d0%bd-%d0%ba%d0%bb%d0%b8%d0%bc%d0%b0%d1%82%d0%b8%d0%ba-chv-d140fa-hr1-55000-btu-400-v-r41/,https://jtclima.bg/wp-content/uploads/2025/02/kolonen-klimatik-crystal-02-e1742220443270.jpg,Колонни климатици,инверторен колонен,Колонни климатици,2910.00 EUR,,инверторен колонен климатик;Колонни климатици;Crystal;Индустриални климатици,,,,,,,,,
18033,,Toshiba B24E2KVG-E,https://jtclima.bg/produkti/klimatici/invertorni-klimatici/toshiba/24-toshiba/toshiba-%d0%b8%d0%bd%d0%b2%d0%b5%d1%80%d1%82%d0%be%d1%80%d0%b5%d0%bd-%d0%ba%d0%bb%d0%b8%d0%bc%d0%b0%d1%82%d0%b8%d0%ba-yukai-70-kw-b24e2kvg-e-24000-btu/,https://jtclima.bg/wp-content/uploads/2025/02/toshiba-invertoren-klimatik-yukai-01.jpg,Стенни климатици,инверторен климатик,Стенни климатици,1565.00 EUR,,инверторен климатик;Стенни климатици;Toshiba,,,,,,,,,
18031,,Toshiba B18E2KVG-E,https://jtclima.bg/produkti/klimatici/invertorni-klimatici/toshiba/18-toshiba/toshiba-%d0%b8%d0%bd%d0%b2%d0%b5%d1%80%d1%82%d0%be%d1%80%d0%b5%d0%bd-%d0%ba%d0%bb%d0%b8%d0%bc%d0%b0%d1%82%d0%b8%d0%ba-yukai-50-kw-b18e2kvg-e-18000-btu/,https://jtclima.bg/wp-content/uploads/2025/02/toshiba-invertoren-klimatik-yukai-01.jpg,Стенни климатици,инверторен климатик,Стенни климатици,1238.00 EUR,,инверторен климатик;Стенни климатици;Toshiba,,,,,,,,,
18029,,Toshiba B16E2KVG-E,https://jtclima.bg/produkti/klimatici/invertorni-klimatici/toshiba/16/toshiba-%d0%b8%d0%bd%d0%b2%d0%b5%d1%80%d1%82%d0%be%d1%80%d0%b5%d0%bd-%d0%ba%d0%bb%d0%b8%d0%bc%d0%b0%d1%82%d0%b8%d0%ba-yukai-420-kw-b16e2kvg-e-16000-btu/,https://jtclima.bg/wp-content/uploads/2025/02/toshiba-invertoren-klimatik-yukai-01.jpg,Стенни климатици,инверторен климатик,Стенни климатици,1105.00 EUR,,инверторен климатик;Стенни климатици;Toshiba,,,,,,,,,
18027,,Toshiba B13E2KVG-E,https://jtclima.bg/produkti/klimatici/invertorni-klimatici/toshiba/13/toshiba-%d0%b8%d0%bd%d0%b2%d0%b5%d1%80%d1%82%d0%be%d1%80%d0%b5%d0%bd-%d0%ba%d0%bb%d0%b8%d0%bc%d0%b0%d1%82%d0%b8%d0%ba-yukai-35-kw-b13e2kvg-e-13000-btu/,https://jtclima.bg/wp-content/uploads/2025/02/toshiba-invertoren-klimatik-yukai-01.jpg,Стенни климатици,инверторен климатик,Стенни климатици,865.00 EUR,,инверторен климатик;Стенни климатици;Toshiba,,,,,,,,,
18021,,Toshiba B10E2KVG-E,https://jtclima.bg/produkti/klimatici/invertorni-klimatici/toshiba/10/toshiba-%d0%b8%d0%bd%d0%b2%d0%b5%d1%80%d1%82%d0%be%d1%80%d0%b5%d0%bd-%d0%ba%d0%bb%d0%b8%d0%bc%d0%b0%d1%82%d0%b8%d0%ba-yukai-25-kw-b10e2kvg-e-10000-btu/,https://jtclima.bg/wp-content/uploads/2025/02/toshiba-invertoren-klimatik-yukai-01.jpg,Стенни климатици,инверторен климатик,Стенни климатици,747.00 EUR,,инверторен климатик;Стенни климатици;Toshiba,,,,,,,,,
17974,,Toshiba B24G3KVSG-E,https://jtclima.bg/produkti/klimatici/invertorni-klimatici/toshiba/24-toshiba/toshiba-%d0%b8%d0%bd%d0%b2%d0%b5%d1%80%d1%82%d0%be%d1%80%d0%b5%d0%bd-%d0%ba%d0%bb%d0%b8%d0%bc%d0%b0%d1%82%d0%b8%d0%ba-egde-new-white-70-kw-b24g3kvsg-e-24-000-btu/,https://jtclima.bg/wp-content/uploads/2025/02/edge-new-white.jpg,Стенни климатици,инверторен климатик,Стенни климатици,1749.00 EUR,1626.00 EUR,инверторен климатик;Стенни климатици;Toshiba,,,,,,,,,
17970,,Toshiba B22G3KVSG-E,https://jtclima.bg/produkti/klimatici/invertorni-klimatici/toshiba/22/toshiba-%d0%b8%d0%bd%d0%b2%d0%b5%d1%80%d1%82%d0%be%d1%80%d0%b5%d0%bd-%d0%ba%d0%bb%d0%b8%d0%bc%d0%b0%d1%82%d0%b8%d0%ba-egde-new-white-60-kw-b22g3kvsg-e-22-000-btu/,https://jtclima.bg/wp-content/uploads/2025/02/edge-new-white.jpg,Стенни климатици,инверторен климатик,Стенни климатици,1534.00 EUR,1421.00 EUR,инверторен климатик;Стенни климатици;Toshiba,,,,,,,,,
17965,,Toshiba B18G3KVSG-E,https://jtclima.bg/produkti/klimatici/invertorni-klimatici/toshiba/18-toshiba/toshiba-%d0%b8%d0%bd%d0%b2%d0%b5%d1%80%d1%82%d0%be%d1%80%d0%b5%d0%bd-%d0%ba%d0%bb%d0%b8%d0%bc%d0%b0%d1%82%d0%b8%d0%ba-egde-new-white-50-kw-b18g3kvsg-e-18000-btu/,https://jtclima.bg/wp-content/uploads/2025/02/edge-new-white.jpg,Стенни климатици,инверторен климатик,Стенни климатици,1407.00 EUR,1309.00 EUR,инверторен климатик;Стенни климатици;Toshiba,,,,,,,,,
17959,,Toshiba B16G3KVSG-E,https://jtclima.bg/produkti/klimatici/invertorni-klimatici/toshiba/16/toshiba-%d0%b8%d0%bd%d0%b2%d0%b5%d1%80%d1%82%d0%be%d1%80%d0%b5%d0%bd-%d0%ba%d0%bb%d0%b8%d0%bc%d0%b0%d1%82%d0%b8%d0%ba-egde-new-white-420-kw-b16g3kvsg-e-16000-btu/,https://jtclima.bg/wp-content/uploads/2025/02/edge-new-white.jpg,Стенни климатици,инверторен климатик,Стенни климатици,1325.00 EUR,1232.00 EUR,инверторен климатик;Стенни климатици;Toshiba,,,,,,,,,
17952,,Toshiba B13G3KVSG-E,https://jtclima.bg/produkti/klimatici/invertorni-klimatici/toshiba/13/toshiba-%d0%b8%d0%bd%d0%b2%d0%b5%d1%80%d1%82%d0%be%d1%80%d0%b5%d0%bd-%d0%ba%d0%bb%d0%b8%d0%bc%d0%b0%d1%82%d0%b8%d0%ba-egde-new-white-35-kw-b13g3kvsg-e-13000-btu/,https://jtclima.bg/wp-content/uploads/2025/02/edge-new-white.jpg,Стенни климатици,инверторен климатик,Стенни климатици,1182.00 EUR,1099.00 EUR,инверторен климатик;Стенни климатици;Toshiba,,,,,,,,,
17942,,Toshiba B10G3KVSG-E,https://jtclima.bg/produkti/klimatici/invertorni-klimatici/toshiba/10/toshiba-%d0%b8%d0%bd%d0%b2%d0%b5%d1%80%d1%82%d0%be%d1%80%d0%b5%d0%bd-%d0%ba%d0%bb%d0%b8%d0%bc%d0%b0%d1%82%d0%b8%d0%ba-egde-new-white-25-kw-b10g3kvsg-e-10000-btu/,https://jtclima.bg/wp-content/uploads/2025/02/edge-new-white.jpg,Стенни климатици,инверторен климатик,Стенни климатици,1018.00 EUR,946.00 EUR,инверторен климатик;Стенни климатици;Toshiba,,,,,,,,,
17933,,Toshiba B16N4KVRG-E,https://jtclima.bg/produkti/klimatici/invertorni-klimatici/toshiba/16/toshiba-%d0%b8%d0%bd%d0%b2%d0%b5%d1%80%d1%82%d0%be%d1%80%d0%b5%d0%bd-%d0%ba%d0%bb%d0%b8%d0%bc%d0%b0%d1%82%d0%b8%d0%ba-haori-new-420-kw-b16n4kvrg-e-16000-btu/,https://jtclima.bg/wp-content/uploads/2025/02/toshiba-invertoren-klimatik-haori-new-black.jpg,Стенни климатици,инверторен климатик,Стенни климатици,1534.00 EUR,1426.00 EUR,инверторен климатик;Стенни климатици;Toshiba,,,,,,,,,
17931,,Toshiba B13N4KVRG-E,https://jtclima.bg/produkti/klimatici/invertorni-klimatici/toshiba/13/toshiba-%d0%b8%d0%bd%d0%b2%d0%b5%d1%80%d1%82%d0%be%d1%80%d0%b5%d0%bd-%d0%ba%d0%bb%d0%b8%d0%bc%d0%b0%d1%82%d0%b8%d0%ba-haori-new-35-kw-b13n4kvrg-e-13000-btu/,https://jtclima.bg/wp-content/uploads/2025/02/toshiba-invertoren-klimatik-haori-new-black.jpg,Стенни климатици,инверторен климатик,Стенни климатици,1422.00 EUR,1324.00 EUR,инверторен климатик;Стенни климатици;Toshiba,,,,,,,,,
17927,,Toshiba B10N4KVRG-E,https://jtclima.bg/produkti/klimatici/invertorni-klimatici/toshiba/10/toshiba-%d0%b8%d0%bd%d0%b2%d0%b5%d1%80%d1%82%d0%be%d1%80%d0%b5%d0%bd-%d0%ba%d0%bb%d0%b8%d0%bc%d0%b0%d1%82%d0%b8%d0%ba-haori-new-25-kw-b10n4kvrg-e-10000-btu/,https://jtclima.bg/wp-content/uploads/2025/02/toshiba-invertoren-klimatik-haori-new-black.jpg,Стенни климатици,инверторен климатик,Стенни климатици,1202.00 EUR,1120.00 EUR,инверторен климатик;Стенни климатици;Toshiba,,,,,,,,,
17925,,Toshiba B16J2FVG-E,https://jtclima.bg/produkti/klimatici/podovi-klimatici/toshiba-podovi-klimatici/16-toshiba-podovi-klimatici/toshiba-%d0%bf%d0%be%d0%b4%d0%be%d0%b2-%d0%ba%d0%bb%d0%b8%d0%bc%d0%b0%d1%82%d0%b8%d0%ba-bi-flow-420-kw-b16j2fvg-e-16000-btu/,https://jtclima.bg/wp-content/uploads/2025/02/toshiba-consolen-klimatik-b-flow.jpg,Подови климатици,подов климатик,Подови климатици,2020.00 EUR,1871.00 EUR,подов климатик;Подови климатици;Toshiba,,,,,,,,,
17923,,Toshiba B13J2FVG-E,https://jtclima.bg/produkti/klimatici/podovi-klimatici/toshiba-podovi-klimatici/13-toshiba-podovi-klimatici/toshiba-%d0%bf%d0%be%d0%b4%d0%be%d0%b2-%d0%ba%d0%bb%d0%b8%d0%bc%d0%b0%d1%82%d0%b8%d0%ba-bi-flow-35-kw-b13j2fvg-e-13000-btu/,https://jtclima.bg/wp-content/uploads/2025/02/toshiba-consolen-klimatik-b-flow.jpg,Подови климатици,подов климатик,Подови климатици,1585.00 EUR,1478.00 EUR,подов климатик;Подови климатици;Toshiba,,,,,,,,,
17918,,Toshiba B10J2FVG-E,https://jtclima.bg/produkti/klimatici/podovi-klimatici/toshiba-podovi-klimatici/10-toshiba-podovi-klimatici/toshiba-%d0%bf%d0%be%d0%b4%d0%be%d0%b2-%d0%ba%d0%bb%d0%b8%d0%bc%d0%b0%d1%82%d0%b8%d0%ba-bi-flow-25-kw-b10j2fvg-e-10000-btu/,https://jtclima.bg/wp-content/uploads/2025/02/toshiba-consolen-klimatik-b-flow.jpg,Подови климатици,подов климатик,Подови климатици,1396.00 EUR,1299.00 EUR,подов климатик;Подови климатици;Toshiba,,,,,,,,,
17902,,Mitsubishi 50ZSP-W,https://jtclima.bg/produkti/klimatici/invertorni-klimatici/mitsubishi-heavy/18-mitsubishi-heavy/mitsubishi-heavy-%d0%b8%d0%bd%d0%b2%d0%b5%d1%80%d1%82%d0%be%d1%80%d0%b5%d0%bd-%d0%ba%d0%bb%d0%b8%d0%bc%d0%b0%d1%82%d0%b8%d0%ba-standard-50-kw-srk-src-50zsp-w-18000-btu/,https://jtclima.bg/wp-content/uploads/2025/02/zsp.png,Стенни климатици,инверторен климатик,Стенни климатици,1205.00 EUR,,инверторен климатик;Стенни климатици;Mitsubishi Heavy,,,,,,,,,
17900,,Mitsubishi 35ZSP-W,https://jtclima.bg/produkti/klimatici/invertorni-klimatici/mitsubishi-heavy/12-mitsubishi-heavy/mitsubishi-heavy-%d0%b8%d0%bd%d0%b2%d0%b5%d1%80%d1%82%d0%be%d1%80%d0%b5%d0%bd-%d0%ba%d0%bb%d0%b8%d0%bc%d0%b0%d1%82%d0%b8%d0%ba-standard-35-kw-srk-src-35zsp-w-12000-btu/,https://jtclima.bg/wp-content/uploads/2025/02/zsp.png,Стенни климатици,инверторен климатик,Стенни климатици,875.00 EUR,,инверторен климатик;Стенни климатици;Mitsubishi Heavy,,,,,,,,,
17896,,Mitsubishi 25ZSP-W,https://jtclima.bg/produkti/klimatici/invertorni-klimatici/mitsubishi-heavy/9-mitsubishi-heavy/mitsubishi-heavy-%d0%b8%d0%bd%d0%b2%d0%b5%d1%80%d1%82%d0%be%d1%80%d0%b5%d0%bd-%d0%ba%d0%bb%d0%b8%d0%bc%d0%b0%d1%82%d0%b8%d0%ba-standard-25-kw-srk-src-25zsp-w-9000-btu/,https://jtclima.bg/wp-content/uploads/2025/02/zsp.png,Стенни климатици,инверторен климатик,Стенни климатици,745.00 EUR,,инверторен климатик;Стенни климатици;Mitsubishi Heavy,,,,,,,,,
17894,,Mitsubishi,https://jtclima.bg/produkti/klimatici/invertorni-klimatici/mitsubishi-heavy/18-mitsubishi-heavy/mitsubishi-heavy-%d0%b8%d0%bd%d0%b2%d0%b5%d1%80%d1%82%d0%be%d1%80%d0%b5%d0%bd-%d0%ba%d0%bb%d0%b8%d0%bc%d0%b0%d1%82%d0%b8%d0%ba-titanium-black-and-white-50-kw-srk-src50zs-wt-wb-18000-btu-230-v/,https://jtclima.bg/wp-content/uploads/2025/02/cvetove.png,Стенни климатици,инверторен климатик,Стенни климатици,1585.00 EUR,,инверторен климатик;Стенни климатици;Mitsubishi Heavy,,,,,,,,,
17891,,Mitsubishi SRK/SRC50ZS-W,https://jtclima.bg/produkti/klimatici/invertorni-klimatici/mitsubishi-heavy/18-mitsubishi-heavy/mitsubishi-heavy-%d0%b8%d0%bd%d0%b2%d0%b5%d1%80%d1%82%d0%be%d1%80%d0%b5%d0%bd-%d0%ba%d0%bb%d0%b8%d0%bc%d0%b0%d1%82%d0%b8%d0%ba-premium-white-50-kw-srk-src50zs-w-18000-btu-230-v/,https://jtclima.bg/wp-content/uploads/2025/02/SRK-ZS-white.png,Стенни климатици,инверторен климатик,Стенни климатици,1499.00 EUR,,инверторен климатик;Стенни климатици;Mitsubishi Heavy,,,,,,,,,
17889,,Mitsubishi,https://jtclima.bg/produkti/klimatici/invertorni-klimatici/mitsubishi-heavy/12-mitsubishi-heavy/mitsubishi-heavy-%d0%b8%d0%bd%d0%b2%d0%b5%d1%80%d1%82%d0%be%d1%80%d0%b5%d0%bd-%d0%ba%d0%bb%d0%b8%d0%bc%d0%b0%d1%82%d0%b8%d0%ba-titanium-black-and-white-35-kw-srk-src35zs-wt-wb-12000-btu-230-v/,https://jtclima.bg/wp-content/uploads/2025/02/cvetove.png,Стенни климатици,инверторен климатик,Стенни климатици,1219.00 EUR,,инверторен климатик;Стенни климатици;Mitsubishi Heavy,,,,,,,,,
17887,,Mitsubishi SRK/SRC35ZS-W,https://jtclima.bg/produkti/klimatici/invertorni-klimatici/mitsubishi-heavy/12-mitsubishi-heavy/mitsubishi-heavy-%d0%b8%d0%bd%d0%b2%d0%b5%d1%80%d1%82%d0%be%d1%80%d0%b5%d0%bd-%d0%ba%d0%bb%d0%b8%d0%bc%d0%b0%d1%82%d0%b8%d0%ba-premium-white-35-kw-srk-src35zs-w-12000-btu-230-v/,https://jtclima.bg/wp-content/uploads/2025/02/SRK-ZS-white.png,Стенни климатици,инверторен климатик,Стенни климатици,1139.00 EUR,,инверторен климатик;Стенни климатици;Mitsubishi Heavy,,,,,,,,,
17882,,Mitsubishi,https://jtclima.bg/produkti/klimatici/invertorni-klimatici/mitsubishi-heavy/9-mitsubishi-heavy/mitsubishi-heavy-%d0%b8%d0%bd%d0%b2%d0%b5%d1%80%d1%82%d0%be%d1%80%d0%b5%d0%bd-%d0%ba%d0%bb%d0%b8%d0%bc%d0%b0%d1%82%d0%b8%d0%ba-premium-titanium-black-and-white-25-kw-srk-src25zs-wt-wb-9000-btu-230/,https://jtclima.bg/wp-content/uploads/2025/02/cvetove.png,Стенни климатици,инверторен климатик,Стенни климатици,1055.00 EUR,,инверторен климатик;Стенни климатици;Mitsubishi Heavy,,,,,,,,,
17879,,Mitsubishi SRK/SRC25ZS-W,https://jtclima.bg/produkti/klimatici/invertorni-klimatici/mitsubishi-heavy/9-mitsubishi-heavy/mitsubishi-heavy-%d0%b8%d0%bd%d0%b2%d0%b5%d1%80%d1%82%d0%be%d1%80%d0%b5%d0%bd-%d0%ba%d0%bb%d0%b8%d0%bc%d0%b0%d1%82%d0%b8%d0%ba-premium-white-25-kw-srk-src25zs-w-9000-btu-230-v/,https://jtclima.bg/wp-content/uploads/2025/02/SRK-ZS-white.png,Стенни климатици,инверторен климатик,Стенни климатици,969.00 EUR,,инверторен климатик;Стенни климатици;Mitsubishi Heavy,,,,,,,,,
17877,,Mitsubishi,https://jtclima.bg/produkti/klimatici/invertorni-klimatici/mitsubishi-heavy/18-mitsubishi-heavy/mitsubishi-heavy-%d0%bf%d0%be%d0%b4%d0%be%d0%b2-%d0%ba%d0%bb%d0%b8%d0%bc%d0%b0%d1%82%d0%b8%d0%ba-diamond-50-kw-srf-srk-50zsx-w-18000-btu-230v/,https://jtclima.bg/wp-content/uploads/2025/02/SRF_ZSX-ezgif.com-webp-to-png-converter.png,Подови климатици,подов климатик,Подови климатици,2209.00 EUR,,подов климатик;Подови климатици;Mitsubishi Heavy,,,,,,,,,
17875,,Mitsubishi SRF/SRC35ZS-W,https://jtclima.bg/produkti/klimatici/invertorni-klimatici/mitsubishi-heavy/12-mitsubishi-heavy/mitsubishi-heavy-%d0%bf%d0%be%d0%b4%d0%be%d0%b2-%d0%ba%d0%bb%d0%b8%d0%bc%d0%b0%d1%82%d0%b8%d0%ba-premium-35-kw-srf-src35zs-w-12000/,https://jtclima.bg/wp-content/uploads/2025/02/SRF_ZSX-ezgif.com-webp-to-png-converter.png,Подови климатици,подов климатик,Подови климатици,1575.00 EUR,,подов климатик;Подови климатици;Mitsubishi Heavy,,,,,,,,,
17872,,Mitsubishi SRF/SRC25ZS-W,https://jtclima.bg/produkti/klimatici/podovi-klimatici/podov-klimatik-mitsubishi-heavy/9-mitsubishi-heavy-podovi-klimatici/mitsubishi-heavy-%d0%bf%d0%be%d0%b4%d0%be%d0%b2-%d0%ba%d0%bb%d0%b8%d0%bc%d0%b0%d1%82%d0%b8%d0%ba-premium-25-kw-srf-src25zs-w-9000-btu/,https://jtclima.bg/wp-content/uploads/2025/02/SRF_ZSX-ezgif.com-webp-to-png-converter.png,Подови климатици,подов климатик,Подови климатици,1435.00 EUR,,подов климатик;Подови климатици;Mitsubishi Heavy,,,,,,,,,
17870,,Mitsubishi,https://jtclima.bg/produkti/klimatici/invertorni-klimatici/mitsubishi-heavy/18-mitsubishi-heavy/mitsubishi-heavy-%d0%b8%d0%bd%d0%b2%d0%b5%d1%80%d1%82%d0%be%d1%80%d0%b5%d0%bd-%d0%ba%d0%bb%d0%b8%d0%bc%d0%b0%d1%82%d0%b8%d0%ba-diamond-titanium-black-and-white-50-kw-srk-src50zsx-wt-wb-18000-btu-23/,https://jtclima.bg/wp-content/uploads/2025/02/cwqt.png,Стенни климатици,инверторен климатик,Стенни климатици,2295.00 EUR,,инверторен климатик;Стенни климатици;Mitsubishi Heavy,,,,,,,,,
17868,,Mitsubishi SRK/SRC50ZSX-W,https://jtclima.bg/produkti/klimatici/invertorni-klimatici/mitsubishi-heavy/18-mitsubishi-heavy/mitsubishi-heavy-%d0%b8%d0%bd%d0%b2%d0%b5%d1%80%d1%82%d0%be%d1%80%d0%b5%d0%bd-%d0%ba%d0%bb%d0%b8%d0%bc%d0%b0%d1%82%d0%b8%d0%ba-diamond-white-50-kw-srk-src50zsx-w-18000-btu-230-v/,https://jtclima.bg/wp-content/uploads/2025/02/ZSX-W.png,Стенни климатици,инверторен климатик,Стенни климатици,2209.00 EUR,,инверторен климатик;Стенни климатици;Mitsubishi Heavy,,,,,,,,,
17866,,Mitsubishi,https://jtclima.bg/produkti/klimatici/invertorni-klimatici/mitsubishi-heavy/12-mitsubishi-heavy/mitsubishi-heavy-%d0%b8%d0%bd%d0%b2%d0%b5%d1%80%d1%82%d0%be%d1%80%d0%b5%d0%bd-%d0%ba%d0%bb%d0%b8%d0%bc%d0%b0%d1%82%d0%b8%d0%ba-diamond-titanium-black-and-white-35-kw-srk-src35zsx-wt-wb-12000-btu-23/,https://jtclima.bg/wp-content/uploads/2025/02/cwqt.png,Стенни климатици,инверторен климатик,Стенни климатици,1865.00 EUR,,инверторен климатик;Стенни климатици;Mitsubishi Heavy,,,,,,,,,
17864,,Mitsubishi SRK/SRC35ZSX-W,https://jtclima.bg/produkti/klimatici/invertorni-klimatici/mitsubishi-heavy/12-mitsubishi-heavy/mitsubishi-heavy-%d0%b8%d0%bd%d0%b2%d0%b5%d1%80%d1%82%d0%be%d1%80%d0%b5%d0%bd-%d0%ba%d0%bb%d0%b8%d0%bc%d0%b0%d1%82%d0%b8%d0%ba-diamond-white-35-kw-srk-src35zsx-w-12000-btu-230-v/,https://jtclima.bg/wp-content/uploads/2025/02/ZSX-W.png,Стенни климатици,инверторен климатик,Стенни климатици,1779.00 EUR,,инверторен климатик;Стенни климатици;Mitsubishi Heavy,,,,,,,,,
17861,,Mitsubishi,https://jtclima.bg/produkti/klimatici/invertorni-klimatici/mitsubishi-heavy/9-mitsubishi-heavy/mitsubishi-heavy-%d0%b8%d0%bd%d0%b2%d0%b5%d1%80%d1%82%d0%be%d1%80%d0%b5%d0%bd-%d0%ba%d0%bb%d0%b8%d0%bc%d0%b0%d1%82%d0%b8%d0%ba-diamond-titanium-black-and-white-25-kw-srk-src25zsx-wt-wb-9000-btu-23/,https://jtclima.bg/wp-content/uploads/2025/02/cwqt.png,Стенни климатици,инверторен климатик,Стенни климатици,1665.00 EUR,,инверторен климатик;Стенни климатици;Mitsubishi Heavy,,,,,,,,,
17857,,Mitsubishi SRK/SRC25ZSX-W,https://jtclima.bg/produkti/klimatici/invertorni-klimatici/mitsubishi-heavy/9-mitsubishi-heavy/mitsubishi-heavy-%d0%b8%d0%bd%d0%b2%d0%b5%d1%80%d1%82%d0%be%d1%80%d0%b5%d0%bd-%d0%ba%d0%bb%d0%b8%d0%bc%d0%b0%d1%82%d0%b8%d0%ba-diamond-white-25-kw-srk-src25zsx-w-9000-btu-230-v/,https://jtclima.bg/wp-content/uploads/2025/02/ZSX-W.png,Стенни климатици,инверторен климатик,Стенни климатици,1579.00 EUR,,инверторен климатик;Стенни климатици;Mitsubishi Heavy,,,,,,,,,
17851,,Mitsubishi KT60VG,https://jtclima.bg/produkti/klimatici/podovi-klimatici/podov-klimatik-mitsubishi/podov-klimatik-mitsubishi-21/mitsubishi-electric-%d0%bf%d0%be%d0%b4%d0%be%d0%b2-%d0%ba%d0%bb%d0%b8%d0%bc%d0%b0%d1%82%d0%b8%d0%ba-60-kw-kt60vg-21000-btu-230v/,https://jtclima.bg/wp-content/uploads/2025/02/Подов-климатик-Mitsubishi-Electric-MFZ-KT-1.png,Подови климатици,подов климатик,Подови климатици,4199.00 EUR,,подов климатик;Подови климатици;Mitsubishi Electric,,,,,,,,,
17849,,Mitsubishi KT50VG,https://jtclima.bg/produkti/klimatici/podovi-klimatici/podov-klimatik-mitsubishi/podov-klimatik-mitsubishi-18/mitsubishi-electric-%d0%bf%d0%be%d0%b4%d0%be%d0%b2-%d0%ba%d0%bb%d0%b8%d0%bc%d0%b0%d1%82%d0%b8%d0%ba-50-kw-kt50vg-18000-btu-230v/,https://jtclima.bg/wp-content/uploads/2025/02/Подов-климатик-Mitsubishi-Electric-MFZ-KT-1.png,Подови климатици,подов климатик,Подови климатици,3599.00 EUR,,подов климатик;Подови климатици;Mitsubishi Electric,,,,,,,,,
17847,,Mitsubishi KT35VG,https://jtclima.bg/produkti/klimatici/podovi-klimatici/podov-klimatik-mitsubishi/podov-klimatik-mitsubishi-12/mitsubishi-electric-%d0%bf%d0%be%d0%b4%d0%be%d0%b2-%d0%ba%d0%bb%d0%b8%d0%bc%d0%b0%d1%82%d0%b8%d0%ba-35-kw-kt35vg-12000-btu/,https://jtclima.bg/wp-content/uploads/2025/02/Подов-климатик-Mitsubishi-Electric-MFZ-KT-1.png,Подови климатици,подов климатик,Подови климатици,2949.00 EUR,,подов климатик;Подови климатици;Mitsubishi Electric,,,,,,,,,
17844,,Mitsubishi KT25VG,https://jtclima.bg/produkti/klimatici/podovi-klimatici/podov-klimatik-mitsubishi/9-mitsubishi-podovi-klimatici/mitsubishi-electric-%d0%bf%d0%be%d0%b4%d0%be%d0%b2-%d0%ba%d0%bb%d0%b8%d0%bc%d0%b0%d1%82%d0%b8%d0%ba-25-kw-kt25vg-9000-btu/,https://jtclima.bg/wp-content/uploads/2025/02/Подов-климатик-Mitsubishi-Electric-MFZ-KT-1.png,Подови климатици,подов климатик,Подови климатици,2619.00 EUR,,подов климатик;Подови климатици;Mitsubishi Electric,,,,,,,,,
17841,,Mitsubishi HR50VF,https://jtclima.bg/produkti/klimatici/invertorni-klimatici/mitsubishi/18-mitsubishi/mitsubishi-electric-%d0%b8%d0%bd%d0%b2%d0%b5%d1%80%d1%82%d0%be%d1%80%d0%b5%d0%bd-%d0%ba%d0%bb%d0%b8%d0%bc%d0%b0%d1%82%d0%b8%d0%ba-50-kw-hr25vf-18000-btu/,https://jtclima.bg/wp-content/uploads/2025/02/thumbnail-MSZ-HR-category.png,Стенни климатици,инверторен климатик,Стенни климатици,1225.00 EUR,1179.00 EUR,инверторен климатик;Стенни климатици;Mitsubishi Electric,,,,,,,,,
17839,,Mitsubishi HR35VF,https://jtclima.bg/produkti/klimatici/invertorni-klimatici/mitsubishi/12-mitsubishi/mitsubishi-electric-%d0%b8%d0%bd%d0%b2%d0%b5%d1%80%d1%82%d0%be%d1%80%d0%b5%d0%bd-%d0%ba%d0%bb%d0%b8%d0%bc%d0%b0%d1%82%d0%b8%d0%ba-35-kw-hr35vf-12000-btu/,https://jtclima.bg/wp-content/uploads/2025/02/thumbnail-MSZ-HR-category.png,Стенни климатици,инверторен климатик,Стенни климатици,840.00 EUR,789.00 EUR,инверторен климатик;Стенни климатици;Mitsubishi Electric,,,,,,,,,
17836,,Mitsubishi HR25VF,https://jtclima.bg/produkti/klimatici/invertorni-klimatici/mitsubishi/9-mitsubishi/mitsubishi-electric-%d0%b8%d0%bd%d0%b2%d0%b5%d1%80%d1%82%d0%be%d1%80%d0%b5%d0%bd-%d0%ba%d0%bb%d0%b8%d0%bc%d0%b0%d1%82%d0%b8%d0%ba-25-kw-hr25vf-9000-btu/,https://jtclima.bg/wp-content/uploads/2025/02/thumbnail-MSZ-HR-category.png,Стенни климатици,инверторен климатик,Стенни климатици,765.00 EUR,719.00 EUR,инверторен климатик;Стенни климатици;Mitsubishi Electric,,,,,,,,,
17825,,Mitsubishi FT50VGK,https://jtclima.bg/produkti/klimatici/invertorni-klimatici/mitsubishi/18-mitsubishi/mitsubishi-electric-%d0%b8%d0%bd%d0%b2%d0%b5%d1%80%d1%82%d0%be%d1%80%d0%b5%d0%bd-%d0%ba%d0%bb%d0%b8%d0%bc%d0%b0%d1%82%d0%b8%d0%ba-50-kw-ft50vgk-18000-btu-230v/,https://jtclima.bg/wp-content/uploads/2025/02/thumbnail-MSZ-FT-category.png,Стенни климатици,инверторен климатик,Стенни климатици,2499.00 EUR,,инверторен климатик;Стенни климатици;Mitsubishi Electric,,,,,,,,,
17823,,Mitsubishi FT35VGK,https://jtclima.bg/produkti/klimatici/invertorni-klimatici/mitsubishi/12-mitsubishi/mitsubishi-electric-%d0%b8%d0%bd%d0%b2%d0%b5%d1%80%d1%82%d0%be%d1%80%d0%b5%d0%bd-%d0%ba%d0%bb%d0%b8%d0%bc%d0%b0%d1%82%d0%b8%d0%ba-35-kw-ft35vgk-12000-btu-230-v/,https://jtclima.bg/wp-content/uploads/2025/02/thumbnail-MSZ-FT-category.png,Стенни климатици,инверторен климатик,Стенни климатици,1849.00 EUR,,инверторен климатик;Стенни климатици;Mitsubishi Electric,,,,,,,,,
17820,,Mitsubishi FT25VGK,https://jtclima.bg/produkti/klimatici/invertorni-klimatici/mitsubishi/9-mitsubishi/mitsubishi-electric-%d0%b8%d0%bd%d0%b2%d0%b5%d1%80%d1%82%d0%be%d1%80%d0%b5%d0%bd-%d0%ba%d0%bb%d0%b8%d0%bc%d0%b0%d1%82%d0%b8%d0%ba-25-kw-ft25vgk-9000-btu-230-v/,https://jtclima.bg/wp-content/uploads/2025/02/thumbnail-MSZ-FT-category.png,Стенни климатици,инверторен климатик,Стенни климатици,1499.00 EUR,,инверторен климатик;Стенни климатици;Mitsubishi Electric,,,,,,,,,
17812,,Mitsubishi 230V,https://jtclima.bg/produkti/klimatici/invertorni-klimatici/mitsubishi/24-mitsubishi/mitsubishi-electric-%d0%b8%d0%bd%d0%b2%d0%b5%d1%80%d1%82%d0%be%d1%80%d0%b5%d0%bd-%d0%ba%d0%bb%d0%b8%d0%bc%d0%b0%d1%82%d0%b8%d0%ba-70-kw-ap71vgk-24000-btu-230v/,https://jtclima.bg/wp-content/uploads/2025/02/Климатик-Mitsubishi-Electric-MSZ-AP-2.png,Стенни климатици,инверторен климатик,Стенни климатици,2349.00 EUR,,инверторен климатик;Стенни климатици;Mitsubishi Electric,,,,,,,,,
17810,,Mitsubishi AP60VGK,https://jtclima.bg/produkti/klimatici/invertorni-klimatici/mitsubishi/21-mitsubishi/mitsubishi-electric-%d0%b8%d0%bd%d0%b2%d0%b5%d1%80%d1%82%d0%be%d1%80%d0%b5%d0%bd-%d0%ba%d0%bb%d0%b8%d0%bc%d0%b0%d1%82%d0%b8%d0%ba-60-kw-ap60vgk-21000-btu-230v/,https://jtclima.bg/wp-content/uploads/2025/02/Климатик-Mitsubishi-Electric-MSZ-AP-2.png,Стенни климатици,инверторен климатик,Стенни климатици,1949.00 EUR,,инверторен климатик;Стенни климатици;Mitsubishi Electric,,,,,,,,,
17808,,Mitsubishi AY50VGK,https://jtclima.bg/produkti/klimatici/invertorni-klimatici/mitsubishi/18-mitsubishi/mitsubishi-electric-%d0%b8%d0%bd%d0%b2%d0%b5%d1%80%d1%82%d0%be%d1%80%d0%b5%d0%bd-%d0%ba%d0%bb%d0%b8%d0%bc%d0%b0%d1%82%d0%b8%d0%ba-50-kw-ay50vgk-18000-btu-230v/,https://jtclima.bg/wp-content/uploads/2025/02/Климатик-Mitsubishi-Electric-MSZ-AY-5-2.png,Стенни климатици,инверторен климатик,Стенни климатици,1649.00 EUR,,инверторен климатик;Стенни климатици;Mitsubishi Electric,,,,,,,,,
17806,,Mitsubishi AY42VGK,https://jtclima.bg/produkti/klimatici/invertorni-klimatici/mitsubishi/14-mitsubishi/mitsubishi-electric-%d0%b8%d0%bd%d0%b2%d0%b5%d1%80%d1%82%d0%be%d1%80%d0%b5%d0%bd-%d0%ba%d0%bb%d0%b8%d0%bc%d0%b0%d1%82%d0%b8%d0%ba-42-kw-ay42vgk-16000-btu-230-v/,https://jtclima.bg/wp-content/uploads/2025/02/Климатик-Mitsubishi-Electric-MSZ-AY-5-2.png,Стенни климатици,инверторен климатик,Стенни климатици,1549.00 EUR,,инверторен климатик;Стенни климатици;Mitsubishi Electric,,,,,,,,,
17804,,Mitsubishi AY35VGK,https://jtclima.bg/produkti/klimatici/invertorni-klimatici/mitsubishi/12-mitsubishi/mitsubishi-electric-%d0%b8%d0%bd%d0%b2%d0%b5%d1%80%d1%82%d0%be%d1%80%d0%b5%d0%bd-%d0%ba%d0%bb%d0%b8%d0%bc%d0%b0%d1%82%d0%b8%d0%ba-35-kw-ay35vgk-12000-btu-230-v/,https://jtclima.bg/wp-content/uploads/2025/02/Климатик-Mitsubishi-Electric-MSZ-AY-5-2.png,Стенни климатици,инверторен климатик,Стенни климатици,1299.00 EUR,,инверторен климатик;Стенни климатици;Mitsubishi Electric,,,,,,,,,
17798,,Mitsubishi AY25VGK,https://jtclima.bg/produkti/klimatici/invertorni-klimatici/mitsubishi/9-mitsubishi/mitsubishi-electric-%d0%b8%d0%bd%d0%b2%d0%b5%d1%80%d1%82%d0%be%d1%80%d0%b5%d0%bd-%d0%ba%d0%bb%d0%b8%d0%bc%d0%b0%d1%82%d0%b8%d0%ba-25-kw-ay25vgk-9000-btu-230-v/,https://jtclima.bg/wp-content/uploads/2025/02/Климатик-Mitsubishi-Electric-MSZ-AY-5-2.png,Стенни климатици,инверторен климатик,Стенни климатици,1099.00 EUR,,инверторен климатик;Стенни климатици;Mitsubishi Electric,,,,,,,,,
17795,,GENERAL ASHG18KVCA,https://jtclima.bg/produkti/klimatici/podovi-klimatici/general-fujitsu-podovi-klimatici/18-general-fujitsu-podovi-klimatici/general-fujitsu-%d0%bf%d0%be%d0%b4%d0%be%d0%b2-%d0%ba%d0%bb%d0%b8%d0%bc%d0%b0%d1%82%d0%b8%d0%ba-50-kw-ashg18kvca-18-000-btu/,https://jtclima.bg/wp-content/uploads/2025/02/invertoren-klimatik-podov-General-Fujitsu-AGHG09KVCA-1-1.jpg,Подови климатици,подов климатик,Подови климатици,1999.00 EUR,,подов климатик;Подови климатици;General Fujitsu,,,,,,,,,
17793,,GENERAL ASHG12KVCA,https://jtclima.bg/produkti/klimatici/podovi-klimatici/general-fujitsu-podovi-klimatici/12-general-fujitsu-podovi-klimatici/general-fujitsu-%d0%bf%d0%be%d0%b4%d0%be%d0%b2-%d0%ba%d0%bb%d0%b8%d0%bc%d0%b0%d1%82%d0%b8%d0%ba-35-kw-ashg12kvca-12-000-btu/,https://jtclima.bg/wp-content/uploads/2025/02/invertoren-klimatik-podov-General-Fujitsu-AGHG09KVCA-1-1.jpg,Подови климатици,подов климатик,Подови климатици,1635.00 EUR,,подов климатик;Подови климатици;General Fujitsu,,,,,,,,,
17791,,GENERAL ASHG09KVCA,https://jtclima.bg/produkti/klimatici/podovi-klimatici/general-fujitsu-podovi-klimatici/9-general-fujitsu-podovi-klimatici/general-fujitsu-%d0%bf%d0%be%d0%b4%d0%be%d0%b2-%d0%ba%d0%bb%d0%b8%d0%bc%d0%b0%d1%82%d0%b8%d0%ba-25-kw-ashg09kvca-9-000-btu/,https://jtclima.bg/wp-content/uploads/2025/02/invertoren-klimatik-podov-General-Fujitsu-AGHG09KVCA-1-1.jpg,Подови климатици,подов климатик,Подови климатици,1480.00 EUR,,подов климатик;Подови климатици;General Fujitsu,,,,,,,,,
17788,,GENERAL ASHH14KGTG,https://jtclima.bg/produkti/klimatici/invertorni-klimatici/general-fujitsu/14/general-fujitsu-%d0%b8%d0%bd%d0%b2%d0%b5%d1%80%d1%82%d0%be%d1%80%d0%b5%d0%bd-%d0%ba%d0%bb%d0%b8%d0%bc%d0%b0%d1%82%d0%b8%d0%ba-50-kw-ashg14kgte-14-000-btu/,https://jtclima.bg/wp-content/uploads/2025/02/invertoren-klimatik-stenen-General-Fujitsu-KGTG-3.jpg,Стенни климатици,инверторен климатик,Стенни климатици,1529.00 EUR,1429.00 EUR,инверторен климатик;Стенни климатици;General Fujitsu,,,,,,,,,
17787,,GENERAL ASHH12KGTG,https://jtclima.bg/produkti/klimatici/invertorni-klimatici/general-fujitsu/12-general-fujitsu/general-fujitsu-%d0%b8%d0%bd%d0%b2%d0%b5%d1%80%d1%82%d0%be%d1%80%d0%b5%d0%bd-%d0%ba%d0%bb%d0%b8%d0%bc%d0%b0%d1%82%d0%b8%d0%ba-35-kw-ashg12kgte-12-000-btu/,https://jtclima.bg/wp-content/uploads/2025/02/invertoren-klimatik-stenen-General-Fujitsu-KGTG-3.jpg,Стенни климатици,инверторен климатик,Стенни климатици,1269.00 EUR,1199.00 EUR,инверторен климатик;Стенни климатици;General Fujitsu,,,,,,,,,
17777,,GENERAL ASHH09KGTG,https://jtclima.bg/produkti/klimatici/invertorni-klimatici/general-fujitsu/9-general-fujitsu/general-fujitsu-%d0%b8%d0%bd%d0%b2%d0%b5%d1%80%d1%82%d0%be%d1%80%d0%b5%d0%bd-%d0%ba%d0%bb%d0%b8%d0%bc%d0%b0%d1%82%d0%b8%d0%ba-25-kw-ashg09kgte-9-000-btu/,https://jtclima.bg/wp-content/uploads/2025/02/invertoren-klimatik-stenen-General-Fujitsu-KGTG-3.jpg,Стенни климатици,инверторен климатик,Стенни климатици,1120.00 EUR,1079.00 EUR,инверторен климатик;Стенни климатици;General Fujitsu,,,,,,,,,
17784,,Hisense AKT52UR4RK8,https://jtclima.bg/produkti/klimatici/podovi-klimatici/hisense-podovi-klimatici/18-hisense-podovi-klimatici/hisense-%d0%bf%d0%be%d0%b4%d0%be%d0%b2-%d0%ba%d0%bb%d0%b8%d0%bc%d0%b0%d1%82%d0%b8%d0%ba-turbo-50-kw-akt52ur4rk8-18000-btu/,https://jtclima.bg/wp-content/uploads/2025/02/hisense-konzola.png,Подови климатици,подов климатик,Подови климатици,1111.00 EUR,989.00 EUR,подов климатик;Подови климатици;Hisense,,,,,,,,,
17782,,Hisense AKT40UR4RK8,https://jtclima.bg/produkti/klimatici/podovi-klimatici/hisense-podovi-klimatici/14-hisense-podovi-klimatici/hisense-%d0%bf%d0%be%d0%b4%d0%be%d0%b2-%d0%ba%d0%bb%d0%b8%d0%bc%d0%b0%d1%82%d0%b8%d0%ba-turbo-42-kw-akt40ur4rk8-14-000-btu/,https://jtclima.bg/wp-content/uploads/2025/02/hisense-konzola.png,Подови климатици,подов климатик,Подови климатици,1086.00 EUR,966.00 EUR,подов климатик;Подови климатици;Hisense,,,,,,,,,
17772,,Hisense AKT35UR4RK8,https://jtclima.bg/produkti/klimatici/podovi-klimatici/hisense-podovi-klimatici/12-hisense-podovi-klimatici/hisense-%d0%bf%d0%be%d0%b4%d0%be%d0%b2-%d0%ba%d0%bb%d0%b8%d0%bc%d0%b0%d1%82%d0%b8%d0%ba-turbo-35-kw-akt35ur4rk8-12-000-btu/,https://jtclima.bg/wp-content/uploads/2025/02/hisense-konzola.png,Подови климатици,подов климатик,Подови климатици,978.00 EUR,870.00 EUR,подов климатик;Подови климатици;Hisense,,,,,,,,,
17771,,GENERAL ASHH07KGTG,https://jtclima.bg/produkti/klimatici/invertorni-klimatici/general-fujitsu/7/general-fujitsu-%d0%b8%d0%bd%d0%b2%d0%b5%d1%80%d1%82%d0%be%d1%80%d0%b5%d0%bd-%d0%ba%d0%bb%d0%b8%d0%bc%d0%b0%d1%82%d0%b8%d0%ba-20-kw-ashg07kgte-7-000-btu/,https://jtclima.bg/wp-content/uploads/2025/02/invertoren-klimatik-stenen-General-Fujitsu-KGTG-3.jpg,Стенни климатици,инверторен климатик,Стенни климатици,999.00 EUR,979.00 EUR,инверторен климатик;Стенни климатици;General Fujitsu,,,,,,,,,
17767,,GENERAL ASHG14KMCEN,https://jtclima.bg/produkti/klimatici/invertorni-klimatici/general-fujitsu/14/general-fujitsu-%d0%b8%d0%bd%d0%b2%d0%b5%d1%80%d1%82%d0%be%d1%80%d0%b5%d0%bd-%d0%ba%d0%bb%d0%b8%d0%bc%d0%b0%d1%82%d0%b8%d0%ba-50-kw-ashg14kmcen-nordic-14-000-btu/,https://jtclima.bg/wp-content/uploads/2025/02/invertoren-klimatik-stenen-General-Fujitsu-KMCEN-NORDIC-1.jpg,Стенни климатици,инверторен климатик,Стенни климатици,1699.00 EUR,,инверторен климатик;Стенни климатици;General Fujitsu,,,,,,,,,
17766,,Hisense CF70BT2BG,https://jtclima.bg/produkti/klimatici/invertorni-klimatici/hisense/24-hisense/hisense-%d0%b8%d0%bd%d0%b2%d0%b5%d1%80%d1%82%d0%be%d1%80%d0%b5%d0%bd-%d0%ba%d0%bb%d0%b8%d0%bc%d0%b0%d1%82%d0%b8%d0%ba-expert-smart-65-kw-cf70yr1fg-24000-btu/,https://jtclima.bg/wp-content/uploads/2025/02/HI-SMART-new26-scaled.png,Стенни климатици,инверторен климатик,Стенни климатици,989.00 EUR,889.00 EUR,инверторен климатик;Стенни климатици;Hisense,,,,,,,,,
17757,,GENERAL ASHG12KMCEN,https://jtclima.bg/produkti/klimatici/invertorni-klimatici/general-fujitsu/12-general-fujitsu/general-fujitsu-%d0%b8%d0%bd%d0%b2%d0%b5%d1%80%d1%82%d0%be%d1%80%d0%b5%d0%bd-%d0%ba%d0%bb%d0%b8%d0%bc%d0%b0%d1%82%d0%b8%d0%ba-35-kw-ashg12kmcen-nordic-12-000-btu/,https://jtclima.bg/wp-content/uploads/2025/02/invertoren-klimatik-stenen-General-Fujitsu-KMCEN-NORDIC-1.jpg,Стенни климатици,инверторен климатик,Стенни климатици,1299.00 EUR,,инверторен климатик;Стенни климатици;General Fujitsu,,,,,,,,,
17764,,Hisense CF50XS1GG,https://jtclima.bg/produkti/klimatici/invertorni-klimatici/hisense/18-hisense/hisense-%d0%b8%d0%bd%d0%b2%d0%b5%d1%80%d1%82%d0%be%d1%80%d0%b5%d0%bd-%d0%ba%d0%bb%d0%b8%d0%bc%d0%b0%d1%82%d0%b8%d0%ba-expert-smart-50-kw-cf50yr1fg-18000-btu/,https://jtclima.bg/wp-content/uploads/2025/02/HI-SMART-new26-scaled.png,Стенни климатици,инверторен климатик,Стенни климатици,789.00 EUR,709.00 EUR,инверторен климатик;Стенни климатици;Hisense,,,,,,,,,
17762,,Hisense CF35LR03G,https://jtclima.bg/produkti/klimatici/invertorni-klimatici/hisense/12-hisense/hisense-%d0%b8%d0%bd%d0%b2%d0%b5%d1%80%d1%82%d0%be%d1%80%d0%b5%d0%bd-%d0%ba%d0%bb%d0%b8%d0%bc%d0%b0%d1%82%d0%b8%d0%ba-expert-smart-35-kw-cf35yr1fg-12000-btu/,https://jtclima.bg/wp-content/uploads/2025/02/HI-SMART-new26-scaled.png,Стенни климатици,инверторен климатик,Стенни климатици,526.00 EUR,473.00 EUR,инверторен климатик;Стенни климатици;Hisense,,,,,,,,,
17759,,Hisense CF25LR02G,https://jtclima.bg/produkti/klimatici/invertorni-klimatici/hisense/9-hisense/hisense-%d0%b8%d0%bd%d0%b2%d0%b5%d1%80%d1%82%d0%be%d1%80%d0%b5%d0%bd-%d0%ba%d0%bb%d0%b8%d0%bc%d0%b0%d1%82%d0%b8%d0%ba-expert-smart-25-kw-cf25yr1fg-9000-btu/,https://jtclima.bg/wp-content/uploads/2025/02/HI-SMART-new26-scaled.png,Стенни климатици,инверторен климатик,Стенни климатици,494.00 EUR,444.00 EUR,инверторен климатик;Стенни климатици;Hisense,,,,,,,,,
17753,,GENERAL ASHG09KMCEN,https://jtclima.bg/produkti/klimatici/invertorni-klimatici/general-fujitsu/9-general-fujitsu/general-fujitsu-%d0%b8%d0%bd%d0%b2%d0%b5%d1%80%d1%82%d0%be%d1%80%d0%b5%d0%bd-%d0%ba%d0%bb%d0%b8%d0%bc%d0%b0%d1%82%d0%b8%d0%ba-25-kw-ashg09kmcen-nordic-9-000-btu/,https://jtclima.bg/wp-content/uploads/2025/02/invertoren-klimatik-stenen-General-Fujitsu-KMCEN-NORDIC-1.jpg,Стенни климатици,инверторен климатик,Стенни климатици,1229.00 EUR,,инверторен климатик;Стенни климатици;General Fujitsu,,,,,,,,,
17751,,Hisense HA70KW00G,https://jtclima.bg/produkti/klimatici/invertorni-klimatici/hisense/24-hisense/hisense-%d0%b8%d0%bd%d0%b2%d0%b5%d1%80%d1%82%d0%be%d1%80%d0%b5%d0%bd-%d0%ba%d0%bb%d0%b8%d0%bc%d0%b0%d1%82%d0%b8%d0%ba-energy-expert-65-kw-kf70mr0eg-24000-btu/,https://jtclima.bg/wp-content/uploads/2025/02/UNI-HA-new26-scaled.png,Стенни климатици,инверторен климатик,Стенни климатици,1163.00 EUR,1012.00 EUR,инверторен климатик;Стенни климатици;Hisense,,,,,,,,,
17748,,GENERAL ASHH14KMCG,https://jtclima.bg/produkti/klimatici/invertorni-klimatici/general-fujitsu/14/general-fujitsu-%d0%b8%d0%bd%d0%b2%d0%b5%d1%80%d1%82%d0%be%d1%80%d0%b5%d0%bd-%d0%ba%d0%bb%d0%b8%d0%bc%d0%b0%d1%82%d0%b8%d0%ba-50-kw-ashg14kmce-14-000-btu/,https://jtclima.bg/wp-content/uploads/2025/02/invertoren-klimatik-stenen-General-Fujitsu-KMCG.jpg,Стенни климатици,инверторен климатик,Стенни климатици,1219.00 EUR,,инверторен климатик;Стенни климатици;General Fujitsu,,,,,,,,,
17747,,Hisense HA50BP00G,https://jtclima.bg/produkti/klimatici/invertorni-klimatici/hisense/18-hisense/hisense-%d0%b8%d0%bd%d0%b2%d0%b5%d1%80%d1%82%d0%be%d1%80%d0%b5%d0%bd-%d0%ba%d0%bb%d0%b8%d0%bc%d0%b0%d1%82%d0%b8%d0%ba-energy-expert-50-kw-kf50mr0eg-18000-btu/,https://jtclima.bg/wp-content/uploads/2025/02/UNI-HA-new26-scaled.png,Стенни климатици,инверторен климатик,Стенни климатици,977.00 EUR,850.00 EUR,инверторен климатик;Стенни климатици;Hisense,,,,,,,,,
17745,,GENERAL ASHH12KMCG,https://jtclima.bg/produkti/klimatici/invertorni-klimatici/general-fujitsu/12-general-fujitsu/general-fujitsu-%d0%b8%d0%bd%d0%b2%d0%b5%d1%80%d1%82%d0%be%d1%80%d0%b5%d0%bd-%d0%ba%d0%bb%d0%b8%d0%bc%d0%b0%d1%82%d0%b8%d0%ba-35-kw-ashg12kmce-12-000-btu/,https://jtclima.bg/wp-content/uploads/2025/02/invertoren-klimatik-stenen-General-Fujitsu-KMCG.jpg,Стенни климатици,инверторен климатик,Стенни климатици,949.00 EUR,,инверторен климатик;Стенни климатици;General Fujitsu,,,,,,,,,
17743,,Hisense HA35XU00G,https://jtclima.bg/produkti/klimatici/invertorni-klimatici/hisense/12-hisense/hisense-%d0%b8%d0%bd%d0%b2%d0%b5%d1%80%d1%82%d0%be%d1%80%d0%b5%d0%bd-%d0%ba%d0%bb%d0%b8%d0%bc%d0%b0%d1%82%d0%b8%d0%ba-energy-expert-35-kw-kf35mr0eg-12000-btu/,https://jtclima.bg/wp-content/uploads/2025/02/UNI-HA-new26-scaled.png,Стенни климатици,инверторен климатик,Стенни климатици,742.00 EUR,645.00 EUR,инверторен климатик;Стенни климатици;Hisense,,,,,,,,,
17739,,GENERAL ASHH09KMCG,https://jtclima.bg/produkti/klimatici/invertorni-klimatici/general-fujitsu/9-general-fujitsu/general-fujitsu-%d0%b8%d0%bd%d0%b2%d0%b5%d1%80%d1%82%d0%be%d1%80%d0%b5%d0%bd-%d0%ba%d0%bb%d0%b8%d0%bc%d0%b0%d1%82%d0%b8%d0%ba-25-kw-ashg09kmce-9-000-btu/,https://jtclima.bg/wp-content/uploads/2025/02/invertoren-klimatik-stenen-General-Fujitsu-KMCG.jpg,Стенни климатици,инверторен климатик,Стенни климатици,819.00 EUR,,инверторен климатик;Стенни климатици;General Fujitsu,,,,,,,,,
17740,,Hisense HA25XU00G,https://jtclima.bg/produkti/klimatici/invertorni-klimatici/hisense/9-hisense/hisense-%d0%b8%d0%bd%d0%b2%d0%b5%d1%80%d1%82%d0%be%d1%80%d0%b5%d0%bd-%d0%ba%d0%bb%d0%b8%d0%bc%d0%b0%d1%82%d0%b8%d0%ba-energy-expert-25-kw-kf25mr0eg-9000-btu/,https://jtclima.bg/wp-content/uploads/2025/02/UNI-HA-new26-scaled.png,Стенни климатици,инверторен климатик,Стенни климатици,678.00 EUR,590.00 EUR,инверторен климатик;Стенни климатици;Hisense,,,,,,,,,
17726,,Hisense QH35XV3BG,https://jtclima.bg/produkti/klimatici/invertorni-klimatici/hisense/12-hisense/hisense-%d0%b8%d0%bd%d0%b2%d0%b5%d1%80%d1%82%d0%be%d1%80%d0%b5%d0%bd-%d0%ba%d0%bb%d0%b8%d0%bc%d0%b0%d1%82%d0%b8%d0%ba-energy-pro-x-black-35-kw-qh35xv3bg-12000-btu/,https://jtclima.bg/wp-content/uploads/2025/02/ENERGY-PRO-X-BLACK-new-scaled.png,Стенни климатици,инверторен климатик,Стенни климатици,961.00 EUR,845.00 EUR,инверторен климатик;Стенни климатици;Hisense,,,,,,,,,
17713,,Hisense QH35XV3AG,https://jtclima.bg/produkti/klimatici/invertorni-klimatici/hisense/12-hisense/hisense-%d0%b8%d0%bd%d0%b2%d0%b5%d1%80%d1%82%d0%be%d1%80%d0%b5%d0%bd-%d0%ba%d0%bb%d0%b8%d0%bc%d0%b0%d1%82%d0%b8%d0%ba-energy-pro-x-white-35-kw-qh35xv3ag-12000-btu/,https://jtclima.bg/wp-content/uploads/2025/02/ENERGY-PRO-X-WHITE-new26-scaled.png,Стенни климатици,инверторен климатик,Стенни климатици,915.00 EUR,805.00 EUR,инверторен климатик;Стенни климатици;Hisense,,,,,,,,,
17715,,GENERAL ASHG14KETF-B,https://jtclima.bg/produkti/klimatici/invertorni-klimatici/general-fujitsu/14/general-fujitsu-%d0%b8%d0%bd%d0%b2%d0%b5%d1%80%d1%82%d0%be%d1%80%d0%b5%d0%bd-%d0%ba%d0%bb%d0%b8%d0%bc%d0%b0%d1%82%d0%b8%d0%ba-50-kw-ashg14kete-b-14-000-btu/,https://jtclima.bg/wp-content/uploads/2025/02/invertoren-klimatik-stenen-general-fujitsu-ashg07ketf-B.jpg,Стенни климатици,инверторен климатик,Стенни климатици,1319.00 EUR,,инверторен климатик;Стенни климатици;General Fujitsu,,,,,,,,,
17712,,GENERAL ASHG14KETF,https://jtclima.bg/produkti/klimatici/invertorni-klimatici/general-fujitsu/14/general-fujitsu-%d0%b8%d0%bd%d0%b2%d0%b5%d1%80%d1%82%d0%be%d1%80%d0%b5%d0%bd-%d0%ba%d0%bb%d0%b8%d0%bc%d0%b0%d1%82%d0%b8%d0%ba-50-kw-ashg14kete-14-000-btu/,https://jtclima.bg/wp-content/uploads/2025/02/invertoren-klimatik-stenen-general-fujitsu-ashg07ketf.jpg,Стенни климатици,инверторен климатик,Стенни климатици,1269.00 EUR,,инверторен климатик;Стенни климатици;General Fujitsu,,,,,,,,,
17709,,GENERAL ASHG12KETF,https://jtclima.bg/produkti/klimatici/invertorni-klimatici/general-fujitsu/12-general-fujitsu/general-fujitsu-%d0%b8%d0%bd%d0%b2%d0%b5%d1%80%d1%82%d0%be%d1%80%d0%b5%d0%bd-%d0%ba%d0%bb%d0%b8%d0%bc%d0%b0%d1%82%d0%b8%d0%ba-35-kw-ashg12kete-12-000-btu/,https://jtclima.bg/wp-content/uploads/2025/02/invertoren-klimatik-stenen-general-fujitsu-ashg07ketf.jpg,Стенни климатици,инверторен климатик,Стенни климатици,1019.00 EUR,,инверторен климатик;Стенни климатици;General Fujitsu,,,,,,,,,
17705,,GENERAL ASHG09KETF,https://jtclima.bg/produkti/klimatici/invertorni-klimatici/general-fujitsu/9-general-fujitsu/general-fujitsu-%d0%b8%d0%bd%d0%b2%d0%b5%d1%80%d1%82%d0%be%d1%80%d0%b5%d0%bd-%d0%ba%d0%bb%d0%b8%d0%bc%d0%b0%d1%82%d0%b8%d0%ba-25-kw-ashg09kete-9-000-btu/,https://jtclima.bg/wp-content/uploads/2025/02/invertoren-klimatik-stenen-general-fujitsu-ashg07ketf.jpg,Стенни климатици,инверторен климатик,Стенни климатици,919.00 EUR,,инверторен климатик;Стенни климатици;General Fujitsu,,,,,,,,,
17697,,Daikin FVXM50B,https://jtclima.bg/produkti/klimatici/podovi-klimatici/podovi-klimatici-daikin/18-daikin-podovi-klimatici/daikin-%d0%bf%d0%be%d0%b4%d0%be%d0%b2-%d0%ba%d0%bb%d0%b8%d0%bc%d0%b0%d1%82%d0%b8%d0%ba-perfera-50-kw-fvxm50a-18-000-btu/,https://jtclima.bg/wp-content/uploads/2025/02/fvxm.jpg,Подови климатици,подов климатик,Подови климатици,2888.00 EUR,,подов климатик;Подови климатици;Daikin,,,,,,,,,
17696,,Daikin FVXM35B,https://jtclima.bg/produkti/klimatici/podovi-klimatici/podovi-klimatici-daikin/12-daikin-podovi-klimatici/daikin-%d0%bf%d0%be%d0%b4%d0%be%d0%b2-%d0%ba%d0%bb%d0%b8%d0%bc%d0%b0%d1%82%d0%b8%d0%ba-perfera-35-kw-fvxm35a-12-000-btu/,https://jtclima.bg/wp-content/uploads/2025/02/fvxm.jpg,Подови климатици,подов климатик,Подови климатици,1969.00 EUR,,подов климатик;Подови климатици;Daikin,,,,,,,,,
17693,,Daikin FVXM25B,https://jtclima.bg/produkti/klimatici/podovi-klimatici/podovi-klimatici-daikin/9-daikin-podovi-klimatici/daikin-%d0%bf%d0%be%d0%b4%d0%be%d0%b2-%d0%ba%d0%bb%d0%b8%d0%bc%d0%b0%d1%82%d0%b8%d0%ba-perfera-25-kw-fvxm25a-9-000-btu/,https://jtclima.bg/wp-content/uploads/2025/02/fvxm.jpg,Подови климатици,подов климатик,Подови климатици,1843.00 EUR,,подов климатик;Подови климатици;Daikin,,,,,,,,,
17688,,Daikin FTXM71А,https://jtclima.bg/produkti/klimatici/invertorni-klimatici/daikin-invertorni-klimatici/24-daikin-invertorni-klimatici/daikin-%d0%b8%d0%bd%d0%b2%d0%b5%d1%80%d1%82%d0%be%d1%80%d0%b5%d0%bd-%d0%ba%d0%bb%d0%b8%d0%bc%d0%b0%d1%82%d0%b8%d0%ba-perfera-70-kw-ftxm71r-24-000-btu/,https://jtclima.bg/wp-content/uploads/2025/02/ftxm.jpg,Стенни климатици,инверторен климатик,Стенни климатици,3552.00 EUR,,инверторен климатик;Стенни климатици;Daikin,,,,,,,,,
17687,,Daikin FTXM60А,https://jtclima.bg/produkti/klimatici/invertorni-klimatici/daikin-invertorni-klimatici/21/daikin-%d0%b8%d0%bd%d0%b2%d0%b5%d1%80%d1%82%d0%be%d1%80%d0%b5%d0%bd-%d0%ba%d0%bb%d0%b8%d0%bc%d0%b0%d1%82%d0%b8%d0%ba-perfera-60-kw-ftxm60r-21-000-btu/,https://jtclima.bg/wp-content/uploads/2025/02/ftxm.jpg,Стенни климатици,инверторен климатик,Стенни климатици,2758.00 EUR,,инверторен климатик;Стенни климатици;Daikin,,,,,,,,,
17686,,Daikin FTXM50A,https://jtclima.bg/produkti/klimatici/invertorni-klimatici/daikin-invertorni-klimatici/18-daikin-invertorni-klimatici/daikin-%d0%b8%d0%bd%d0%b2%d0%b5%d1%80%d1%82%d0%be%d1%80%d0%b5%d0%bd-%d0%ba%d0%bb%d0%b8%d0%bc%d0%b0%d1%82%d0%b8%d0%ba-perfera-50-kw-ftxm50a-18-000-btu/,https://jtclima.bg/wp-content/uploads/2025/02/ftxm.jpg,Стенни климатици,инверторен климатик,Стенни климатици,2525.00 EUR,,инверторен климатик;Стенни климатици;Daikin,,,,,,,,,
17685,,Daikin FTXM35A,https://jtclima.bg/produkti/klimatici/invertorni-klimatici/daikin-invertorni-klimatici/12-daikin-invertorni-klimatici/daikin-%d0%b8%d0%bd%d0%b2%d0%b5%d1%80%d1%82%d0%be%d1%80%d0%b5%d0%bd-%d0%ba%d0%bb%d0%b8%d0%bc%d0%b0%d1%82%d0%b8%d0%ba-perfera-35-kw-ftxm35a-12-000-btu/,https://jtclima.bg/wp-content/uploads/2025/02/ftxm.jpg,Стенни климатици,инверторен климатик,Стенни климатици,1695.00 EUR,,инверторен климатик;Стенни климатици;Daikin,,,,,,,,,
17682,,Daikin FTXM25A,https://jtclima.bg/produkti/klimatici/invertorni-klimatici/daikin-invertorni-klimatici/9-daikin-invertorni-klimatici/daikin-%d0%b8%d0%bd%d0%b2%d0%b5%d1%80%d1%82%d0%be%d1%80%d0%b5%d0%bd-%d0%ba%d0%bb%d0%b8%d0%bc%d0%b0%d1%82%d0%b8%d0%ba-perfera-25-kw-ftxm25a-9-000-btu/,https://jtclima.bg/wp-content/uploads/2025/02/ftxm.jpg,Стенни климатици,инверторен климатик,Стенни климатици,1525.00 EUR,,инверторен климатик;Стенни климатици;Daikin,,,,,,,,,
17675,,Daikin FTXP71N,https://jtclima.bg/produkti/klimatici/invertorni-klimatici/daikin-invertorni-klimatici/24-daikin-invertorni-klimatici/daikin-%d0%b8%d0%bd%d0%b2%d0%b5%d1%80%d1%82%d0%be%d1%80%d0%b5%d0%bd-%d0%ba%d0%bb%d0%b8%d0%bc%d0%b0%d1%82%d0%b8%d0%ba-comfora-70-kw-ftxp71n-24-000-btu/,https://jtclima.bg/wp-content/uploads/2025/02/ftxp.jpg,Стенни климатици,инверторен климатик,Стенни климатици,2560.00 EUR,,инверторен климатик;Стенни климатици;Daikin,,,,,,,,,
17676,,Daikin FTXP60N,https://jtclima.bg/produkti/klimatici/invertorni-klimatici/daikin-invertorni-klimatici/21/daikin-%d0%b8%d0%bd%d0%b2%d0%b5%d1%80%d1%82%d0%be%d1%80%d0%b5%d0%bd-%d0%ba%d0%bb%d0%b8%d0%bc%d0%b0%d1%82%d0%b8%d0%ba-comfora-60-kw-ftxp60n-21-000-btu/,https://jtclima.bg/wp-content/uploads/2025/02/ftxp.jpg,Стенни климатици,инверторен климатик,Стенни климатици,2140.00 EUR,,инверторен климатик;Стенни климатици;Daikin,,,,,,,,,
17677,,Daikin FTXP50N,https://jtclima.bg/produkti/klimatici/invertorni-klimatici/daikin-invertorni-klimatici/18-daikin-invertorni-klimatici/daikin-%d0%b8%d0%bd%d0%b2%d0%b5%d1%80%d1%82%d0%be%d1%80%d0%b5%d0%bd-%d0%ba%d0%bb%d0%b8%d0%bc%d0%b0%d1%82%d0%b8%d0%ba-comfora-50-kw-ftxp50n-18-000-btu/,https://jtclima.bg/wp-content/uploads/2025/02/ftxp.jpg,Стенни климатици,инверторен климатик,Стенни климатици,1988.00 EUR,,инверторен климатик;Стенни климатици;Daikin,,,,,,,,,
17673,,Daikin FTXP35N,https://jtclima.bg/produkti/klimatici/invertorni-klimatici/daikin-invertorni-klimatici/12-daikin-invertorni-klimatici/daikin-%d0%b8%d0%bd%d0%b2%d0%b5%d1%80%d1%82%d0%be%d1%80%d0%b5%d0%bd-%d0%ba%d0%bb%d0%b8%d0%bc%d0%b0%d1%82%d0%b8%d0%ba-comfora-35-kw-ftxp35n-12-000-btu/,https://jtclima.bg/wp-content/uploads/2025/02/ftxp.jpg,Стенни климатици,инверторен климатик,Стенни климатици,1264.00 EUR,,инверторен климатик;Стенни климатици;Daikin,,,,,,,,,
17671,,Daikin FTXP25N,https://jtclima.bg/produkti/klimatici/invertorni-klimatici/daikin-invertorni-klimatici/9-daikin-invertorni-klimatici/daikin-%d0%b8%d0%bd%d0%b2%d0%b5%d1%80%d1%82%d0%be%d1%80%d0%b5%d0%bd-%d0%ba%d0%bb%d0%b8%d0%bc%d0%b0%d1%82%d0%b8%d0%ba-comfora-25-kw-ftxp25n-9-000-btu/,https://jtclima.bg/wp-content/uploads/2025/02/ftxp.jpg,Стенни климатици,инверторен климатик,Стенни климатици,1144.00 EUR,,инверторен климатик;Стенни климатици;Daikin,,,,,,,,,
17664,,Daikin FTXF71F,https://jtclima.bg/produkti/klimatici/invertorni-klimatici/daikin-invertorni-klimatici/24-daikin-invertorni-klimatici/daikin-%d0%b8%d0%bd%d0%b2%d0%b5%d1%80%d1%82%d0%be%d1%80%d0%b5%d0%bd-%d0%ba%d0%bb%d0%b8%d0%bc%d0%b0%d1%82%d0%b8%d0%ba-sensira-f-70-kw-ftxf71e-24-000-btu/,https://jtclima.bg/wp-content/uploads/2025/02/invertoren-klimatik-daikin-ftxf50arxf50b-sensira-18000-btu-otoplaema-plos-30-35-kv-m-copy-image_616b30f8e16da_1280x1280.jpeg,Стенни климатици,инверторен климатик,Стенни климатици,2527.00 EUR,,инверторен климатик;Стенни климатици;Daikin,,,,,,,,,
17665,,Daikin FTXF60F,https://jtclima.bg/produkti/klimatici/invertorni-klimatici/daikin-invertorni-klimatici/21/daikin-%d0%b8%d0%bd%d0%b2%d0%b5%d1%80%d1%82%d0%be%d1%80%d0%b5%d0%bd-%d0%ba%d0%bb%d0%b8%d0%bc%d0%b0%d1%82%d0%b8%d0%ba-sensira-f-60-kw-ftxf60e-21000-btu/,https://jtclima.bg/wp-content/uploads/2025/02/invertoren-klimatik-daikin-ftxf50arxf50b-sensira-18000-btu-otoplaema-plos-30-35-kv-m-copy-image_616b30f8e16da_1280x1280.jpeg,Стенни климатици,инверторен климатик,Стенни климатици,1960.00 EUR,,инверторен климатик;Стенни климатици;Daikin,,,,,,,,,
17663,,Daikin FTXF50F,https://jtclima.bg/produkti/klimatici/invertorni-klimatici/daikin-invertorni-klimatici/18-daikin-invertorni-klimatici/daikin-%d0%b8%d0%bd%d0%b2%d0%b5%d1%80%d1%82%d0%be%d1%80%d0%b5%d0%bd-%d0%ba%d0%bb%d0%b8%d0%bc%d0%b0%d1%82%d0%b8%d0%ba-sensira-f-50-kw-ftxf50e-18-000-btu/,https://jtclima.bg/wp-content/uploads/2025/02/invertoren-klimatik-daikin-ftxf50arxf50b-sensira-18000-btu-otoplaema-plos-30-35-kv-m-copy-image_616b30f8e16da_1280x1280.jpeg,Стенни климатици,инверторен климатик,Стенни климатици,1585.00 EUR,,инверторен климатик;Стенни климатици;Daikin,,,,,,,,,
17661,,Daikin FTXF35F,https://jtclima.bg/produkti/klimatici/invertorni-klimatici/daikin-invertorni-klimatici/12-daikin-invertorni-klimatici/daikin-%d0%b8%d0%bd%d0%b2%d0%b5%d1%80%d1%82%d0%be%d1%80%d0%b5%d0%bd-%d0%ba%d0%bb%d0%b8%d0%bc%d0%b0%d1%82%d0%b8%d0%ba-sensira-f-35-kw-ftxf35e-12-000-btu/,https://jtclima.bg/wp-content/uploads/2025/02/invertoren-klimatik-daikin-ftxf50arxf50b-sensira-18000-btu-otoplaema-plos-30-35-kv-m-copy-image_616b30f8e16da_1280x1280.jpeg,Стенни климатици,инверторен климатик,Стенни климатици,1063.00 EUR,,инверторен климатик;Стенни климатици;Daikin,,,,,,,,,
17650,,Daikin FTXF25F,https://jtclima.bg/produkti/klimatici/invertorni-klimatici/daikin-invertorni-klimatici/9-daikin-invertorni-klimatici/daikin-%d0%b8%d0%bd%d0%b2%d0%b5%d1%80%d1%82%d0%be%d1%80%d0%b5%d0%bd-%d0%ba%d0%bb%d0%b8%d0%bc%d0%b0%d1%82%d0%b8%d0%ba-sensira-f-25-kw-ftxf25e-9-000-btu/,https://jtclima.bg/wp-content/uploads/2025/02/invertoren-klimatik-daikin-ftxf50arxf50b-sensira-18000-btu-otoplaema-plos-30-35-kv-m-copy-image_616b30f8e16da_1280x1280.jpeg,Стенни климатици,инверторен климатик,Стенни климатици,989.00 EUR,,инверторен климатик;Стенни климатици;Daikin,,,,,,,,,
17646,,Daikin FTXC71E,https://jtclima.bg/produkti/klimatici/invertorni-klimatici/daikin-invertorni-klimatici/24-daikin-invertorni-klimatici/daikin-%d0%b8%d0%bd%d0%b2%d0%b5%d1%80%d1%82%d0%be%d1%80%d0%b5%d0%bd-%d0%ba%d0%bb%d0%b8%d0%bc%d0%b0%d1%82%d0%b8%d0%ba-sensira-c-70-kw-ftxc71d-24000-btu/,https://jtclima.bg/wp-content/uploads/2025/02/ftxc.jpg,Стенни климатици,инверторен климатик,Стенни климатици,1912.00 EUR,,инверторен климатик;Стенни климатици;Daikin,,,,,,,,,
17643,,Daikin FTXC60E,https://jtclima.bg/produkti/klimatici/klimatici-daikin/21-daikin-klimatici/daikin-%d0%b8%d0%bd%d0%b2%d0%b5%d1%80%d1%82%d0%be%d1%80%d0%b5%d0%bd-%d0%ba%d0%bb%d0%b8%d0%bc%d0%b0%d1%82%d0%b8%d0%ba-sensira-c-60-kw-ftxc60d-21000-btu/,https://jtclima.bg/wp-content/uploads/2025/02/ftxc.jpg,,инверторен климатик,,1439.00 EUR,,инверторен климатик,,,,,,,,,
17642,,Daikin FTXC50E,https://jtclima.bg/produkti/klimatici/invertorni-klimatici/daikin-invertorni-klimatici/18-daikin-invertorni-klimatici/daikin-%d0%b8%d0%bd%d0%b2%d0%b5%d1%80%d1%82%d0%be%d1%80%d0%b5%d0%bd-%d0%ba%d0%bb%d0%b8%d0%bc%d0%b0%d1%82%d0%b8%d0%ba-sensira-c-50-kw-ftxc50d/,https://jtclima.bg/wp-content/uploads/2025/02/ftxc.jpg,Стенни климатици,инверторен климатик,Стенни климатици,1244.00 EUR,,инверторен климатик;Стенни климатици;Daikin,,,,,,,,,
17641,,Daikin FTXC35E,https://jtclima.bg/produkti/klimatici/invertorni-klimatici/daikin-invertorni-klimatici/12-daikin-invertorni-klimatici/daikin-%d0%b8%d0%bd%d0%b2%d0%b5%d1%80%d1%82%d0%be%d1%80%d0%b5%d0%bd-%d0%ba%d0%bb%d0%b8%d0%bc%d0%b0%d1%82%d0%b8%d0%ba-sensira-c-35-kw-ftxc35d/,https://jtclima.bg/wp-content/uploads/2025/02/ftxc.jpg,Стенни климатици,инверторен климатик,Стенни климатици,779.00 EUR,,инверторен климатик;Стенни климатици;Daikin,,,,,,,,,
17638,,Daikin FTXC25E,https://jtclima.bg/produkti/klimatici/invertorni-klimatici/daikin-invertorni-klimatici/9-daikin-invertorni-klimatici/daikin-%d0%b8%d0%bd%d0%b2%d0%b5%d1%80%d1%82%d0%be%d1%80%d0%b5%d0%bd-%d0%ba%d0%bb%d0%b8%d0%bc%d0%b0%d1%82%d0%b8%d0%ba-sensira-c-25-kw-ftxc25d/,https://jtclima.bg/wp-content/uploads/2025/02/ftxc.jpg,Стенни климатици,инверторен климатик,Стенни климатици,726.00 EUR,,инверторен климатик;Стенни климатици;Daikin,,,,,,,,,
17636,,Hisense HDHWT-300L30HE,https://jtclima.bg/produkti/boileri/%d1%81%d1%82%d0%be%d1%8f%d1%89%d0%b8-%d0%b1%d0%be%d0%b9%d0%bb%d0%b5%d1%80%d0%b8/hisense-%d0%bd%d0%b5%d1%80%d1%8a%d0%b6%d0%b4%d0%b0%d0%b5%d0%bc-%d0%b1%d0%be%d0%b9%d0%bb%d0%b5%d1%80-hdhwt-300l30he/,https://jtclima.bg/wp-content/uploads/2025/01/hisense-tank.png,Бойлери и буфери,неръждаем бойлер,Бойлери и буфери,1621.00 EUR,1360.00 EUR,неръждаем бойлер;Бойлери и буфери;Стоящ бойлер;Hisense,,,,,,,,,
17632,,Hisense HDHWT-200L30HE,https://jtclima.bg/produkti/boileri/%d1%81%d1%82%d0%be%d1%8f%d1%89%d0%b8-%d0%b1%d0%be%d0%b9%d0%bb%d0%b5%d1%80%d0%b8/hisense-%d0%bd%d0%b5%d1%80%d1%8a%d0%b6%d0%b4%d0%b0%d0%b5%d0%bc-%d0%b1%d0%be%d0%b9%d0%bb%d0%b5%d1%80-hdhwt-200l30he/,https://jtclima.bg/wp-content/uploads/2025/01/hisense-tank.png,Бойлери и буфери,неръждаем бойлер,Бойлери и буфери,1365.00 EUR,1145.00 EUR,неръждаем бойлер;Бойлери и буфери;Стоящ бойлер;Hisense,,,,,,,,,
17617,,Gree GWHD(42)NK6OO,https://jtclima.bg/produkti/klimatici/multisplit-sistemi/gree/gree-%d0%b8%d0%bd%d0%b2%d0%b5%d1%80%d1%82%d0%be%d1%80%d0%bd%d0%b0-%d0%bc%d1%83%d0%bb%d1%82%d0%b8-%d1%81%d0%bf%d0%bb%d0%b8%d1%82-%d1%81%d0%b8%d1%81%d1%82%d0%b5%d0%bc%d0%b0-gwhd42nk6oo/,https://jtclima.bg/wp-content/uploads/2025/01/GOLQMO.jpg,Gree,инверторна мултисплит,Gree,2076.00 EUR,,инверторна мултисплит система;Gree;Мултисплит системи,,,,,,,,,
17615,,Gree GWHD(36)NK6OO,https://jtclima.bg/produkti/klimatici/multisplit-sistemi/gree/gree-%d0%b8%d0%bd%d0%b2%d0%b5%d1%80%d1%82%d0%be%d1%80%d0%bd%d0%b0-%d0%bc%d1%83%d0%bb%d1%82%d0%b8-%d1%81%d0%bf%d0%bb%d0%b8%d1%82-%d1%81%d0%b8%d1%81%d1%82%d0%b5%d0%bc%d0%b0-gwhd36nk6oo/,https://jtclima.bg/wp-content/uploads/2025/01/GOLQMO.jpg,Gree,инверторна мултисплит,Gree,1975.00 EUR,,инверторна мултисплит система;Gree;Мултисплит системи,,,,,,,,,
17612,,Gree GWHD(28)NK6LOO,https://jtclima.bg/produkti/klimatici/multisplit-sistemi/gree/gree-%d0%b8%d0%bd%d0%b2%d0%b5%d1%80%d1%82%d0%be%d1%80%d0%bd%d0%b0-%d0%bc%d1%83%d0%bb%d1%82%d0%b8-%d1%81%d0%bf%d0%bb%d0%b8%d1%82-%d1%81%d0%b8%d1%81%d1%82%d0%b5%d0%bc%d0%b0-gwhd28nk6loo/,https://jtclima.bg/wp-content/uploads/2025/01/GOLQMO.jpg,Gree,инверторна мултисплит,Gree,1303.00 EUR,,инверторна мултисплит система;Gree;Мултисплит системи,,,,,,,,,
17610,,Gree GWHD(24)NK6LOO,https://jtclima.bg/produkti/klimatici/multisplit-sistemi/gree/gree-%d0%b8%d0%bd%d0%b2%d0%b5%d1%80%d1%82%d0%be%d1%80%d0%bd%d0%b0-%d0%bc%d1%83%d0%bb%d1%82%d0%b8-%d1%81%d0%bf%d0%bb%d0%b8%d1%82-%d1%81%d0%b8%d1%81%d1%82%d0%b5%d0%bc%d0%b0-gwhd24nk6loo/,https://jtclima.bg/wp-content/uploads/2025/01/GWHD-R32-1200x600_2024.jpg,Gree,инверторна мултисплит,Gree,1249.00 EUR,,инверторна мултисплит система;Gree;Мултисплит системи,,,,,,,,,
17602,,Gree GWHD(18)NK6LOO,https://jtclima.bg/produkti/klimatici/multisplit-sistemi/gree/gree-%d0%b8%d0%bd%d0%b2%d0%b5%d1%80%d1%82%d0%be%d1%80%d0%bd%d0%b0-%d0%bc%d1%83%d0%bb%d1%82%d0%b8-%d1%81%d0%bf%d0%bb%d0%b8%d1%82-%d1%81%d0%b8%d1%81%d1%82%d0%b5%d0%bc%d0%b0-gwhd18nk6loo/,https://jtclima.bg/wp-content/uploads/2025/01/GWHD-R32-1200x600_2024.jpg,Gree,инверторна мултисплит,Gree,907.00 EUR,,инверторна мултисплит система;Gree;Мултисплит системи,,,,,,,,,
17597,,Daikin 5MXM90A9,https://jtclima.bg/produkti/klimatici/multisplit-sistemi/daikin/daikin-%d0%b8%d0%bd%d0%b2%d0%b5%d1%80%d1%82%d0%be%d1%80%d0%bd%d0%b0-%d0%bc%d1%83%d0%bb%d1%82%d0%b8-%d1%81%d0%bf%d0%bb%d0%b8%d1%82-%d1%81%d0%b8%d1%81%d1%82%d0%b5%d0%bc%d0%b0-5mxm90a9/,https://jtclima.bg/wp-content/uploads/2025/01/1-2.jpg,Daikin,инверторна мултисплит,Daikin,4219.00 EUR,,инверторна мултисплит система;Daikin;Мултисплит системи,,,,,,,,,
17592,,Daikin 4MXM80A9,https://jtclima.bg/produkti/klimatici/multisplit-sistemi/daikin/daikin-%d0%b8%d0%bd%d0%b2%d0%b5%d1%80%d1%82%d0%be%d1%80%d0%bd%d0%b0-%d0%bc%d1%83%d0%bb%d1%82%d0%b8-%d1%81%d0%bf%d0%bb%d0%b8%d1%82-%d1%81%d0%b8%d1%81%d1%82%d0%b5%d0%bc%d0%b0-4mxm80a9/,https://jtclima.bg/wp-content/uploads/2025/01/1-2.jpg,Daikin,инверторна мултисплит,Daikin,3837.00 EUR,,инверторна мултисплит система;Daikin;Мултисплит системи,,,,,,,,,
17593,,Daikin 4MXM68A9,https://jtclima.bg/produkti/klimatici/multisplit-sistemi/daikin/daikin-%d0%b8%d0%bd%d0%b2%d0%b5%d1%80%d1%82%d0%be%d1%80%d0%bd%d0%b0-%d0%bc%d1%83%d0%bb%d1%82%d0%b8-%d1%81%d0%bf%d0%bb%d0%b8%d1%82-%d1%81%d0%b8%d1%81%d1%82%d0%b5%d0%bc%d0%b0-4mxm68a9/,https://jtclima.bg/wp-content/uploads/2025/01/1-2.jpg,Daikin,инверторна мултисплит,Daikin,3144.00 EUR,,инверторна мултисплит система;Daikin;Мултисплит системи,,,,,,,,,
17586,,Daikin 3MXM68A9,https://jtclima.bg/produkti/klimatici/multisplit-sistemi/daikin/daikin-%d0%b8%d0%bd%d0%b2%d0%b5%d1%80%d1%82%d0%be%d1%80%d0%bd%d0%b0-%d0%bc%d1%83%d0%bb%d1%82%d0%b8-%d1%81%d0%bf%d0%bb%d0%b8%d1%82-%d1%81%d0%b8%d1%81%d1%82%d0%b5%d0%bc%d0%b0-3mxm68a9/,https://jtclima.bg/wp-content/uploads/2025/01/1-2.jpg,Daikin,инверторна мултисплит,Daikin,3039.00 EUR,,инверторна мултисплит система;Daikin;Мултисплит системи,,,,,,,,,
17587,,Daikin 3MXM52A8,https://jtclima.bg/produkti/klimatici/multisplit-sistemi/daikin/daikin-%d0%b8%d0%bd%d0%b2%d0%b5%d1%80%d1%82%d0%be%d1%80%d0%bd%d0%b0-%d0%bc%d1%83%d0%bb%d1%82%d0%b8-%d1%81%d0%bf%d0%bb%d0%b8%d1%82-%d1%81%d0%b8%d1%81%d1%82%d0%b5%d0%bc%d0%b0-3mxm52a9/,https://jtclima.bg/wp-content/uploads/2025/01/1-2.jpg,Daikin,инверторна мултисплит,Daikin,2509.00 EUR,,инверторна мултисплит система;Daikin;Мултисплит системи,,,,,,,,,
17588,,Daikin 3MXM40A9,https://jtclima.bg/produkti/klimatici/multisplit-sistemi/daikin/daikin-%d0%b8%d0%bd%d0%b2%d0%b5%d1%80%d1%82%d0%be%d1%80%d0%bd%d0%b0-%d0%bc%d1%83%d0%bb%d1%82%d0%b8-%d1%81%d0%bf%d0%bb%d0%b8%d1%82-%d1%81%d0%b8%d1%81%d1%82%d0%b5%d0%bc%d0%b0-3mxm40a/,https://jtclima.bg/wp-content/uploads/2025/01/1-2.jpg,Daikin,инверторна мултисплит,Daikin,2259.00 EUR,,инверторна мултисплит система;Daikin;Мултисплит системи,,,,,,,,,
17575,,Daikin 2MXM68A9,https://jtclima.bg/produkti/klimatici/multisplit-sistemi/daikin/daikin-%d0%b8%d0%bd%d0%b2%d0%b5%d1%80%d1%82%d0%be%d1%80%d0%bd%d0%b0-%d0%bc%d1%83%d0%bb%d1%82%d0%b8-%d1%81%d0%bf%d0%bb%d0%b8%d1%82-%d1%81%d0%b8%d1%81%d1%82%d0%b5%d0%bc%d0%b0-2mxm68a9/,https://jtclima.bg/wp-content/uploads/2025/01/1-2.jpg,Daikin,инверторна мултисплит,Daikin,3059.00 EUR,,инверторна мултисплит система;Daikin;Мултисплит системи,,,,,,,,,
17576,,Daikin 2MXM50A,https://jtclima.bg/produkti/klimatici/multisplit-sistemi/daikin/daikin-%d0%b8%d0%bd%d0%b2%d0%b5%d1%80%d1%82%d0%be%d1%80%d0%bd%d0%b0-%d0%bc%d1%83%d0%bb%d1%82%d0%b8-%d1%81%d0%bf%d0%bb%d0%b8%d1%82-%d1%81%d0%b8%d1%81%d1%82%d0%b5%d0%bc%d0%b0-2mxm50a/,https://jtclima.bg/wp-content/uploads/2025/01/1-2.jpg,Daikin,инверторна мултисплит,Daikin,2349.00 EUR,,инверторна мултисплит система;Daikin;Мултисплит системи,,,,,,,,,
17565,,Daikin 2MXM40A,https://jtclima.bg/produkti/klimatici/multisplit-sistemi/daikin/daikin-%d0%b8%d0%bd%d0%b2%d0%b5%d1%80%d1%82%d0%be%d1%80%d0%bd%d0%b0-%d0%bc%d1%83%d0%bb%d1%82%d0%b8-%d1%81%d0%bf%d0%bb%d0%b8%d1%82-%d1%81%d0%b8%d1%81%d1%82%d0%b5%d0%bc%d0%b0-2mxm40a/,https://jtclima.bg/wp-content/uploads/2025/01/1-2.jpg,Daikin,инверторна мултисплит,Daikin,1919.00 EUR,,инверторна мултисплит система;Daikin;Мултисплит системи,,,,,,,,,
17557,,LG MU5R40.U42,https://jtclima.bg/produkti/klimatici/multisplit-sistemi/lg/lg-%d0%b8%d0%bd%d0%b2%d0%b5%d1%80%d1%82%d0%be%d1%80%d0%bd%d0%b0-%d0%bc%d1%83%d0%bb%d1%82%d0%b8-%d1%81%d0%bf%d0%bb%d0%b8%d1%82-%d1%81%d0%b8%d1%81%d1%82%d0%b5%d0%bc%d0%b0-mu5r40-u42/,https://jtclima.bg/wp-content/uploads/2025/01/outdoor-unit-lg-mu5m40u44-multi-split-r32-inverter-reversible-air-conditioner-ac-wifi-uvnano.png,LG,инверторна мултисплит,LG,3323.00 EUR,,инверторна мултисплит система;LG;Мултисплит системи,,,,,,,,,
17556,,LG MU5R30.U40,https://jtclima.bg/produkti/klimatici/multisplit-sistemi/lg/lg-%d0%b8%d0%bd%d0%b2%d0%b5%d1%80%d1%82%d0%be%d1%80%d0%bd%d0%b0-%d0%bc%d1%83%d0%bb%d1%82%d0%b8-%d1%81%d0%bf%d0%bb%d0%b8%d1%82-%d1%81%d0%b8%d1%81%d1%82%d0%b5%d0%bc%d0%b0-mu5r30-u40/,https://jtclima.bg/wp-content/uploads/2025/01/outdoor-unit-lg-mu5m40u44-multi-split-r32-inverter-reversible-air-conditioner-ac-wifi-uvnano.png,LG,инверторна мултисплит,LG,2096.00 EUR,,инверторна мултисплит система;LG;Мултисплит системи,,,,,,,,,
17554,,LG MU4R27.U40,https://jtclima.bg/produkti/klimatici/multisplit-sistemi/lg/lg-%d0%b8%d0%bd%d0%b2%d0%b5%d1%80%d1%82%d0%be%d1%80%d0%bd%d0%b0-%d0%bc%d1%83%d0%bb%d1%82%d0%b8-%d1%81%d0%bf%d0%bb%d0%b8%d1%82-%d1%81%d0%b8%d1%81%d1%82%d0%b5%d0%bc%d0%b0-mu4r27-u40/,https://jtclima.bg/wp-content/uploads/2025/01/outdoor-unit-lg-mu5m40u44-multi-split-r32-inverter-reversible-air-conditioner-ac-wifi-uvnano.png,LG,инверторна мултисплит,LG,1902.00 EUR,,инверторна мултисплит система;LG;Мултисплит системи,,,,,,,,,
17551,,LG MU4R25.U40,https://jtclima.bg/produkti/klimatici/multisplit-sistemi/lg/lg-%d0%b8%d0%bd%d0%b2%d0%b5%d1%80%d1%82%d0%be%d1%80%d0%bd%d0%b0-%d0%bc%d1%83%d0%bb%d1%82%d0%b8-%d1%81%d0%bf%d0%bb%d0%b8%d1%82-%d1%81%d0%b8%d1%81%d1%82%d0%b5%d0%bc%d0%b0-mu4r25-u40/,https://jtclima.bg/wp-content/uploads/2025/01/outdoor-unit-lg-mu5m40u44-multi-split-r32-inverter-reversible-air-conditioner-ac-wifi-uvnano.png,LG,инверторна мултисплит,LG,1708.00 EUR,,инверторна мултисплит система;LG;Мултисплит системи,,,,,,,,,
17550,,LG MU3R21.UL0,https://jtclima.bg/produkti/klimatici/multisplit-sistemi/lg/lg-%d0%b8%d0%bd%d0%b2%d0%b5%d1%80%d1%82%d0%be%d1%80%d0%bd%d0%b0-%d0%bc%d1%83%d0%bb%d1%82%d0%b8-%d1%81%d0%bf%d0%bb%d0%b8%d1%82-%d1%81%d0%b8%d1%81%d1%82%d0%b5%d0%bc%d0%b0-mu3r21-ul0/,https://jtclima.bg/wp-content/uploads/2025/01/multi-split-system-lg-mu3-r21-u21-external-unit.png,LG,инверторна мултисплит,LG,1631.00 EUR,,инверторна мултисплит система;LG;Мултисплит системи,,,,,,,,,
17549,,LG R32,https://jtclima.bg/produkti/klimatici/multisplit-sistemi/lg/lg-%d0%b8%d0%bd%d0%b2%d0%b5%d1%80%d1%82%d0%be%d1%80%d0%bd%d0%b0-%d0%bc%d1%83%d0%bb%d1%82%d0%b8-%d1%81%d0%bf%d0%bb%d0%b8%d1%82-%d1%81%d0%b8%d1%81%d1%82%d0%b5%d0%bc%d0%b0-mu3r19-ul0-r32/,https://jtclima.bg/wp-content/uploads/2025/01/multi-split-system-lg-mu3-r21-u21-external-unit.png,LG,инверторна мултисплит,LG,1483.00 EUR,,инверторна мултисплит система;LG;Мултисплит системи,,,,,,,,,
17546,,LG MU2R17.UE1,https://jtclima.bg/produkti/klimatici/multisplit-sistemi/lg/lg-%d0%b8%d0%bd%d0%b2%d0%b5%d1%80%d1%82%d0%be%d1%80%d0%bd%d0%b0-%d0%bc%d1%83%d0%bb%d1%82%d0%b8-%d1%81%d0%bf%d0%bb%d0%b8%d1%82-%d1%81%d0%b8%d1%81%d1%82%d0%b5%d0%bc%d0%b0-mu2r17-ue1/,https://jtclima.bg/wp-content/uploads/2025/01/multi-split-system-lg-mu3-r21-u21-external-unit.png,LG,инверторна мултисплит,LG,1278.00 EUR,,инверторна мултисплит система;LG;Мултисплит системи,,,,,,,,,
17520,,LG MU2R15.UL0,https://jtclima.bg/produkti/klimatici/multisplit-sistemi/lg/lg-%d0%b8%d0%bd%d0%b2%d0%b5%d1%80%d1%82%d0%be%d1%80%d0%bd%d0%b0-%d0%bc%d1%83%d0%bb%d1%82%d0%b8-%d1%81%d0%bf%d0%bb%d0%b8%d1%82-%d1%81%d0%b8%d1%81%d1%82%d0%b5%d0%bc%d0%b0-mu2r15-ul0/,https://jtclima.bg/wp-content/uploads/2025/01/multi-split-system-lg-mu3-r21-u21-external-unit.png,LG,инверторна мултисплит,LG,1176.00 EUR,,инверторна мултисплит система;LG;Мултисплит системи,,,,,,,,,
17515,,Gree,https://jtclima.bg/produkti/%d0%ba%d0%bb%d0%b8%d0%bc%d0%b0%d1%82%d0%b8%d1%86%d0%b8-%d0%b7%d0%b0-%d1%82%d1%8a%d1%80%d0%b3%d0%be%d0%b2%d1%81%d0%ba%d0%b8-%d0%be%d0%b1%d0%b5%d0%ba%d1%82%d0%b8/%d1%82%d0%b0%d0%b2%d0%b0%d0%bd%d0%bd%d0%b8-%d0%ba%d0%bb%d0%b8%d0%bc%d0%b0%d1%82%d0%b8%d1%86%d0%b8/gree-%d1%82%d0%b0%d0%b2%d0%b0%d0%bd%d0%b5%d0%bd-%d0%ba%d0%bb%d0%b8%d0%bc%d0%b0%d1%82%d0%b8%d0%ba-gud160w1-nha-x-gud160zd1-60-000-btu/,https://jtclima.bg/wp-content/uploads/2025/01/GUD-ZD1_1200x600.jpg,Таванни климатици,таванен климатик,Таванни климатици,3192.00 EUR,,таванен климатик;Таванни климатици;Индустриални климатици;Gree,,,,,,,,,
17514,,Gree,https://jtclima.bg/produkti/%d0%ba%d0%bb%d0%b8%d0%bc%d0%b0%d1%82%d0%b8%d1%86%d0%b8-%d0%b7%d0%b0-%d1%82%d1%8a%d1%80%d0%b3%d0%be%d0%b2%d1%81%d0%ba%d0%b8-%d0%be%d0%b1%d0%b5%d0%ba%d1%82%d0%b8/%d1%82%d0%b0%d0%b2%d0%b0%d0%bd%d0%bd%d0%b8-%d0%ba%d0%bb%d0%b8%d0%bc%d0%b0%d1%82%d0%b8%d1%86%d0%b8/gree-%d1%82%d0%b0%d0%b2%d0%b0%d0%bd%d0%b5%d0%bd-%d0%ba%d0%bb%d0%b8%d0%bc%d0%b0%d1%82%d0%b8%d0%ba-gud140w1-nha-s-gud140zd1-48-000-btu/,https://jtclima.bg/wp-content/uploads/2025/01/GUD-ZD1_1200x600.jpg,Таванни климатици,таванен климатик,Таванни климатици,2826.00 EUR,,таванен климатик;Таванни климатици;Индустриални климатици;Gree,,,,,,,,,
17512,,Gree,https://jtclima.bg/produkti/%d0%ba%d0%bb%d0%b8%d0%bc%d0%b0%d1%82%d0%b8%d1%86%d0%b8-%d0%b7%d0%b0-%d1%82%d1%8a%d1%80%d0%b3%d0%be%d0%b2%d1%81%d0%ba%d0%b8-%d0%be%d0%b1%d0%b5%d0%ba%d1%82%d0%b8/%d1%82%d0%b0%d0%b2%d0%b0%d0%bd%d0%bd%d0%b8-%d0%ba%d0%bb%d0%b8%d0%bc%d0%b0%d1%82%d0%b8%d1%86%d0%b8/gree-%d1%82%d0%b0%d0%b2%d0%b0%d0%bd%d0%b5%d0%bd-%d0%ba%d0%bb%d0%b8%d0%bc%d0%b0%d1%82%d0%b8%d0%ba-gud125w1-nha-s-gud125zd1-42-000-btu/,https://jtclima.bg/wp-content/uploads/2025/01/GUD-ZD1_1200x600.jpg,Таванни климатици,таванен климатик,Таванни климатици,2503.00 EUR,,таванен климатик;Таванни климатици;Индустриални климатици;Gree,,,,,,,,,
17509,,Gree,https://jtclima.bg/produkti/%d0%ba%d0%bb%d0%b8%d0%bc%d0%b0%d1%82%d0%b8%d1%86%d0%b8-%d0%b7%d0%b0-%d1%82%d1%8a%d1%80%d0%b3%d0%be%d0%b2%d1%81%d0%ba%d0%b8-%d0%be%d0%b1%d0%b5%d0%ba%d1%82%d0%b8/%d1%82%d0%b0%d0%b2%d0%b0%d0%bd%d0%bd%d0%b8-%d0%ba%d0%bb%d0%b8%d0%bc%d0%b0%d1%82%d0%b8%d1%86%d0%b8/gree-%d1%82%d0%b0%d0%b2%d0%b0%d0%bd%d0%b5%d0%bd-%d0%ba%d0%bb%d0%b8%d0%bc%d0%b0%d1%82%d0%b8%d0%ba-gud100w1-nha-s-gud100zd1-36-000-btu/,https://jtclima.bg/wp-content/uploads/2025/01/GUD-ZD1_1200x600.jpg,Таванни климатици,таванен климатик,Таванни климатици,2293.00 EUR,,таванен климатик;Таванни климатици;Индустриални климатици;Gree,,,,,,,,,
17507,,"Gree,таванен",https://jtclima.bg/produkti/%d0%ba%d0%bb%d0%b8%d0%bc%d0%b0%d1%82%d0%b8%d1%86%d0%b8-%d0%b7%d0%b0-%d1%82%d1%8a%d1%80%d0%b3%d0%be%d0%b2%d1%81%d0%ba%d0%b8-%d0%be%d0%b1%d0%b5%d0%ba%d1%82%d0%b8/%d1%82%d0%b0%d0%b2%d0%b0%d0%bd%d0%bd%d0%b8-%d0%ba%d0%bb%d0%b8%d0%bc%d0%b0%d1%82%d0%b8%d1%86%d0%b8/gree%d1%82%d0%b0%d0%b2%d0%b0%d0%bd%d0%b5%d0%bd-%d0%ba%d0%bb%d0%b8%d0%bc%d0%b0%d1%82%d0%b8%d0%ba-gud71w1-nha-s-gud71zd1-24-000-btu/,https://jtclima.bg/wp-content/uploads/2025/01/GUD-ZD1_1200x600.jpg,Таванни климатици,климатик,Таванни климатици,1626.00 EUR,,климатик;Таванни климатици;Индустриални климатици;Gree,,,,,,,,,
17505,,Gree,https://jtclima.bg/produkti/%d0%ba%d0%bb%d0%b8%d0%bc%d0%b0%d1%82%d0%b8%d1%86%d0%b8-%d0%b7%d0%b0-%d1%82%d1%8a%d1%80%d0%b3%d0%be%d0%b2%d1%81%d0%ba%d0%b8-%d0%be%d0%b1%d0%b5%d0%ba%d1%82%d0%b8/%d1%82%d0%b0%d0%b2%d0%b0%d0%bd%d0%bd%d0%b8-%d0%ba%d0%bb%d0%b8%d0%bc%d0%b0%d1%82%d0%b8%d1%86%d0%b8/gree-%d1%82%d0%b0%d0%b2%d0%b0%d0%bd%d0%b5%d0%bd-%d0%ba%d0%bb%d0%b8%d0%bc%d0%b0%d1%82%d0%b8%d0%ba-gud50w1-nha-s-gud50zd1-18-000-btu/,https://jtclima.bg/wp-content/uploads/2025/01/GUD-ZD1_1200x600.jpg,Таванни климатици,таванен климатик,Таванни климатици,1261.00 EUR,,таванен климатик;Таванни климатици;Индустриални климатици;Gree,,,,,,,,,
17503,,Gree,https://jtclima.bg/produkti/%d0%ba%d0%bb%d0%b8%d0%bc%d0%b0%d1%82%d0%b8%d1%86%d0%b8-%d0%b7%d0%b0-%d1%82%d1%8a%d1%80%d0%b3%d0%be%d0%b2%d1%81%d0%ba%d0%b8-%d0%be%d0%b1%d0%b5%d0%ba%d1%82%d0%b8/%d0%ba%d0%b0%d0%bd%d0%b0%d0%bb%d0%bd%d0%b8-%d0%ba%d0%bb%d0%b8%d0%bc%d0%b0%d1%82%d0%b8%d1%86%d0%b8/gree-%d0%ba%d0%b0%d0%bd%d0%b0%d0%bb%d0%b5%d0%bd-%d0%ba%d0%bb%d0%b8%d0%bc%d0%b0%d1%82%d0%b8%d0%ba-gud160w1-nha-x-gud160ph1-60-000-btu/,https://jtclima.bg/wp-content/uploads/2025/01/GUD-P1_1200x600.jpg,Канални климатици,канален климатик,Канални климатици,3192.00 EUR,,канален климатик;Канални климатици;Индустриални климатици;Gree,,,,,,,,,
17500,,Gree,https://jtclima.bg/produkti/%d0%ba%d0%bb%d0%b8%d0%bc%d0%b0%d1%82%d0%b8%d1%86%d0%b8-%d0%b7%d0%b0-%d1%82%d1%8a%d1%80%d0%b3%d0%be%d0%b2%d1%81%d0%ba%d0%b8-%d0%be%d0%b1%d0%b5%d0%ba%d1%82%d0%b8/%d0%ba%d0%b0%d0%bd%d0%b0%d0%bb%d0%bd%d0%b8-%d0%ba%d0%bb%d0%b8%d0%bc%d0%b0%d1%82%d0%b8%d1%86%d0%b8/gree-%d0%ba%d0%b0%d0%bd%d0%b0%d0%bb%d0%b5%d0%bd-%d0%ba%d0%bb%d0%b8%d0%bc%d0%b0%d1%82%d0%b8%d0%ba-gud140w1-nha-s-gud140ph1-48-000-btu/,https://jtclima.bg/wp-content/uploads/2025/01/GUD-P1_1200x600.jpg,Канални климатици,канален климатик,Канални климатици,2802.00 EUR,,канален климатик;Канални климатици;Индустриални климатици;Gree,,,,,,,,,
17497,,Gree,https://jtclima.bg/produkti/%d0%ba%d0%bb%d0%b8%d0%bc%d0%b0%d1%82%d0%b8%d1%86%d0%b8-%d0%b7%d0%b0-%d1%82%d1%8a%d1%80%d0%b3%d0%be%d0%b2%d1%81%d0%ba%d0%b8-%d0%be%d0%b1%d0%b5%d0%ba%d1%82%d0%b8/%d0%ba%d0%b0%d0%bd%d0%b0%d0%bb%d0%bd%d0%b8-%d0%ba%d0%bb%d0%b8%d0%bc%d0%b0%d1%82%d0%b8%d1%86%d0%b8/gree-%d0%ba%d0%b0%d0%bd%d0%b0%d0%bb%d0%b5%d0%bd-%d0%ba%d0%bb%d0%b8%d0%bc%d0%b0%d1%82%d0%b8%d0%ba-gud125w1-nha-s-gud125ph1-42-000-btu/,https://jtclima.bg/wp-content/uploads/2025/01/GUD-P1_1200x600.jpg,Канални климатици,канален климатик,Канални климатици,2460.00 EUR,,канален климатик;Канални климатици;Индустриални климатици;Gree,,,,,,,,,
17496,,Gree,https://jtclima.bg/produkti/%d0%ba%d0%bb%d0%b8%d0%bc%d0%b0%d1%82%d0%b8%d1%86%d0%b8-%d0%b7%d0%b0-%d1%82%d1%8a%d1%80%d0%b3%d0%be%d0%b2%d1%81%d0%ba%d0%b8-%d0%be%d0%b1%d0%b5%d0%ba%d1%82%d0%b8/%d0%ba%d0%b0%d0%bd%d0%b0%d0%bb%d0%bd%d0%b8-%d0%ba%d0%bb%d0%b8%d0%bc%d0%b0%d1%82%d0%b8%d1%86%d0%b8/gree-%d0%ba%d0%b0%d0%bd%d0%b0%d0%bb%d0%b5%d0%bd-gud100w1-nha-s-gud100ph1-36-000-btu/,https://jtclima.bg/wp-content/uploads/2025/01/GUD-P1_1200x600.jpg,Канални климатици,канален климатик,Канални климатици,2155.00 EUR,,канален климатик;Канални климатици;Индустриални климатици;Gree,,,,,,,,,
17494,,Gree,https://jtclima.bg/produkti/%d0%ba%d0%bb%d0%b8%d0%bc%d0%b0%d1%82%d0%b8%d1%86%d0%b8-%d0%b7%d0%b0-%d1%82%d1%8a%d1%80%d0%b3%d0%be%d0%b2%d1%81%d0%ba%d0%b8-%d0%be%d0%b1%d0%b5%d0%ba%d1%82%d0%b8/%d0%ba%d0%b0%d0%bd%d0%b0%d0%bb%d0%bd%d0%b8-%d0%ba%d0%bb%d0%b8%d0%bc%d0%b0%d1%82%d0%b8%d1%86%d0%b8/gree-%d0%ba%d0%b0%d0%bd%d0%b0%d0%bb%d0%b5%d0%bd-%d0%ba%d0%bb%d0%b8%d0%bc%d0%b0%d1%82%d0%b8%d0%ba-gud71w1-nha-s-gud71ph1-24-000-btu/,https://jtclima.bg/wp-content/uploads/2025/01/GUD-P1_1200x600.jpg,Канални климатици,канален климатик,Канални климатици,1591.00 EUR,,канален климатик;Канални климатици;Индустриални климатици;Gree,,,,,,,,,
17490,,Gree,https://jtclima.bg/produkti/%d0%ba%d0%bb%d0%b8%d0%bc%d0%b0%d1%82%d0%b8%d1%86%d0%b8-%d0%b7%d0%b0-%d1%82%d1%8a%d1%80%d0%b3%d0%be%d0%b2%d1%81%d0%ba%d0%b8-%d0%be%d0%b1%d0%b5%d0%ba%d1%82%d0%b8/%d0%ba%d0%b0%d0%bd%d0%b0%d0%bb%d0%bd%d0%b8-%d0%ba%d0%bb%d0%b8%d0%bc%d0%b0%d1%82%d0%b8%d1%86%d0%b8/gree-%d0%ba%d0%b0%d0%bd%d0%b0%d0%bb%d0%b5%d0%bd-%d0%ba%d0%bb%d0%b8%d0%bc%d0%b0%d1%82%d0%b8%d0%ba-gud50w1-nha-s-gud50p1-18-000-btu/,https://jtclima.bg/wp-content/uploads/2025/01/GUD-P1_1200x600.jpg,Канални климатици,канален климатик,Канални климатици,1303.00 EUR,,канален климатик;Канални климатици;Индустриални климатици;Gree,,,,,,,,,
17488,,Gree,https://jtclima.bg/produkti/%d0%ba%d0%bb%d0%b8%d0%bc%d0%b0%d1%82%d0%b8%d1%86%d0%b8-%d0%b7%d0%b0-%d1%82%d1%8a%d1%80%d0%b3%d0%be%d0%b2%d1%81%d0%ba%d0%b8-%d0%be%d0%b1%d0%b5%d0%ba%d1%82%d0%b8/%d0%ba%d0%b0%d0%bd%d0%b0%d0%bb%d0%bd%d0%b8-%d0%ba%d0%bb%d0%b8%d0%bc%d0%b0%d1%82%d0%b8%d1%86%d0%b8/gree-%d0%ba%d0%b0%d0%bd%d0%b0%d0%bb%d0%b5%d0%bd-%d0%ba%d0%bb%d0%b8%d0%bc%d0%b0%d1%82%d0%b8%d0%ba-gud35w1-nha-s-gud35p1-12-000-btu/,https://jtclima.bg/wp-content/uploads/2025/01/GUD-P1_1200x600.jpg,Канални климатици,канален климатик,Канални климатици,1080.00 EUR,,канален климатик;Канални климатици;Индустриални климатици;Gree,,,,,,,,,
17476,,Gree,https://jtclima.bg/produkti/%d0%ba%d0%bb%d0%b8%d0%bc%d0%b0%d1%82%d0%b8%d1%86%d0%b8-%d0%b7%d0%b0-%d1%82%d1%8a%d1%80%d0%b3%d0%be%d0%b2%d1%81%d0%ba%d0%b8-%d0%be%d0%b1%d0%b5%d0%ba%d1%82%d0%b8/%d0%ba%d0%b0%d1%81%d0%b5%d1%82%d1%8a%d1%87%d0%bd%d0%b8-%d0%ba%d0%bb%d0%b8%d0%bc%d0%b0%d1%82%d0%b8%d1%86%d0%b8/gree-%d0%ba%d0%b0%d1%81%d0%b5%d1%82%d1%8a%d1%87%d0%b5%d0%bd-%d0%ba%d0%bb%d0%b8%d0%bc%d0%b0%d1%82%d0%b8%d0%ba-gud160w1-nha-x-gud160t1-a-s-60-000-btu/,https://jtclima.bg/wp-content/uploads/2025/01/GUD-T1_1200x600.jpg,Касетъчни климатици,касетъчен климатик,Касетъчни климатици,3151.00 EUR,,касетъчен климатик;Касетъчни климатици;Индустриални климатици;Gree,,,,,,,,,
17475,,Gree,https://jtclima.bg/produkti/%d0%ba%d0%bb%d0%b8%d0%bc%d0%b0%d1%82%d0%b8%d1%86%d0%b8-%d0%b7%d0%b0-%d1%82%d1%8a%d1%80%d0%b3%d0%be%d0%b2%d1%81%d0%ba%d0%b8-%d0%be%d0%b1%d0%b5%d0%ba%d1%82%d0%b8/%d0%ba%d0%b0%d1%81%d0%b5%d1%82%d1%8a%d1%87%d0%bd%d0%b8-%d0%ba%d0%bb%d0%b8%d0%bc%d0%b0%d1%82%d0%b8%d1%86%d0%b8/gree-%d0%ba%d0%b0%d1%81%d0%b5%d1%82%d1%8a%d1%87%d0%b5%d0%bd-%d0%ba%d0%bb%d0%b8%d0%bc%d0%b0%d1%82%d0%b8%d0%ba-gud140w1-nha-s-gud140t1-a-s-48-000-btu/,https://jtclima.bg/wp-content/uploads/2025/01/GUD-T1_1200x600.jpg,Касетъчни климатици,касетъчен климатик,Касетъчни климатици,2712.00 EUR,,касетъчен климатик;Касетъчни климатици;Индустриални климатици;Gree,,,,,,,,,
17472,,Gree,https://jtclima.bg/produkti/%d0%ba%d0%bb%d0%b8%d0%bc%d0%b0%d1%82%d0%b8%d1%86%d0%b8-%d0%b7%d0%b0-%d1%82%d1%8a%d1%80%d0%b3%d0%be%d0%b2%d1%81%d0%ba%d0%b8-%d0%be%d0%b1%d0%b5%d0%ba%d1%82%d0%b8/%d0%ba%d0%b0%d1%81%d0%b5%d1%82%d1%8a%d1%87%d0%bd%d0%b8-%d0%ba%d0%bb%d0%b8%d0%bc%d0%b0%d1%82%d0%b8%d1%86%d0%b8/gree-%d0%ba%d0%b0%d1%81%d0%b5%d1%82%d1%8a%d1%87%d0%b5%d0%bd-%d0%ba%d0%bb%d0%b8%d0%bc%d0%b0%d1%82%d0%b8%d0%ba-gud125w1-nha-s-gud125t1-a-s-42-000-btu/,https://jtclima.bg/wp-content/uploads/2025/01/GUD-T1_1200x600.jpg,Касетъчни климатици,касетъчен климатик,Касетъчни климатици,2515.00 EUR,,касетъчен климатик;Касетъчни климатици;Индустриални климатици;Gree,,,,,,,,,
17469,,Gree,https://jtclima.bg/produkti/%d0%ba%d0%bb%d0%b8%d0%bc%d0%b0%d1%82%d0%b8%d1%86%d0%b8-%d0%b7%d0%b0-%d1%82%d1%8a%d1%80%d0%b3%d0%be%d0%b2%d1%81%d0%ba%d0%b8-%d0%be%d0%b1%d0%b5%d0%ba%d1%82%d0%b8/%d0%ba%d0%b0%d1%81%d0%b5%d1%82%d1%8a%d1%87%d0%bd%d0%b8-%d0%ba%d0%bb%d0%b8%d0%bc%d0%b0%d1%82%d0%b8%d1%86%d0%b8/gree-%d0%ba%d0%b0%d1%81%d0%b5%d1%82%d1%8a%d1%87%d0%b5%d0%bd-%d0%ba%d0%bb%d0%b8%d0%bc%d0%b0%d1%82%d0%b8%d0%ba-gud100w1-nha-s-gud100t1-a-s-36-000-btu/,https://jtclima.bg/wp-content/uploads/2025/01/GUD-T1_1200x600.jpg,Касетъчни климатици,касетъчен климатик,Касетъчни климатици,2286.00 EUR,,касетъчен климатик;Касетъчни климатици;Индустриални климатици;Gree,,,,,,,,,
17465,,Gree,https://jtclima.bg/produkti/%d0%ba%d0%bb%d0%b8%d0%bc%d0%b0%d1%82%d0%b8%d1%86%d0%b8-%d0%b7%d0%b0-%d1%82%d1%8a%d1%80%d0%b3%d0%be%d0%b2%d1%81%d0%ba%d0%b8-%d0%be%d0%b1%d0%b5%d0%ba%d1%82%d0%b8/%d0%ba%d0%b0%d1%81%d0%b5%d1%82%d1%8a%d1%87%d0%bd%d0%b8-%d0%ba%d0%bb%d0%b8%d0%bc%d0%b0%d1%82%d0%b8%d1%86%d0%b8/gree-%d0%ba%d0%b0%d1%81%d0%b5%d1%82%d1%8a%d1%87%d0%b5%d0%bd-%d0%ba%d0%bb%d0%b8%d0%bc%d0%b0%d1%82%d0%b8%d0%ba-gud71w1-nha-s-gud71t1-a-s-24-000-btu/,https://jtclima.bg/wp-content/uploads/2025/01/GUD-T1_1200x600.jpg,Касетъчни климатици,касетъчен климатик,Касетъчни климатици,1687.00 EUR,,касетъчен климатик;Касетъчни климатици;Индустриални климатици;Gree,,,,,,,,,
17462,,Gree,https://jtclima.bg/produkti/%d0%ba%d0%bb%d0%b8%d0%bc%d0%b0%d1%82%d0%b8%d1%86%d0%b8-%d0%b7%d0%b0-%d1%82%d1%8a%d1%80%d0%b3%d0%be%d0%b2%d1%81%d0%ba%d0%b8-%d0%be%d0%b1%d0%b5%d0%ba%d1%82%d0%b8/%d0%ba%d0%b0%d1%81%d0%b5%d1%82%d1%8a%d1%87%d0%bd%d0%b8-%d0%ba%d0%bb%d0%b8%d0%bc%d0%b0%d1%82%d0%b8%d1%86%d0%b8/gree-%d0%ba%d0%b0%d1%81%d0%b5%d1%82%d1%8a%d1%87%d0%b5%d0%bd-%d0%ba%d0%bb%d0%b8%d0%bc%d0%b0%d1%82%d0%b8%d0%ba-gud50w1-nha-s-gud50t1-a1-s-18-000-btu/,https://jtclima.bg/wp-content/uploads/2025/01/GUD-T1_1200x600.jpg,Касетъчни климатици,касетъчен климатик,Касетъчни климатици,1308.00 EUR,,касетъчен климатик;Касетъчни климатици;Индустриални климатици;Gree,,,,,,,,,
17460,,Gree,https://jtclima.bg/produkti/%d0%ba%d0%bb%d0%b8%d0%bc%d0%b0%d1%82%d0%b8%d1%86%d0%b8-%d0%b7%d0%b0-%d1%82%d1%8a%d1%80%d0%b3%d0%be%d0%b2%d1%81%d0%ba%d0%b8-%d0%be%d0%b1%d0%b5%d0%ba%d1%82%d0%b8/%d0%ba%d0%b0%d1%81%d0%b5%d1%82%d1%8a%d1%87%d0%bd%d0%b8-%d0%ba%d0%bb%d0%b8%d0%bc%d0%b0%d1%82%d0%b8%d1%86%d0%b8/gree-%d0%ba%d0%b0%d1%81%d0%b5%d1%82%d1%8a%d1%87%d0%b5%d0%bd-%d0%ba%d0%bb%d0%b8%d0%bc%d0%b0%d1%82%d0%b8%d0%ba-gud35w1-nha-s-gud35t1-a-s-12-000-btu/,https://jtclima.bg/wp-content/uploads/2025/01/GUD-T1_1200x600.jpg,Касетъчни климатици,касетъчен климатик,Касетъчни климатици,1093.00 EUR,,касетъчен климатик;Касетъчни климатици;Индустриални климатици;Gree,,,,,,,,,
17451,,LG UV60F.N20/UUD1.U30,https://jtclima.bg/produkti/%d0%ba%d0%bb%d0%b8%d0%bc%d0%b0%d1%82%d0%b8%d1%86%d0%b8-%d0%b7%d0%b0-%d1%82%d1%8a%d1%80%d0%b3%d0%be%d0%b2%d1%81%d0%ba%d0%b8-%d0%be%d0%b1%d0%b5%d0%ba%d1%82%d0%b8/%d1%82%d0%b0%d0%b2%d0%b0%d0%bd%d0%bd%d0%b8-%d0%ba%d0%bb%d0%b8%d0%bc%d0%b0%d1%82%d0%b8%d1%86%d0%b8/lg-%d1%82%d0%b0%d0%b2%d0%b0%d0%bd%d0%b5%d0%bd-%d0%ba%d0%bb%d0%b8%d0%bc%d0%b0%d1%82%d0%b8%d0%ba-uv60f-n20-uud1-u30-60000-btu/,https://jtclima.bg/wp-content/uploads/2025/01/tavanen_klimatik_lg_uv18fn10_uub1u20-5-600x600w.jpg,Таванни климатици,таванен климатик,Таванни климатици,3916.00 EUR,3523.00 EUR,таванен климатик;Таванни климатици;Индустриални климатици;LG,,,,,,,,,
17449,,LG UV48F.N20/UUD1.U30,https://jtclima.bg/produkti/%d0%ba%d0%bb%d0%b8%d0%bc%d0%b0%d1%82%d0%b8%d1%86%d0%b8-%d0%b7%d0%b0-%d1%82%d1%8a%d1%80%d0%b3%d0%be%d0%b2%d1%81%d0%ba%d0%b8-%d0%be%d0%b1%d0%b5%d0%ba%d1%82%d0%b8/%d1%82%d0%b0%d0%b2%d0%b0%d0%bd%d0%bd%d0%b8-%d0%ba%d0%bb%d0%b8%d0%bc%d0%b0%d1%82%d0%b8%d1%86%d0%b8/lg-%d1%82%d0%b0%d0%b2%d0%b0%d0%bd%d0%b5%d0%bd-%d0%ba%d0%bb%d0%b8%d0%bc%d0%b0%d1%82%d0%b8%d0%ba-uv48f-n20-uud1-u30-48000-btu/,https://jtclima.bg/wp-content/uploads/2025/01/tavanen_klimatik_lg_uv18fn10_uub1u20-5-600x600w.jpg,Таванни климатици,таванен климатик,Таванни климатици,3809.00 EUR,3426.00 EUR,таванен климатик;Таванни климатици;Индустриални климатици;LG,,,,,,,,,
17447,,LG UV42F.N20/UUD1.U30,https://jtclima.bg/produkti/%d0%ba%d0%bb%d0%b8%d0%bc%d0%b0%d1%82%d0%b8%d1%86%d0%b8-%d0%b7%d0%b0-%d1%82%d1%8a%d1%80%d0%b3%d0%be%d0%b2%d1%81%d0%ba%d0%b8-%d0%be%d0%b1%d0%b5%d0%ba%d1%82%d0%b8/%d1%82%d0%b0%d0%b2%d0%b0%d0%bd%d0%bd%d0%b8-%d0%ba%d0%bb%d0%b8%d0%bc%d0%b0%d1%82%d0%b8%d1%86%d0%b8/lg-%d1%82%d0%b0%d0%b2%d0%b0%d0%bd%d0%b5%d0%bd-%d0%ba%d0%bb%d0%b8%d0%bc%d0%b0%d1%82%d0%b8%d0%ba-uv42f-n20-uud1-u30-42000-btu/,https://jtclima.bg/wp-content/uploads/2025/01/tavanen_klimatik_lg_uv18fn10_uub1u20-5-600x600w.jpg,Таванни климатици,таванен климатик,Таванни климатици,3763.00 EUR,3385.00 EUR,таванен климатик;Таванни климатици;Индустриални климатици;LG,,,,,,,,,
17444,,LG UV36F.N20/UUC1.U40,https://jtclima.bg/produkti/%d0%ba%d0%bb%d0%b8%d0%bc%d0%b0%d1%82%d0%b8%d1%86%d0%b8-%d0%b7%d0%b0-%d1%82%d1%8a%d1%80%d0%b3%d0%be%d0%b2%d1%81%d0%ba%d0%b8-%d0%be%d0%b1%d0%b5%d0%ba%d1%82%d0%b8/%d1%82%d0%b0%d0%b2%d0%b0%d0%bd%d0%bd%d0%b8-%d0%ba%d0%bb%d0%b8%d0%bc%d0%b0%d1%82%d0%b8%d1%86%d0%b8/lg-%d1%82%d0%b0%d0%b2%d0%b0%d0%bd%d0%b5%d0%bd-%d0%ba%d0%bb%d0%b8%d0%bc%d0%b0%d1%82%d0%b8%d0%ba-uv36f-n20-uuc1-u40-36000-btu/,https://jtclima.bg/wp-content/uploads/2025/01/tavanen_klimatik_lg_uv18fn10_uub1u20-5-600x600w.jpg,Таванни климатици,таванен климатик,Таванни климатици,3671.00 EUR,3303.00 EUR,таванен климатик;Таванни климатици;Индустриални климатици;LG,,,,,,,,,
17443,,LG UV24F.N10/UUC1.U40,https://jtclima.bg/produkti/%d0%ba%d0%bb%d0%b8%d0%bc%d0%b0%d1%82%d0%b8%d1%86%d0%b8-%d0%b7%d0%b0-%d1%82%d1%8a%d1%80%d0%b3%d0%be%d0%b2%d1%81%d0%ba%d0%b8-%d0%be%d0%b1%d0%b5%d0%ba%d1%82%d0%b8/%d1%82%d0%b0%d0%b2%d0%b0%d0%bd%d0%bd%d0%b8-%d0%ba%d0%bb%d0%b8%d0%bc%d0%b0%d1%82%d0%b8%d1%86%d0%b8/lg-%d1%82%d0%b0%d0%b2%d0%b0%d0%bd%d0%b5%d0%bd-%d0%ba%d0%bb%d0%b8%d0%bc%d0%b0%d1%82%d0%b8%d0%ba-uv24f-n10-uuc1-u40-24000-btu/,https://jtclima.bg/wp-content/uploads/2025/01/tavanen_klimatik_lg_uv18fn10_uub1u20-5-600x600w.jpg,Таванни климатици,таванен климатик,Таванни климатици,2485.00 EUR,2234.00 EUR,таванен климатик;Таванни климатици;Индустриални климатици;LG,,,,,,,,,
17440,,LG UV18F.N10/UUB1.U20,https://jtclima.bg/produkti/%d0%ba%d0%bb%d0%b8%d0%bc%d0%b0%d1%82%d0%b8%d1%86%d0%b8-%d0%b7%d0%b0-%d1%82%d1%8a%d1%80%d0%b3%d0%be%d0%b2%d1%81%d0%ba%d0%b8-%d0%be%d0%b1%d0%b5%d0%ba%d1%82%d0%b8/%d1%82%d0%b0%d0%b2%d0%b0%d0%bd%d0%bd%d0%b8-%d0%ba%d0%bb%d0%b8%d0%bc%d0%b0%d1%82%d0%b8%d1%86%d0%b8/lg-%d1%82%d0%b0%d0%b2%d0%b0%d0%bd%d0%b5%d0%bd-%d0%ba%d0%bb%d0%b8%d0%bc%d0%b0%d1%82%d0%b8%d0%ba-uv18f-n10-uub1-u20-18000-btu/,https://jtclima.bg/wp-content/uploads/2025/01/tavanen_klimatik_lg_uv18fn10_uub1u20-5-600x600w.jpg,Таванни климатици,таванен климатик,Таванни климатици,2270.00 EUR,2040.00 EUR,таванен климатик;Таванни климатици;Индустриални климатици;LG,,,,,,,,,
17437,,LG UT60F.NА0/UUD1.U30,https://jtclima.bg/produkti/%d0%ba%d0%bb%d0%b8%d0%bc%d0%b0%d1%82%d0%b8%d1%86%d0%b8-%d0%b7%d0%b0-%d1%82%d1%8a%d1%80%d0%b3%d0%be%d0%b2%d1%81%d0%ba%d0%b8-%d0%be%d0%b1%d0%b5%d0%ba%d1%82%d0%b8/%d0%ba%d0%b0%d0%bd%d0%b0%d0%bb%d0%bd%d0%b8-%d0%ba%d0%bb%d0%b8%d0%bc%d0%b0%d1%82%d0%b8%d1%86%d0%b8/lg-%d0%ba%d0%b0%d0%bd%d0%b0%d0%bb%d0%b5%d0%bd-%d0%ba%d0%bb%d0%b8%d0%bc%d0%b0%d1%82%d0%b8%d0%ba-ut60f-n%d0%b00-uud1-u30-60000-btu/,https://jtclima.bg/wp-content/uploads/2025/01/duct-medium-pressure-unit-lg-cm18fn10.jpg,Канални климатици,канален климатик,Канални климатици,4085.00 EUR,3676.00 EUR,канален климатик;Канални климатици;Индустриални климатици;LG,,,,,,,,,
17435,,LG UМ48F.N30/UUD1.U30,https://jtclima.bg/produkti/%d0%ba%d0%bb%d0%b8%d0%bc%d0%b0%d1%82%d0%b8%d1%86%d0%b8-%d0%b7%d0%b0-%d1%82%d1%8a%d1%80%d0%b3%d0%be%d0%b2%d1%81%d0%ba%d0%b8-%d0%be%d0%b1%d0%b5%d0%ba%d1%82%d0%b8/%d0%ba%d0%b0%d0%bd%d0%b0%d0%bb%d0%bd%d0%b8-%d0%ba%d0%bb%d0%b8%d0%bc%d0%b0%d1%82%d0%b8%d1%86%d0%b8/lg-%d0%ba%d0%b0%d0%bd%d0%b0%d0%bb%d0%b5%d0%bd-%d0%ba%d0%bb%d0%b8%d0%bc%d0%b0%d1%82%d0%b8%d0%ba-u%d0%bc48f-n30-uud1-u30-48000-btu/,https://jtclima.bg/wp-content/uploads/2025/01/duct-medium-pressure-unit-lg-cm18fn10.jpg,Канални климатици,канален климатик,Канални климатици,3978.00 EUR,3579.00 EUR,канален климатик;Канални климатици;Индустриални климатици;LG,,,,,,,,,
17432,,LG UМ42F.N20/UUD1.U30,https://jtclima.bg/produkti/%d0%ba%d0%bb%d0%b8%d0%bc%d0%b0%d1%82%d0%b8%d1%86%d0%b8-%d0%b7%d0%b0-%d1%82%d1%8a%d1%80%d0%b3%d0%be%d0%b2%d1%81%d0%ba%d0%b8-%d0%be%d0%b1%d0%b5%d0%ba%d1%82%d0%b8/%d0%ba%d0%b0%d0%bd%d0%b0%d0%bb%d0%bd%d0%b8-%d0%ba%d0%bb%d0%b8%d0%bc%d0%b0%d1%82%d0%b8%d1%86%d0%b8/lg-%d0%ba%d0%b0%d0%bd%d0%b0%d0%bb%d0%b5%d0%bd-%d0%ba%d0%bb%d0%b8%d0%bc%d0%b0%d1%82%d0%b8%d0%ba-u%d0%bc42f-n20-uud1-u30-42000-btu/,https://jtclima.bg/wp-content/uploads/2025/01/duct-medium-pressure-unit-lg-cm18fn10.jpg,Канални климатици,канален климатик,Канални климатици,3886.00 EUR,3497.00 EUR,канален климатик;Канални климатици;Индустриални климатици;LG,,,,,,,,,
17430,,LG UМ36F.N20/UUC1.U40,https://jtclima.bg/produkti/%d0%ba%d0%bb%d0%b8%d0%bc%d0%b0%d1%82%d0%b8%d1%86%d0%b8-%d0%b7%d0%b0-%d1%82%d1%8a%d1%80%d0%b3%d0%be%d0%b2%d1%81%d0%ba%d0%b8-%d0%be%d0%b1%d0%b5%d0%ba%d1%82%d0%b8/%d0%ba%d0%b0%d0%bd%d0%b0%d0%bb%d0%bd%d0%b8-%d0%ba%d0%bb%d0%b8%d0%bc%d0%b0%d1%82%d0%b8%d1%86%d0%b8/lg-%d0%ba%d0%b0%d0%bd%d0%b0%d0%bb%d0%b5%d0%bd-%d0%ba%d0%bb%d0%b8%d0%bc%d0%b0%d1%82%d0%b8%d0%ba-u%d0%bc36f-n20-uuc1-u40-36000-btu/,https://jtclima.bg/wp-content/uploads/2025/01/duct-medium-pressure-unit-lg-cm18fn10.jpg,Канални климатици,канален климатик,Канални климатици,3671.00 EUR,3303.00 EUR,канален климатик;Канални климатици;Индустриални климатици;LG,,,,,,,,,
17428,,LG CL24F.N30/UUC1.U40,https://jtclima.bg/produkti/%d0%ba%d0%bb%d0%b8%d0%bc%d0%b0%d1%82%d0%b8%d1%86%d0%b8-%d0%b7%d0%b0-%d1%82%d1%8a%d1%80%d0%b3%d0%be%d0%b2%d1%81%d0%ba%d0%b8-%d0%be%d0%b1%d0%b5%d0%ba%d1%82%d0%b8/%d0%ba%d0%b0%d0%bd%d0%b0%d0%bb%d0%bd%d0%b8-%d0%ba%d0%bb%d0%b8%d0%bc%d0%b0%d1%82%d0%b8%d1%86%d0%b8/lg-%d0%ba%d0%b0%d0%bd%d0%b0%d0%bb%d0%b5%d0%bd-%d0%ba%d0%bb%d0%b8%d0%bc%d0%b0%d1%82%d0%b8%d0%ba-cl24f-n30-uuc1-u40-24000-btu/,https://jtclima.bg/wp-content/uploads/2025/01/kanalen-niskonaporen-klimatik-lg-cl09fn50-uua1ul0.jpg,Канални климатици,канален климатик,Канални климатици,2516.00 EUR,2265.00 EUR,канален климатик;Канални климатици;Индустриални климатици;LG,,,,,,,,,
17425,,LG CL18F.N60/UUB1.U20,https://jtclima.bg/produkti/%d0%ba%d0%bb%d0%b8%d0%bc%d0%b0%d1%82%d0%b8%d1%86%d0%b8-%d0%b7%d0%b0-%d1%82%d1%8a%d1%80%d0%b3%d0%be%d0%b2%d1%81%d0%ba%d0%b8-%d0%be%d0%b1%d0%b5%d0%ba%d1%82%d0%b8/%d0%ba%d0%b0%d0%bd%d0%b0%d0%bb%d0%bd%d0%b8-%d0%ba%d0%bb%d0%b8%d0%bc%d0%b0%d1%82%d0%b8%d1%86%d0%b8/lg-%d0%ba%d0%b0%d0%bd%d0%b0%d0%bb%d0%b5%d0%bd-%d0%ba%d0%bb%d0%b8%d0%bc%d0%b0%d1%82%d0%b8%d0%ba-cl18f-n60-uub1-u20-18000-btu/,https://jtclima.bg/wp-content/uploads/2025/01/kanalen-niskonaporen-klimatik-lg-cl09fn50-uua1ul0.jpg,Канални климатици,канален климатик,Канални климатици,2270.00 EUR,2045.00 EUR,канален климатик;Канални климатици;Индустриални климатици;LG,,,,,,,,,
17424,,LG CL12F.NR0/UUA1.UL0,https://jtclima.bg/produkti/%d0%ba%d0%bb%d0%b8%d0%bc%d0%b0%d1%82%d0%b8%d1%86%d0%b8-%d0%b7%d0%b0-%d1%82%d1%8a%d1%80%d0%b3%d0%be%d0%b2%d1%81%d0%ba%d0%b8-%d0%be%d0%b1%d0%b5%d0%ba%d1%82%d0%b8/%d0%ba%d0%b0%d0%bd%d0%b0%d0%bb%d0%bd%d0%b8-%d0%ba%d0%bb%d0%b8%d0%bc%d0%b0%d1%82%d0%b8%d1%86%d0%b8/lg-%d0%ba%d0%b0%d0%bd%d0%b0%d0%bb%d0%b5%d0%bd-%d0%ba%d0%bb%d0%b8%d0%bc%d0%b0%d1%82%d0%b8%d0%ba-cl12f-nr0-uua1-ul0-12000-btu/,https://jtclima.bg/wp-content/uploads/2025/01/kanalen-niskonaporen-klimatik-lg-cl09fn50-uua1ul0.jpg,Канални климатици,канален климатик,Канални климатици,1851.00 EUR,1667.00 EUR,канален климатик;Канални климатици;Индустриални климатици;LG,,,,,,,,,
17421,,LG CL09F.N50/UUA1.UL0,https://jtclima.bg/produkti/%d0%ba%d0%bb%d0%b8%d0%bc%d0%b0%d1%82%d0%b8%d1%86%d0%b8-%d0%b7%d0%b0-%d1%82%d1%8a%d1%80%d0%b3%d0%be%d0%b2%d1%81%d0%ba%d0%b8-%d0%be%d0%b1%d0%b5%d0%ba%d1%82%d0%b8/%d0%ba%d0%b0%d0%bd%d0%b0%d0%bb%d0%bd%d0%b8-%d0%ba%d0%bb%d0%b8%d0%bc%d0%b0%d1%82%d0%b8%d1%86%d0%b8/lg-%d0%ba%d0%b0%d0%bd%d0%b0%d0%bb%d0%b5%d0%bd-%d0%ba%d0%bb%d0%b8%d0%bc%d0%b0%d1%82%d0%b8%d0%ba-cl09f-n50-uua1-ul0-9000-btu/,https://jtclima.bg/wp-content/uploads/2025/01/kanalen-niskonaporen-klimatik-lg-cl09fn50-uua1ul0.jpg,Канални климатици,канален климатик,Канални климатици,1805.00 EUR,1621.00 EUR,канален климатик;Канални климатици;Индустриални климатици;LG,,,,,,,,,
17419,,LG UT60F.NА0/UUD1.U30,https://jtclima.bg/produkti/%d0%ba%d0%bb%d0%b8%d0%bc%d0%b0%d1%82%d0%b8%d1%86%d0%b8-%d0%b7%d0%b0-%d1%82%d1%8a%d1%80%d0%b3%d0%be%d0%b2%d1%81%d0%ba%d0%b8-%d0%be%d0%b1%d0%b5%d0%ba%d1%82%d0%b8/%d0%ba%d0%b0%d1%81%d0%b5%d1%82%d1%8a%d1%87%d0%bd%d0%b8-%d0%ba%d0%bb%d0%b8%d0%bc%d0%b0%d1%82%d0%b8%d1%86%d0%b8/lg-%d0%ba%d0%b0%d1%81%d0%b5%d1%82%d1%8a%d1%87%d0%b5%d0%bd-%d0%ba%d0%bb%d0%b8%d0%bc%d0%b0%d1%82%d0%b8%d0%ba-ut60f-n%d0%b00-uud1-u30-60000-btu/,https://jtclima.bg/wp-content/uploads/2025/01/chetiriptna-tavanna-kaseta-lg-ct09fnr0-uua1ul0.jpg,Касетъчни климатици,касетъчен климатик,Касетъчни климатици,3983.00 EUR,3584.00 EUR,касетъчен климатик;Касетъчни климатици;Индустриални климатици;LG,,,,,,,,,
17417,,LG UT48F.NА0/UUD1.U30,https://jtclima.bg/produkti/%d0%ba%d0%bb%d0%b8%d0%bc%d0%b0%d1%82%d0%b8%d1%86%d0%b8-%d0%b7%d0%b0-%d1%82%d1%8a%d1%80%d0%b3%d0%be%d0%b2%d1%81%d0%ba%d0%b8-%d0%be%d0%b1%d0%b5%d0%ba%d1%82%d0%b8/%d0%ba%d0%b0%d1%81%d0%b5%d1%82%d1%8a%d1%87%d0%bd%d0%b8-%d0%ba%d0%bb%d0%b8%d0%bc%d0%b0%d1%82%d0%b8%d1%86%d0%b8/lg-%d0%ba%d0%b0%d1%81%d0%b5%d1%82%d1%8a%d1%87%d0%b5%d0%bd-%d0%ba%d0%bb%d0%b8%d0%bc%d0%b0%d1%82%d0%b8%d0%ba-ut48f-n%d0%b00-uud1-u30-48000-btu/,https://jtclima.bg/wp-content/uploads/2025/01/chetiriptna-tavanna-kaseta-lg-ct09fnr0-uua1ul0.jpg,Касетъчни климатици,касетъчен климатик,Касетъчни климатици,3835.00 EUR,3451.00 EUR,касетъчен климатик;Касетъчни климатици;Индустриални климатици;LG,,,,,,,,,
17414,,LG UT42F.NА0/UUD1.U30,https://jtclima.bg/produkti/%d0%ba%d0%bb%d0%b8%d0%bc%d0%b0%d1%82%d0%b8%d1%86%d0%b8-%d0%b7%d0%b0-%d1%82%d1%8a%d1%80%d0%b3%d0%be%d0%b2%d1%81%d0%ba%d0%b8-%d0%be%d0%b1%d0%b5%d0%ba%d1%82%d0%b8/%d0%ba%d0%b0%d1%81%d0%b5%d1%82%d1%8a%d1%87%d0%bd%d0%b8-%d0%ba%d0%bb%d0%b8%d0%bc%d0%b0%d1%82%d0%b8%d1%86%d0%b8/lg-%d0%ba%d0%b0%d1%81%d0%b5%d1%82%d1%8a%d1%87%d0%b5%d0%bd-%d0%ba%d0%bb%d0%b8%d0%bc%d0%b0%d1%82%d0%b8%d0%ba-ut42f-n%d0%b00-uud1-u30-42000-btu/,https://jtclima.bg/wp-content/uploads/2025/01/chetiriptna-tavanna-kaseta-lg-ct09fnr0-uua1ul0.jpg,Касетъчни климатици,касетъчен климатик,Касетъчни климатици,3763.00 EUR,3385.00 EUR,касетъчен климатик;Касетъчни климатици;Индустриални климатици;LG,,,,,,,,,
17413,,LG UT36F.NА0/UUC1.U40,https://jtclima.bg/produkti/%d0%ba%d0%bb%d0%b8%d0%bc%d0%b0%d1%82%d0%b8%d1%86%d0%b8-%d0%b7%d0%b0-%d1%82%d1%8a%d1%80%d0%b3%d0%be%d0%b2%d1%81%d0%ba%d0%b8-%d0%be%d0%b1%d0%b5%d0%ba%d1%82%d0%b8/%d0%ba%d0%b0%d1%81%d0%b5%d1%82%d1%8a%d1%87%d0%bd%d0%b8-%d0%ba%d0%bb%d0%b8%d0%bc%d0%b0%d1%82%d0%b8%d1%86%d0%b8/lg-%d0%ba%d0%b0%d1%81%d0%b5%d1%82%d1%8a%d1%87%d0%b5%d0%bd-%d0%ba%d0%bb%d0%b8%d0%bc%d0%b0%d1%82%d0%b8%d0%ba-ut36f-n%d0%b00-uuc1-u40-36000-btu/,https://jtclima.bg/wp-content/uploads/2025/01/chetiriptna-tavanna-kaseta-lg-ct09fnr0-uua1ul0.jpg,Касетъчни климатици,касетъчен климатик,Касетъчни климатици,2710.00 EUR,2439.00 EUR,касетъчен климатик;Касетъчни климатици;Индустриални климатици;LG,,,,,,,,,
17407,,LG UT30F.NB0/UUC1.U40,https://jtclima.bg/produkti/%d0%ba%d0%bb%d0%b8%d0%bc%d0%b0%d1%82%d0%b8%d1%86%d0%b8-%d0%b7%d0%b0-%d1%82%d1%8a%d1%80%d0%b3%d0%be%d0%b2%d1%81%d0%ba%d0%b8-%d0%be%d0%b1%d0%b5%d0%ba%d1%82%d0%b8/%d0%ba%d0%b0%d1%81%d0%b5%d1%82%d1%8a%d1%87%d0%bd%d0%b8-%d0%ba%d0%bb%d0%b8%d0%bc%d0%b0%d1%82%d0%b8%d1%86%d0%b8/lg-%d0%ba%d0%b0%d1%81%d0%b5%d1%82%d1%8a%d1%87%d0%b5%d0%bd-%d0%ba%d0%bb%d0%b8%d0%bc%d0%b0%d1%82%d0%b8%d0%ba-ut30f-nb0-uuc1-u40-30000-btu/,https://jtclima.bg/wp-content/uploads/2025/01/chetiriptna-tavanna-kaseta-lg-ct09fnr0-uua1ul0.jpg,Касетъчни климатици,касетъчен климатик,Касетъчни климатици,2648.00 EUR,2383.00 EUR,касетъчен климатик;Касетъчни климатици;Индустриални климатици;LG,,,,,,,,,
17405,,LG CT24F.NQ0/UUC1.U40,https://jtclima.bg/produkti/%d0%ba%d0%bb%d0%b8%d0%bc%d0%b0%d1%82%d0%b8%d1%86%d0%b8-%d0%b7%d0%b0-%d1%82%d1%8a%d1%80%d0%b3%d0%be%d0%b2%d1%81%d0%ba%d0%b8-%d0%be%d0%b1%d0%b5%d0%ba%d1%82%d0%b8/%d0%ba%d0%b0%d1%81%d0%b5%d1%82%d1%8a%d1%87%d0%bd%d0%b8-%d0%ba%d0%bb%d0%b8%d0%bc%d0%b0%d1%82%d0%b8%d1%86%d0%b8/lg-%d0%ba%d0%b0%d1%81%d0%b5%d1%82%d1%8a%d1%87%d0%b5%d0%bd-%d0%ba%d0%bb%d0%b8%d0%bc%d0%b0%d1%82%d0%b8%d0%ba-ct24f-nq0-uuc1-u40-24000-btu/,https://jtclima.bg/wp-content/uploads/2025/01/chetiriptna-tavanna-kaseta-lg-ct09fnr0-uua1ul0.jpg,Касетъчни климатици,касетъчен климатик,Касетъчни климатици,2587.00 EUR,2326.00 EUR,касетъчен климатик;Касетъчни климатици;Индустриални климатици;LG,,,,,,,,,
17403,,LG CT18F.NQ0/UUB1.U20,https://jtclima.bg/produkti/%d0%ba%d0%bb%d0%b8%d0%bc%d0%b0%d1%82%d0%b8%d1%86%d0%b8-%d0%b7%d0%b0-%d1%82%d1%8a%d1%80%d0%b3%d0%be%d0%b2%d1%81%d0%ba%d0%b8-%d0%be%d0%b1%d0%b5%d0%ba%d1%82%d0%b8/%d0%ba%d0%b0%d1%81%d0%b5%d1%82%d1%8a%d1%87%d0%bd%d0%b8-%d0%ba%d0%bb%d0%b8%d0%bc%d0%b0%d1%82%d0%b8%d1%86%d0%b8/lg-%d0%ba%d0%b0%d1%81%d0%b5%d1%82%d1%8a%d1%87%d0%b5%d0%bd-%d0%ba%d0%bb%d0%b8%d0%bc%d0%b0%d1%82%d0%b8%d0%ba-ct18f-nq0-uub1-u20-18000-btu/,https://jtclima.bg/wp-content/uploads/2025/01/chetiriptna-tavanna-kaseta-lg-ct09fnr0-uua1ul0.jpg,Касетъчни климатици,касетъчен климатик,Касетъчни климатици,2096.00 EUR,1887.00 EUR,касетъчен климатик;Касетъчни климатици;Индустриални климатици;LG,,,,,,,,,
17394,,LG CT12F.NR0/UUA1.UL0,https://jtclima.bg/produkti/%d0%ba%d0%bb%d0%b8%d0%bc%d0%b0%d1%82%d0%b8%d1%86%d0%b8-%d0%b7%d0%b0-%d1%82%d1%8a%d1%80%d0%b3%d0%be%d0%b2%d1%81%d0%ba%d0%b8-%d0%be%d0%b1%d0%b5%d0%ba%d1%82%d0%b8/%d0%ba%d0%b0%d1%81%d0%b5%d1%82%d1%8a%d1%87%d0%bd%d0%b8-%d0%ba%d0%bb%d0%b8%d0%bc%d0%b0%d1%82%d0%b8%d1%86%d0%b8/lg-%d0%ba%d0%b0%d1%81%d0%b5%d1%82%d1%8a%d1%87%d0%b5%d0%bd-%d0%ba%d0%bb%d0%b8%d0%bc%d0%b0%d1%82%d0%b8%d0%ba-ct12f-nr0-uua1-ul0-12000-btu/,https://jtclima.bg/wp-content/uploads/2025/01/chetiriptna-tavanna-kaseta-lg-ct09fnr0-uua1ul0.jpg,Касетъчни климатици,касетъчен климатик,Касетъчни климатици,1667.00 EUR,1498.00 EUR,касетъчен климатик;Касетъчни климатици;Индустриални климатици;LG,,,,,,,,,
17392,,LG CT09F.NR0/UUA1.UL0,https://jtclima.bg/produkti/%d0%ba%d0%bb%d0%b8%d0%bc%d0%b0%d1%82%d0%b8%d1%86%d0%b8-%d0%b7%d0%b0-%d1%82%d1%8a%d1%80%d0%b3%d0%be%d0%b2%d1%81%d0%ba%d0%b8-%d0%be%d0%b1%d0%b5%d0%ba%d1%82%d0%b8/%d0%ba%d0%b0%d1%81%d0%b5%d1%82%d1%8a%d1%87%d0%bd%d0%b8-%d0%ba%d0%bb%d0%b8%d0%bc%d0%b0%d1%82%d0%b8%d1%86%d0%b8/lg-%d0%ba%d0%b0%d1%81%d0%b5%d1%82%d1%8a%d1%87%d0%b5%d0%bd-%d0%ba%d0%bb%d0%b8%d0%bc%d0%b0%d1%82%d0%b8%d0%ba-ct09f-nr0-uua1-ul0-9000-btu/,https://jtclima.bg/wp-content/uploads/2025/01/chetiriptna-tavanna-kaseta-lg-ct09fnr0-uua1ul0.jpg,Касетъчни климатици,касетъчен климатик,Касетъчни климатици,1636.00 EUR,1473.00 EUR,касетъчен климатик;Касетъчни климатици;Индустриални климатици;LG,,,,,,,,,
17332,,Gree GRS-CQ16Pd/NhH-M,https://jtclima.bg/produkti/termopompi/%d1%85%d0%b8%d0%b4%d1%80%d0%be%d1%81%d0%bf%d0%bb%d0%b8%d1%82-%d1%82%d0%b5%d1%80%d0%bc%d0%be%d0%bf%d0%be%d0%bc%d0%bf%d0%b8/gree-%d1%85%d0%b8%d0%b4%d1%80%d0%be%d1%81%d0%bf%d0%bb%d0%b8%d1%82-%d1%82%d0%b5%d1%80%d0%bc%d0%be%d0%bf%d0%be%d0%bc%d0%bf%d0%b8/gree-%d0%b8%d0%bd%d0%b2%d0%b5%d1%80%d1%82%d0%be%d1%80%d0%bd%d0%b0-%d1%82%d0%b5%d1%80%d0%bc%d0%be%d0%bf%d0%be%d0%bc%d0%bf%d0%b0-%d0%bc%d0%be%d0%bd%d0%be%d0%b1%d0%bb%d0%be%d0%ba-versati-iii-grs-cq16pd/,https://jtclima.bg/wp-content/uploads/2025/01/Versati_3_Split.jpg,Термопомпи,инверторна термопомпа,Термопомпи,5472.00 EUR,4979.00 EUR,инверторна термопомпа сплит;Термопомпи;Gree;Термопомпа сплит система;Термопомпи Gree,,,,,,,,,
17327,,Gree GRS-CQ10Pd/NhH2-E,https://jtclima.bg/produkti/termopompi/%d1%85%d0%b8%d0%b4%d1%80%d0%be%d1%81%d0%bf%d0%bb%d0%b8%d1%82-%d1%82%d0%b5%d1%80%d0%bc%d0%be%d0%bf%d0%be%d0%bc%d0%bf%d0%b8/gree-%d1%85%d0%b8%d0%b4%d1%80%d0%be%d1%81%d0%bf%d0%bb%d0%b8%d1%82-%d1%82%d0%b5%d1%80%d0%bc%d0%be%d0%bf%d0%be%d0%bc%d0%bf%d0%b8/gree-%d0%b8%d0%bd%d0%b2%d0%b5%d1%80%d1%82%d0%be%d1%80%d0%bd%d0%b0-%d1%82%d0%b5%d1%80%d0%bc%d0%be%d0%bf%d0%be%d0%bc%d0%bf%d0%b0-%d1%81%d0%bf%d0%bb%d0%b8%d1%82-versati-iii-grs-cq10pd-nhh2-e/,https://jtclima.bg/wp-content/uploads/2025/01/Versati_3_Split.jpg,Термопомпи,инверторна термопомпа,Термопомпи,4380.00 EUR,3985.00 EUR,инверторна термопомпа сплит;Термопомпи;Gree;Термопомпа сплит система;Термопомпи Gree,,,,,,,,,
17325,,Gree GRS-CQ6.0Pd/NhH2-E,https://jtclima.bg/produkti/termopompi/%d1%85%d0%b8%d0%b4%d1%80%d0%be%d1%81%d0%bf%d0%bb%d0%b8%d1%82-%d1%82%d0%b5%d1%80%d0%bc%d0%be%d0%bf%d0%be%d0%bc%d0%bf%d0%b8/gree-%d1%85%d0%b8%d0%b4%d1%80%d0%be%d1%81%d0%bf%d0%bb%d0%b8%d1%82-%d1%82%d0%b5%d1%80%d0%bc%d0%be%d0%bf%d0%be%d0%bc%d0%bf%d0%b8/gree-%d0%b8%d0%bd%d0%b2%d0%b5%d1%80%d1%82%d0%be%d1%80%d0%bd%d0%b0-%d1%82%d0%b5%d1%80%d0%bc%d0%be%d0%bf%d0%be%d0%bc%d0%bf%d0%b0-%d1%81%d0%bf%d0%bb%d0%b8%d1%82-versati-iii-grs-cq6-0pd-nhh2-e/,https://jtclima.bg/wp-content/uploads/2025/01/Versati_3_Split.jpg,Gree,инверторна термопомпа,Gree,3888.00 EUR,3538.00 EUR,инверторна термопомпа сплит;Gree;Термопомпи;Термопомпа сплит система;Термопомпи Gree,,,,,,,,,
17268,,LG UQ18F.NA0/UUB1.U20,https://jtclima.bg/produkti/klimatici/podovi-klimatici/lg-podovi-klimatici/18-lg-podovi-klimatici/lg-%d0%bf%d0%be%d0%b4%d0%be%d0%b2-%d0%ba%d0%bb%d0%b8%d0%bc%d0%b0%d1%82%d0%b8%d0%ba-uq18f-na0-uub1-u20-18000-btu/,https://jtclima.bg/wp-content/uploads/2025/01/подов.png,Подови климатици,подов климатик,Подови климатици,2122.00 EUR,1805.00 EUR,подов климатик;Подови климатици;LG,,,,,,,,,
17266,,LG UQ12F.NA0/UUA1.UL0,https://jtclima.bg/produkti/klimatici/podovi-klimatici/lg-podovi-klimatici/12-lg-podovi-klimatici/lg-%d0%bf%d0%be%d0%b4%d0%be%d0%b2-%d0%ba%d0%bb%d0%b8%d0%bc%d0%b0%d1%82%d0%b8%d0%ba-uq12f-na0-uua1-ul0-12000-btu/,https://jtclima.bg/wp-content/uploads/2025/01/подов.png,Подови климатици,подов климатик,Подови климатици,1662.00 EUR,1411.00 EUR,подов климатик;Подови климатици;LG,,,,,,,,,
17263,,LG UQ09F.NA0/UUA1.UL0,https://jtclima.bg/produkti/klimatici/podovi-klimatici/lg-podovi-klimatici/9-lg-podovi-klimatici/lg-%d0%bf%d0%be%d0%b4%d0%be%d0%b2-%d0%ba%d0%bb%d0%b8%d0%bc%d0%b0%d1%82%d0%b8%d0%ba-uq09f-na0-uua1-ul0-9000-btu/,https://jtclima.bg/wp-content/uploads/2025/01/подов.png,Подови климатици,подов климатик,Подови климатици,1636.00 EUR,1380.00 EUR,подов климатик;Подови климатици;LG,,,,,,,,,
17260,,Gree GEH18AAXF,https://jtclima.bg/produkti/klimatici/podovi-klimatici/podov-klimatik-gree/podov-klimatik-gree-18/gree-%d0%bf%d0%be%d0%b4%d0%be%d0%b2-%d0%ba%d0%bb%d0%b8%d0%bc%d0%b0%d1%82%d0%b8%d0%ba-geh-ii-50-kw-geh18aaxf-18000-btu/,https://jtclima.bg/wp-content/uploads/2025/01/geh.jpg,Подови климатици,подов климатик,Подови климатици,1374.00 EUR,,подов климатик;Подови климатици;Gree,,,,,,,,,
17258,,Gree GEH12AAXD,https://jtclima.bg/produkti/klimatici/podovi-klimatici/podov-klimatik-gree/podov-klimatik-gree-12/gree-%d0%bf%d0%be%d0%b4%d0%be%d0%b2-%d0%ba%d0%bb%d0%b8%d0%bc%d0%b0%d1%82%d0%b8%d0%ba-geh-ii-35-kw-geh12aaxd-12000-btu/,https://jtclima.bg/wp-content/uploads/2025/01/geh.jpg,Климатик Gree 12,подов климатик,Климатик Gree 12,1062.00 EUR,,подов климатик;Климатик Gree 12;Подови климатици;Gree,,,,,,,,,
17255,,Gree GEH09AAXB,https://jtclima.bg/produkti/klimatici/podovi-klimatici/podov-klimatik-gree/9-gree-podovi-klimatici/gree-%d0%bf%d0%be%d0%b4%d0%be%d0%b2-%d0%ba%d0%bb%d0%b8%d0%bc%d0%b0%d1%82%d0%b8%d0%ba-geh-ii-25-kw-geh09aaxb-9000-btu/,https://jtclima.bg/wp-content/uploads/2025/01/geh.jpg,Подови климатици,подов климатик,Подови климатици,1014.00 EUR,,подов климатик;Подови климатици;Gree,,,,,,,,,
17252,,Gree GWH18AKCXF,https://jtclima.bg/produkti/klimatici/invertorni-klimatici/gree-invertorni-klimatici/18-gree-invertorni-klimatici/gree-%d0%b8%d0%bd%d0%b2%d0%b5%d1%80%d1%82%d0%be%d1%80%d0%b5%d0%bd-%d0%ba%d0%bb%d0%b8%d0%bc%d0%b0%d1%82%d0%b8%d0%ba-soyal-50-kw-gwh18akcxf-18000-btu/,https://jtclima.bg/wp-content/uploads/2025/01/Soyal_600.jpg,Стенни климатици,инверторен климатик,Стенни климатици,1321.00 EUR,,инверторен климатик;Стенни климатици;Gree,,,,,,,,,
17250,,Gree GWH12AKCXD,https://jtclima.bg/produkti/klimatici/invertorni-klimatici/gree-invertorni-klimatici/12-gree-invertorni-klimatici/gree-%d0%b8%d0%bd%d0%b2%d0%b5%d1%80%d1%82%d0%be%d1%80%d0%b5%d0%bd-%d0%ba%d0%bb%d0%b8%d0%bc%d0%b0%d1%82%d0%b8%d0%ba-soyal-35-kw-gwh12akcxd-12000-btu/,https://jtclima.bg/wp-content/uploads/2025/01/Soyal_600.jpg,Климатик Gree 12,инверторен климатик,Климатик Gree 12,1074.00 EUR,,инверторен климатик;Климатик Gree 12;Стенни климатици;Gree,,,,,,,,,
17247,,Gree GWH09AKCXD,https://jtclima.bg/produkti/klimatici/invertorni-klimatici/gree-invertorni-klimatici/9-gree-invertorni-klimatici/gree-%d0%b8%d0%bd%d0%b2%d0%b5%d1%80%d1%82%d0%be%d1%80%d0%b5%d0%bd-%d0%ba%d0%bb%d0%b8%d0%bc%d0%b0%d1%82%d0%b8%d0%ba-soyal-25-kw-gwh09akcxd-9000-btu/,https://jtclima.bg/wp-content/uploads/2025/01/Soyal_600.jpg,Стенни климатици,инверторен климатик,Стенни климатици,1014.00 EUR,,инверторен климатик;Стенни климатици;Gree,,,,,,,,,
17244,,Gree GWH24YE,https://jtclima.bg/produkti/klimatici/invertorni-klimatici/gree-invertorni-klimatici/24-gree-invertorni-klimatici/gree-%d0%b8%d0%bd%d0%b2%d0%b5%d1%80%d1%82%d0%be%d1%80%d0%b5%d0%bd-%d0%ba%d0%bb%d0%b8%d0%bc%d0%b0%d1%82%d0%b8%d0%ba-amber-70-kw-gwh24ye-24000-btu/,https://jtclima.bg/wp-content/uploads/2025/01/amber-600.jpg,Стенни климатици,инверторен климатик,Стенни климатици,1614.00 EUR,,инверторен климатик;Стенни климатици;Gree,,,,,,,,,
17242,,Gree GWH18YE,https://jtclima.bg/produkti/klimatici/invertorni-klimatici/gree-invertorni-klimatici/18-gree-invertorni-klimatici/gree-%d0%b8%d0%bd%d0%b2%d0%b5%d1%80%d1%82%d0%be%d1%80%d0%b5%d0%bd-%d0%ba%d0%bb%d0%b8%d0%bc%d0%b0%d1%82%d0%b8%d0%ba-amber-50-kw-gwh18ye-18000-btu/,https://jtclima.bg/wp-content/uploads/2025/01/amber-600.jpg,Стенни климатици,инверторен климатик,Стенни климатици,1284.00 EUR,,инверторен климатик;Стенни климатици;Gree,,,,,,,,,
17240,,Gree GWH12YD,https://jtclima.bg/produkti/klimatici/invertorni-klimatici/gree-invertorni-klimatici/12-gree-invertorni-klimatici/gree-%d0%b8%d0%bd%d0%b2%d0%b5%d1%80%d1%82%d0%be%d1%80%d0%b5%d0%bd-%d0%ba%d0%bb%d0%b8%d0%bc%d0%b0%d1%82%d0%b8%d0%ba-amber-35-kw-gwh12yd-12000-btu/,https://jtclima.bg/wp-content/uploads/2025/01/amber-600.jpg,Климатик Gree 12,инверторен климатик,Климатик Gree 12,1068.00 EUR,,инверторен климатик;Климатик Gree 12;Стенни климатици;Gree,,,,,,,,,
17237,,Gree GWH09YD,https://jtclima.bg/produkti/klimatici/invertorni-klimatici/gree-invertorni-klimatici/9-gree-invertorni-klimatici/gree-%d0%b8%d0%bd%d0%b2%d0%b5%d1%80%d1%82%d0%be%d1%80%d0%b5%d0%bd-%d0%ba%d0%bb%d0%b8%d0%bc%d0%b0%d1%82%d0%b8%d0%ba-amber-25-kw-gwh09yd-9000-btu/,https://jtclima.bg/wp-content/uploads/2025/01/amber-600.jpg,Стенни климатици,инверторен климатик,Стенни климатици,996.00 EUR,,инверторен климатик;Стенни климатици;Gree,,,,,,,,,
17235,,Gree GWH24AGD,https://jtclima.bg/produkti/klimatici/invertorni-klimatici/gree-invertorni-klimatici/24-gree-invertorni-klimatici/gree-%d0%b8%d0%bd%d0%b2%d0%b5%d1%80%d1%82%d0%be%d1%80%d0%b5%d0%bd-%d0%ba%d0%bb%d0%b8%d0%bc%d0%b0%d1%82%d0%b8%d0%ba-pular-70-kw-gwh24agd-24000-btu/,https://jtclima.bg/wp-content/uploads/2025/01/Pular_1200x600.jpg,Стенни климатици,инверторен климатик,Стенни климатици,1062.00 EUR,,инверторен климатик;Стенни климатици;Gree,,,,,,,,,
17233,,Gree GWH18AGD,https://jtclima.bg/produkti/klimatici/invertorni-klimatici/gree-invertorni-klimatici/18-gree-invertorni-klimatici/gree-%d0%b8%d0%bd%d0%b2%d0%b5%d1%80%d1%82%d0%be%d1%80%d0%b5%d0%bd-%d0%ba%d0%bb%d0%b8%d0%bc%d0%b0%d1%82%d0%b8%d0%ba-pular-50-kw-gwh18agd-18000-btu/,https://jtclima.bg/wp-content/uploads/2025/01/Pular_1200x600.jpg,Стенни климатици,инверторен климатик,Стенни климатици,871.00 EUR,,инверторен климатик;Стенни климатици;Gree,,,,,,,,,
17231,,Gree GWH12AGBXB,https://jtclima.bg/produkti/klimatici/invertorni-klimatici/gree-invertorni-klimatici/12-gree-invertorni-klimatici/gree-%d0%b8%d0%bd%d0%b2%d0%b5%d1%80%d1%82%d0%be%d1%80%d0%b5%d0%bd-%d0%ba%d0%bb%d0%b8%d0%bc%d0%b0%d1%82%d0%b8%d0%ba-pular-35-kw-gwh12agbxb-12000-btu/,https://jtclima.bg/wp-content/uploads/2025/01/Pular_1200x600.jpg,Климатик Gree 12,инверторен климатик,Климатик Gree 12,570.00 EUR,,инверторен климатик;Климатик Gree 12;Стенни климатици;Gree,,,,,,,,,
17228,,Gree GWH09AGBXB,https://jtclima.bg/produkti/klimatici/invertorni-klimatici/gree-invertorni-klimatici/9-gree-invertorni-klimatici/gree-%d0%b8%d0%bd%d0%b2%d0%b5%d1%80%d1%82%d0%be%d1%80%d0%b5%d0%bd-%d0%ba%d0%bb%d0%b8%d0%bc%d0%b0%d1%82%d0%b8%d0%ba-pular-25-kw-gwh09agbxb-9000-btu/,https://jtclima.bg/wp-content/uploads/2025/01/Pular_1200x600.jpg,Стенни климатици,инверторен климатик,Стенни климатици,540.00 EUR,,инверторен климатик;Стенни климатици;Gree,,,,,,,,,
17226,,Gree GWH24AUDXF,https://jtclima.bg/produkti/klimatici/invertorni-klimatici/gree-invertorni-klimatici/24-gree-invertorni-klimatici/gree-%d0%b8%d0%bd%d0%b2%d0%b5%d1%80%d1%82%d0%be%d1%80%d0%b5%d0%bd-%d0%ba%d0%bb%d0%b8%d0%bc%d0%b0%d1%82%d0%b8%d0%ba-clivia-70-kw-gwh24audxf-24000-btu/,https://jtclima.bg/wp-content/uploads/2025/01/Clivia_shadow.jpg,Стенни климатици,инверторен климатик,Стенни климатици,1225.00 EUR,,инверторен климатик;Стенни климатици;Gree,,,,,,,,,
17224,,Gree GWH18AUDXD,https://jtclima.bg/produkti/klimatici/invertorni-klimatici/gree-invertorni-klimatici/18-gree-invertorni-klimatici/gree-%d0%b8%d0%bd%d0%b2%d0%b5%d1%80%d1%82%d0%be%d1%80%d0%b5%d0%bd-%d0%ba%d0%bb%d0%b8%d0%bc%d0%b0%d1%82%d0%b8%d0%ba-clivia-50-kw-gwh18audxd-18000-btu/,https://jtclima.bg/wp-content/uploads/2025/01/Clivia_shadow.jpg,Стенни климатици,инверторен климатик,Стенни климатици,961.00 EUR,,инверторен климатик;Стенни климатици;Gree,,,,,,,,,
17222,,Gree GWH12AUCXB,https://jtclima.bg/produkti/klimatici/invertorni-klimatici/gree-invertorni-klimatici/12-gree-invertorni-klimatici/gree-%d0%b8%d0%bd%d0%b2%d0%b5%d1%80%d1%82%d0%be%d1%80%d0%b5%d0%bd-%d0%ba%d0%bb%d0%b8%d0%bc%d0%b0%d1%82%d0%b8%d0%ba-clivia-35-kw-gwh12aucxb-12000-btu/,https://jtclima.bg/wp-content/uploads/2025/01/Clivia_shadow.jpg,Климатик Gree 12,инверторен климатик,Климатик Gree 12,654.00 EUR,,инверторен климатик;Климатик Gree 12;Стенни климатици;Gree,,,,,,,,,
17219,,Gree GWH09AUCXB,https://jtclima.bg/produkti/klimatici/invertorni-klimatici/gree-invertorni-klimatici/9-gree-invertorni-klimatici/gree-%d0%b8%d0%bd%d0%b2%d0%b5%d1%80%d1%82%d0%be%d1%80%d0%b5%d0%bd-%d0%ba%d0%bb%d0%b8%d0%bc%d0%b0%d1%82%d0%b8%d0%ba-clivia-25-kw-gwh09aucxb-9000-btu/,https://jtclima.bg/wp-content/uploads/2025/01/Clivia_shadow.jpg,Стенни климатици,инверторен климатик,Стенни климатици,630.00 EUR,,инверторен климатик;Стенни климатици;Gree,,,,,,,,,
17217,,Gree GWH24AVEXF,https://jtclima.bg/produkti/klimatici/invertorni-klimatici/gree-invertorni-klimatici/24-gree-invertorni-klimatici/gree-%d0%b8%d0%bd%d0%b2%d0%b5%d1%80%d1%82%d0%be%d1%80%d0%b5%d0%bd-%d0%ba%d0%bb%d0%b8%d0%bc%d0%b0%d1%82%d0%b8%d0%ba-airy-70-kw-gwh24avexf-24000-btu/,https://jtclima.bg/wp-content/uploads/2025/01/Gree_Airy_shadow.jpg,Стенни климатици,инверторен климатик,Стенни климатици,1321.00 EUR,,инверторен климатик;Стенни климатици;Gree,,,,,,,,,
17215,,Gree GWH18AVDXE,https://jtclima.bg/produkti/klimatici/invertorni-klimatici/gree-invertorni-klimatici/18-gree-invertorni-klimatici/gree-%d0%b8%d0%bd%d0%b2%d0%b5%d1%80%d1%82%d0%be%d1%80%d0%b5%d0%bd-%d0%ba%d0%bb%d0%b8%d0%bc%d0%b0%d1%82%d0%b8%d0%ba-airy-50-kw-gwh18avdxe-18000-btu/,https://jtclima.bg/wp-content/uploads/2025/01/Gree_Airy_shadow.jpg,Стенни климатици,инверторен климатик,Стенни климатици,1074.00 EUR,,инверторен климатик;Стенни климатици;Gree,,,,,,,,,
17213,,Gree GWH12AVCXB,https://jtclima.bg/produkti/klimatici/invertorni-klimatici/gree-invertorni-klimatici/12-gree-invertorni-klimatici/gree-%d0%b8%d0%bd%d0%b2%d0%b5%d1%80%d1%82%d0%be%d1%80%d0%b5%d0%bd-%d0%ba%d0%bb%d0%b8%d0%bc%d0%b0%d1%82%d0%b8%d0%ba-airy-35-kw-gwh12avcxb-12000-btu/,https://jtclima.bg/wp-content/uploads/2025/01/Gree_Airy_shadow.jpg,Климатик Gree 12,инверторен климатик,Климатик Gree 12,768.00 EUR,,инверторен климатик;Климатик Gree 12;Стенни климатици;Gree,,,,,,,,,
17210,,Gree GWH09AVCXB,https://jtclima.bg/produkti/klimatici/invertorni-klimatici/gree-invertorni-klimatici/9-gree-invertorni-klimatici/gree-%d0%b8%d0%bd%d0%b2%d0%b5%d1%80%d1%82%d0%be%d1%80%d0%b5%d0%bd-%d0%ba%d0%bb%d0%b8%d0%bc%d0%b0%d1%82%d0%b8%d0%ba-airy-25-kw-gwh09avcxb-9000-btu/,https://jtclima.bg/wp-content/uploads/2025/01/Gree_Airy_shadow.jpg,Стенни климатици,инверторен климатик,Стенни климатици,738.00 EUR,,инверторен климатик;Стенни климатици;Gree,,,,,,,,,
17208,,Crystal CCI-18H2,https://jtclima.bg/produkti/klimatici/podovi-klimatici/crystal-podovi-klimatici/18-crystal-podovi-klimatici/crystal-%d0%bf%d0%be%d0%b4%d0%be%d0%b2-%d0%ba%d0%bb%d0%b8%d0%bc%d0%b0%d1%82%d0%b8%d0%ba-50-kw-cci-18h2-18000-btu/,https://jtclima.bg/wp-content/uploads/2025/01/konzolen-klimatik-crystal-01.jpg,Подови климатици,подов климатик,Подови климатици,1222.00 EUR,,подов климатик;Подови климатици;Crystal,,,,,,,,,
17206,,Crystal CCI-12H2,https://jtclima.bg/produkti/klimatici/podovi-klimatici/crystal-podovi-klimatici/12-crystal-podovi-klimatici/crystal-%d0%bf%d0%be%d0%b4%d0%be%d0%b2-%d0%ba%d0%bb%d0%b8%d0%bc%d0%b0%d1%82%d0%b8%d0%ba-35-kw-cci-12h2-12000-btu/,https://jtclima.bg/wp-content/uploads/2025/01/konzolen-klimatik-crystal-01.jpg,Подови климатици,подов климатик,Подови климатици,967.00 EUR,,подов климатик;Подови климатици;Crystal,,,,,,,,,
17202,,Crystal CCI-09H2,https://jtclima.bg/produkti/klimatici/podovi-klimatici/crystal-podovi-klimatici/9-crystal-podovi-klimatici/crystal-%d0%bf%d0%be%d0%b4%d0%be%d0%b2-%d0%ba%d0%bb%d0%b8%d0%bc%d0%b0%d1%82%d0%b8%d0%ba-25-kw-cci-09h2-9000-btu/,https://jtclima.bg/wp-content/uploads/2025/01/konzolen-klimatik-crystal-01.jpg,Подови климатици,подов климатик,Подови климатици,916.00 EUR,,подов климатик;Подови климатици;Crystal,,,,,,,,,
17200,,Crystal CHI-70H-UW,https://jtclima.bg/produkti/klimatici/invertorni-klimatici/crystal/24-crystal/crystal-%d0%b8%d0%bd%d0%b2%d0%b5%d1%80%d1%82%d0%be%d1%80%d0%b5%d0%bd-%d0%ba%d0%bb%d0%b8%d0%bc%d0%b0%d1%82%d0%b8%d0%ba-emerald-65-kw-chi-70h-uw-24000-btu/,https://jtclima.bg/wp-content/uploads/2025/01/klimatik-invertoren-tih-crystal-emerald3-01.jpg,Стенни климатици,инверторен климатик,Стенни климатици,946.00 EUR,879.00 EUR,инверторен климатик;Стенни климатици;Crystal,,,,,,,,,
17198,,Crystal CHI-50H-UW,https://jtclima.bg/produkti/klimatici/invertorni-klimatici/crystal/18-crystal/crystal-%d0%b8%d0%bd%d0%b2%d0%b5%d1%80%d1%82%d0%be%d1%80%d0%b5%d0%bd-%d0%ba%d0%bb%d0%b8%d0%bc%d0%b0%d1%82%d0%b8%d0%ba-emerald-50-kw-chi-50h-uw-18000-btu/,https://jtclima.bg/wp-content/uploads/2025/01/klimatik-invertoren-tih-crystal-emerald3-01.jpg,Стенни климатици,инверторен климатик,Стенни климатици,762.00 EUR,709.00 EUR,инверторен климатик;Стенни климатици;Crystal,,,,,,,,,
17196,,Crystal CHI-35H-UW,https://jtclima.bg/produkti/klimatici/invertorni-klimatici/crystal/12-crystal/crystal-%d0%b8%d0%bd%d0%b2%d0%b5%d1%80%d1%82%d0%be%d1%80%d0%b5%d0%bd-%d0%ba%d0%bb%d0%b8%d0%bc%d0%b0%d1%82%d0%b8%d0%ba-emerald-35-kw-chi-35h-uw-12000/,https://jtclima.bg/wp-content/uploads/2025/01/klimatik-invertoren-tih-crystal-emerald3-01.jpg,Стенни климатици,инверторен климатик,Стенни климатици,435.00 EUR,404.00 EUR,инверторен климатик;Стенни климатици;Crystal,,,,,,,,,
17190,,Crystal CHI-25H-UW,https://jtclima.bg/produkti/klimatici/invertorni-klimatici/crystal/9-crystal/crystal-%d0%b8%d0%bd%d0%b2%d0%b5%d1%80%d1%82%d0%be%d1%80%d0%b5%d0%bd-%d0%ba%d0%bb%d0%b8%d0%bc%d0%b0%d1%82%d0%b8%d0%ba-emerald-25-kw-chi-25h-uw-9000-btu/,https://jtclima.bg/wp-content/uploads/2025/01/klimatik-invertoren-tih-crystal-emerald3-01.jpg,Стенни климатици,инверторен климатик,Стенни климатици,404.00 EUR,372.73 EUR,инверторен климатик;Стенни климатици;Crystal,,,,,,,,,
17188,,Crystal CHI-AI12H-QE,https://jtclima.bg/produkti/klimatici/invertorni-klimatici/crystal/12-crystal/crystal-%d0%b8%d0%bd%d0%b2%d0%b5%d1%80%d1%82%d0%be%d1%80%d0%b5%d0%bd-%d0%ba%d0%bb%d0%b8%d0%bc%d0%b0%d1%82%d0%b8%d0%ba-topaz-35-kw-chi-ai12h-qe-12000-btu/,https://jtclima.bg/wp-content/uploads/2025/01/hiper-invertoren-klimatik-crystal-topaz-a-extri-1.jpg,Стенни климатици,инверторен климатик,Стенни климатици,844.00 EUR,782.00 EUR,инверторен климатик;Стенни климатици;Crystal,,,,,,,,,
17182,,Crystal CHI-AI09H-QE,https://jtclima.bg/produkti/klimatici/invertorni-klimatici/crystal/9-crystal/crystal-%d0%b8%d0%bd%d0%b2%d0%b5%d1%80%d1%82%d0%be%d1%80%d0%b5%d0%bd-%d0%ba%d0%bb%d0%b8%d0%bc%d0%b0%d1%82%d0%b8%d0%ba-topaz-25-kw-chi-ai09h-qe-9000-btu/,https://jtclima.bg/wp-content/uploads/2025/01/hiper-invertoren-klimatik-crystal-topaz-a-extri.jpg,Стенни климатици,инверторен климатик,Стенни климатици,793.00 EUR,738.00 EUR,инверторен климатик;Стенни климатици;Crystal,,,,,,,,,
17180,,Crystal CHI-24H-KA,https://jtclima.bg/produkti/klimatici/invertorni-klimatici/crystal/24-crystal/crystal-%d0%b8%d0%bd%d0%b2%d0%b5%d1%80%d1%82%d0%be%d1%80%d0%b5%d0%bd-%d0%ba%d0%bb%d0%b8%d0%bc%d0%b0%d1%82%d0%b8%d0%ba-quartz-65-kw-chi-24h-ka-24000/,https://jtclima.bg/wp-content/uploads/2025/01/visokostenen-invertoren-klimatik-crystal-quarz-01.jpg,Стенни климатици,инверторен климатик,Стенни климатици,1171.00 EUR,1089.00 EUR,инверторен климатик;Стенни климатици;Crystal,,,,,,,,,
17178,,Crystal CHI-18H-KA,https://jtclima.bg/produkti/klimatici/invertorni-klimatici/crystal/18-crystal/crystal-%d0%b8%d0%bd%d0%b2%d0%b5%d1%80%d1%82%d0%be%d1%80%d0%b5%d0%bd-%d0%ba%d0%bb%d0%b8%d0%bc%d0%b0%d1%82%d0%b8%d0%ba-quartz-50-kw-chi-18h-ka-18000-btu/,https://jtclima.bg/wp-content/uploads/2025/01/visokostenen-invertoren-klimatik-crystal-quarz-01.jpg,Стенни климатици,инверторен климатик,Стенни климатици,967.00 EUR,905.00 EUR,инверторен климатик;Стенни климатици;Crystal,,,,,,,,,
17176,,Crystal CHI-12H-KA,https://jtclima.bg/produkti/klimatici/invertorni-klimatici/crystal/12-crystal/crystal-%d0%b8%d0%bd%d0%b2%d0%b5%d1%80%d1%82%d0%be%d1%80%d0%b5%d0%bd-%d0%ba%d0%bb%d0%b8%d0%bc%d0%b0%d1%82%d0%b8%d0%ba-quartz-35-kw-chi-12h-ka-12000-btu/,https://jtclima.bg/wp-content/uploads/2025/01/visokostenen-invertoren-klimatik-crystal-quarz-01.jpg,Стенни климатици,инверторен климатик,Стенни климатици,660.00 EUR,614.00 EUR,инверторен климатик;Стенни климатици;Crystal,,,,,,,,,
17171,,Crystal CHI-09H-KA,https://jtclima.bg/produkti/klimatici/invertorni-klimatici/crystal/9-crystal/crystal-%d0%b8%d0%bd%d0%b2%d0%b5%d1%80%d1%82%d0%be%d1%80%d0%b5%d0%bd-%d0%ba%d0%bb%d0%b8%d0%bc%d0%b0%d1%82%d0%b8%d0%ba-quartz-25-kw-chi-09h-ka-9000-btu/,https://jtclima.bg/wp-content/uploads/2025/01/visokostenen-invertoren-klimatik-crystal-quarz-01.jpg,Стенни климатици,инверторен климатик,Стенни климатици,609.00 EUR,562.00 EUR,инверторен климатик;Стенни климатици;Crystal,,,,,,,,,
17169,,Alpin ASW-50YTZ,https://jtclima.bg/produkti/klimatici/podovi-klimatici/%d0%b0lpin/18-%d0%b0lpin/alpin-%d0%bf%d0%be%d0%b4%d0%be%d0%b2-%d0%ba%d0%bb%d0%b8%d0%bc%d0%b0%d1%82%d0%b8%d0%ba-yuka-50-kw-asw-50ytz-18000-btu/,https://jtclima.bg/wp-content/uploads/2025/01/alpin-yuka-podov.003.jpeg,Подови климатици,подов климатик,Подови климатици,1080.00 EUR,,подов климатик;Подови климатици;Alpin,,,,,,,,,
17166,,Alpin ASW-35YTZ,https://jtclima.bg/produkti/klimatici/podovi-klimatici/%d0%b0lpin/12-%d0%b0lpin/alpin-%d0%bf%d0%be%d0%b4%d0%be%d0%b2-%d0%ba%d0%bb%d0%b8%d0%bc%d0%b0%d1%82%d0%b8%d0%ba-yuka-35-kw-asw-35ytz-12000-btu/,https://jtclima.bg/wp-content/uploads/2025/01/alpin-yuka-podov.003.jpeg,Подови климатици,подов климатик,Подови климатици,860.00 EUR,,подов климатик;Подови климатици;Alpin,,,,,,,,,
17161,,Alpin ASW-25YTZ,https://jtclima.bg/produkti/klimatici/podovi-klimatici/%d0%b0lpin/9-%d0%b0lpin/alpin-%d0%bf%d0%be%d0%b4%d0%be%d0%b2-%d0%ba%d0%bb%d0%b8%d0%bc%d0%b0%d1%82%d0%b8%d0%ba-yuka-25-kw-asw-25ytz-9000-btu/,https://jtclima.bg/wp-content/uploads/2025/01/alpin-yuka-podov.003.jpeg,Подови климатици,подов климатик,Подови климатици,800.00 EUR,,подов климатик;Подови климатици;Alpin,,,,,,,,,
17159,,Alpin ASW-70KTN,https://jtclima.bg/produkti/klimatici/invertorni-klimatici/alpin/24/alpin-%d0%b8%d0%bd%d0%b2%d0%b5%d1%80%d1%82%d0%be%d1%80%d0%b5%d0%bd-%d0%ba%d0%bb%d0%b8%d0%bc%d0%b0%d1%82%d0%b8%d0%ba-nordic-65-kw-asw-70ktn-24000-btu/,https://jtclima.bg/wp-content/uploads/2025/01/invertoren-klimatik-alpin-nordic-asw-50ktn-copy-65d2208646c8f_1280x1280-1.jpeg,Стенни климатици,инверторен климатик,Стенни климатици,1186.00 EUR,,инверторен климатик;Стенни климатици;Alpin,,,,,,,,,
17157,,Alpin ASW-50KTN,https://jtclima.bg/produkti/klimatici/invertorni-klimatici/alpin/18/alpin-%d0%b8%d0%bd%d0%b2%d0%b5%d1%80%d1%82%d0%be%d1%80%d0%b5%d0%bd-%d0%ba%d0%bb%d0%b8%d0%bc%d0%b0%d1%82%d0%b8%d0%ba-nordic-50-kw-asw-50ktn-18000-btu/,https://jtclima.bg/wp-content/uploads/2025/01/invertoren-klimatik-alpin-nordic-asw-50ktn-copy-65d2208646c8f_1280x1280-1.jpeg,Стенни климатици,инверторен климатик,Стенни климатици,955.00 EUR,,инверторен климатик;Стенни климатици;Alpin,,,,,,,,,
17155,,Alpin ASW-35KTN,https://jtclima.bg/produkti/klimatici/invertorni-klimatici/alpin/12/alpin-%d0%b8%d0%bd%d0%b2%d0%b5%d1%80%d1%82%d0%be%d1%80%d0%b5%d0%bd-%d0%ba%d0%bb%d0%b8%d0%bc%d0%b0%d1%82%d0%b8%d0%ba-nordic-35-kw-asw-35ktn-12000-btu/,https://jtclima.bg/wp-content/uploads/2025/01/invertoren-klimatik-alpin-nordic-asw-50ktn-copy-65d2208646c8f_1280x1280-1.jpeg,Стенни климатици,инверторен климатик,Стенни климатици,615.00 EUR,,инверторен климатик;Стенни климатици;Alpin,,,,,,,,,
17149,,Alpin ASW-25KTN,https://jtclima.bg/produkti/klimatici/invertorni-klimatici/alpin/9/alpin-%d0%b8%d0%bd%d0%b2%d0%b5%d1%80%d1%82%d0%be%d1%80%d0%b5%d0%bd-%d0%ba%d0%bb%d0%b8%d0%bc%d0%b0%d1%82%d0%b8%d0%ba-nordic-25-kw-asw-25ktn-9000-btu/,https://jtclima.bg/wp-content/uploads/2025/01/invertoren-klimatik-alpin-nordic-asw-50ktn-copy-65d2208646c8f_1280x1280.jpeg,Стенни климатици,инверторен климатик,Стенни климатици,590.00 EUR,,инверторен климатик;Стенни климатици;Alpin,,,,,,,,,
17147,,Alpin ASW-35PPT,https://jtclima.bg/produkti/klimatici/invertorni-klimatici/alpin/12/alpin-%d0%b8%d0%bd%d0%b2%d0%b5%d1%80%d1%82%d0%be%d1%80%d0%b5%d0%bd-%d0%ba%d0%bb%d0%b8%d0%bc%d0%b0%d1%82%d0%b8%d0%ba-pro-35-kw-asw-35ppt-12000-btu/,https://jtclima.bg/wp-content/uploads/2025/01/invertoren-klimatik-alpin-pro-asw-25ptt-648ef3d427f7c_1280x1280.jpeg,Стенни климатици,инверторен климатик,Стенни климатици,510.00 EUR,,инверторен климатик;Стенни климатици;Alpin,,,,,,,,,
17137,,Alpin ASW-25PPT,https://jtclima.bg/produkti/klimatici/invertorni-klimatici/alpin/9/alpin-%d0%b8%d0%bd%d0%b2%d0%b5%d1%80%d1%82%d0%be%d1%80%d0%b5%d0%bd-%d0%ba%d0%bb%d0%b8%d0%bc%d0%b0%d1%82%d0%b8%d0%ba-pro-25-kw-asw-25ppt-9000-btu/,https://jtclima.bg/wp-content/uploads/2025/01/invertoren-klimatik-alpin-pro-asw-25ptt-648ef3d427f7c_1280x1280.jpeg,Стенни климатици,инверторен климатик,Стенни климатици,485.00 EUR,,инверторен климатик;Стенни климатици;Alpin,,,,,,,,,
17135,,Alpin ASW-70ETE,https://jtclima.bg/produkti/klimatici/invertorni-klimatici/alpin/24/alpin-%d0%b8%d0%bd%d0%b2%d0%b5%d1%80%d1%82%d0%be%d1%80%d0%b5%d0%bd-%d0%ba%d0%bb%d0%b8%d0%bc%d0%b0%d1%82%d0%b8%d0%ba-elite-65-kw-asw-70ete-24000-btu/,https://jtclima.bg/wp-content/uploads/2025/01/invertoren-klimatik-alpin-elite-asw-70ete-6490aa891a2df_1280x1280.jpeg,Стенни климатици,инверторен климатик,Стенни климатици,1077.00 EUR,,инверторен климатик;Стенни климатици;Alpin,,,,,,,,,
17133,,Alpin ASW-50ETE,https://jtclima.bg/produkti/klimatici/invertorni-klimatici/alpin/18/alpin-%d0%b8%d0%bd%d0%b2%d0%b5%d1%80%d1%82%d0%be%d1%80%d0%b5%d0%bd-%d0%ba%d0%bb%d0%b8%d0%bc%d0%b0%d1%82%d0%b8%d0%ba-elite-50-kw-asw-50ete-18000-btu/,https://jtclima.bg/wp-content/uploads/2025/01/invertoren-klimatik-alpin-elite-asw-70ete-6490aa891a2df_1280x1280.jpeg,Стенни климатици,инверторен климатик,Стенни климатици,813.00 EUR,,инверторен климатик;Стенни климатици;Alpin,,,,,,,,,
17131,,Alpin ASW-35ETE,https://jtclima.bg/produkti/klimatici/invertorni-klimatici/alpin/12/alpin-%d0%b8%d0%bd%d0%b2%d0%b5%d1%80%d1%82%d0%be%d1%80%d0%b5%d0%bd-%d0%ba%d0%bb%d0%b8%d0%bc%d0%b0%d1%82%d0%b8%d0%ba-elite-35-kw-asw-35ete-12000-btu/,https://jtclima.bg/wp-content/uploads/2025/01/invertoren-klimatik-alpin-elite-asw-70ete-6490aa891a2df_1280x1280.jpeg,Стенни климатици,инверторен климатик,Стенни климатици,460.00 EUR,,инверторен климатик;Стенни климатици;Alpin,,,,,,,,,
17121,,Carrier 42QHG24D8SUP,https://jtclima.bg/produkti/klimatici/invertorni-klimatici/carrier/24-carrier/carrier-%d0%b8%d0%bd%d0%b2%d0%b5%d1%80%d1%82%d0%be%d1%80%d0%b5%d0%bd-%d0%ba%d0%bb%d0%b8%d0%bc%d0%b0%d1%82%d0%b8%d0%ba-superia-65-kw-42qhg24d8sup-24000-btu/,https://jtclima.bg/wp-content/uploads/2025/01/superia2.png,Стенни климатици,инверторен климатик,Стенни климатици,1304.00 EUR,1054.00 EUR,инверторен климатик;Стенни климатици;Carrier,,,,,,,,,
17119,,Carrier 42QHG18D8SUP,https://jtclima.bg/produkti/klimatici/invertorni-klimatici/carrier/18-carrier/carrier-%d0%b8%d0%bd%d0%b2%d0%b5%d1%80%d1%82%d0%be%d1%80%d0%b5%d0%bd-%d0%ba%d0%bb%d0%b8%d0%bc%d0%b0%d1%82%d0%b8%d0%ba-superia-50-kw-42qhg18d8sup-18000-btu/,https://jtclima.bg/wp-content/uploads/2025/01/superia2.png,Стенни климатици,инверторен климатик,Стенни климатици,1074.00 EUR,858.00 EUR,инверторен климатик;Стенни климатици;Carrier,,,,,,,,,
17117,,Carrier 42QHG12D8SUP,https://jtclima.bg/produkti/klimatici/invertorni-klimatici/carrier/12-carrier/carrier-%d0%b8%d0%bd%d0%b2%d0%b5%d1%80%d1%82%d0%be%d1%80%d0%b5%d0%bd-%d0%ba%d0%bb%d0%b8%d0%bc%d0%b0%d1%82%d0%b8%d0%ba-superia-35-kw-42qhg12d8sup-12000-btu/,https://jtclima.bg/wp-content/uploads/2025/01/superia2.png,Стенни климатици,инверторен климатик,Стенни климатици,695.00 EUR,554.00 EUR,инверторен климатик;Стенни климатици;Carrier,,,,,,,,,
17112,,Carrier 42QHP12E8S-1,https://jtclima.bg/produkti/klimatici/invertorni-klimatici/carrier/12-carrier/carrier-%d0%b8%d0%bd%d0%b2%d0%b5%d1%80%d1%82%d0%be%d1%80%d0%b5%d0%bd-%d0%ba%d0%bb%d0%b8%d0%bc%d0%b0%d1%82%d0%b8%d0%ba-platinum-plus-35-kw-42qhp12e8s-1-12000-btu/,https://jtclima.bg/wp-content/uploads/2025/01/PlatinumPlus-c.png,Стенни климатици,инверторен климатик,Стенни климатици,1488.00 EUR,,инверторен климатик;Стенни климатици;Carrier,,,,,,,,,
17109,,Carrier 42QHP09E8S-1,https://jtclima.bg/produkti/klimatici/invertorni-klimatici/carrier/9-carrier/carrier-%d0%b8%d0%bd%d0%b2%d0%b5%d1%80%d1%82%d0%be%d1%80%d0%b5%d0%bd-%d0%ba%d0%bb%d0%b8%d0%bc%d0%b0%d1%82%d0%b8%d0%ba-platinum-plus-25-kw-42qhp09e8s-1-9000-btu/,https://jtclima.bg/wp-content/uploads/2025/01/PlatinumPlus-c.png,Стенни климатици,инверторен климатик,Стенни климатици,1356.00 EUR,,инверторен климатик;Стенни климатици;Carrier,,,,,,,,,
17105,,Carrier 38QHG024D8SE,https://jtclima.bg/produkti/klimatici/invertorni-klimatici/carrier/24-carrier/carrier-%d0%b8%d0%bd%d0%b2%d0%b5%d1%80%d1%82%d0%be%d1%80%d0%b5%d0%bd-%d0%ba%d0%bb%d0%b8%d0%bc%d0%b0%d1%82%d0%b8%d0%ba-extreme2-65-kw-38qhg024d8se-24000-btu/,https://jtclima.bg/wp-content/uploads/2025/01/Extreme2-c.png,Стенни климатици,инверторен климатик,Стенни климатици,1410.00 EUR,,инверторен климатик;Стенни климатици;Carrier,,,,,,,,,
17103,,Carrier 38QHG018D8SE,https://jtclima.bg/produkti/klimatici/invertorni-klimatici/carrier/18-carrier/carrier-%d0%b8%d0%bd%d0%b2%d0%b5%d1%80%d1%82%d0%be%d1%80%d0%b5%d0%bd-%d0%ba%d0%bb%d0%b8%d0%bc%d0%b0%d1%82%d0%b8%d0%ba-extreme2-50-kw-38qhg018d8se-18000-btu/,https://jtclima.bg/wp-content/uploads/2025/01/Extreme2-c.png,Стенни климатици,инверторен климатик,Стенни климатици,1195.00 EUR,,инверторен климатик;Стенни климатици;Carrier,,,,,,,,,
17097,,Carrier 38QHG009D8SE,https://jtclima.bg/produkti/klimatici/invertorni-klimatici/carrier/9-carrier/carrier-%d0%b8%d0%bd%d0%b2%d0%b5%d1%80%d1%82%d0%be%d1%80%d0%b5%d0%bd-%d0%ba%d0%bb%d0%b8%d0%bc%d0%b0%d1%82%d0%b8%d0%ba-extreme2-25-kw-38qhg009d8se-9000-btu/,https://jtclima.bg/wp-content/uploads/2025/01/Extreme2-c.png,Стенни климатици,инверторен климатик,Стенни климатици,802.00 EUR,,инверторен климатик;Стенни климатици;Carrier,,,,,,,,,
17094,,Carrier 42QHE24D8SH,https://jtclima.bg/produkti/klimatici/invertorni-klimatici/carrier/24-carrier/carrier-%d0%b8%d0%bd%d0%b2%d0%b5%d1%80%d1%82%d0%be%d1%80%d0%b5%d0%bd-%d0%ba%d0%bb%d0%b8%d0%bc%d0%b0%d1%82%d0%b8%d0%ba-cooleasy-65-kw-42qhe24d8sh-24000-btu/,https://jtclima.bg/wp-content/uploads/2025/01/CoolEasy-c.png,Стенни климатици,инверторен климатик,Стенни климатици,1799.00 EUR,,инверторен климатик;Стенни климатици;Carrier,,,,,,,,,
17091,,Carrier 42QHE18D8SH,https://jtclima.bg/produkti/klimatici/invertorni-klimatici/carrier/18-carrier/carrier-%d0%b8%d0%bd%d0%b2%d0%b5%d1%80%d1%82%d0%be%d1%80%d0%b5%d0%bd-%d0%ba%d0%bb%d0%b8%d0%bc%d0%b0%d1%82%d0%b8%d0%ba-cooleasy-50-kw-42qhe18d8sh-18000/,https://jtclima.bg/wp-content/uploads/2025/01/CoolEasy-c.png,Стенни климатици,инверторен климатик,Стенни климатици,1415.00 EUR,,инверторен климатик;Стенни климатици;Carrier,,,,,,,,,
17088,,Carrier 42QHE12D8SH,https://jtclima.bg/produkti/klimatici/invertorni-klimatici/carrier/12-carrier/carrier-%d0%b8%d0%bd%d0%b2%d0%b5%d1%80%d1%82%d0%be%d1%80%d0%b5%d0%bd-%d0%ba%d0%bb%d0%b8%d0%bc%d0%b0%d1%82%d0%b8%d0%ba-cooleasy-35-kw-42qhe12d8sh-12000-btu/,https://jtclima.bg/wp-content/uploads/2025/01/CoolEasy-c.png,Стенни климатици,инверторен климатик,Стенни климатици,1039.00 EUR,,инверторен климатик;Стенни климатици;Carrier,,,,,,,,,
17085,,Carrier 42QHE09D8SH,https://jtclima.bg/produkti/klimatici/invertorni-klimatici/carrier/9-carrier/carrier-%d0%b8%d0%bd%d0%b2%d0%b5%d1%80%d1%82%d0%be%d1%80%d0%b5%d0%bd-%d0%ba%d0%bb%d0%b8%d0%bc%d0%b0%d1%82%d0%b8%d0%ba-cooleasy-25-kw-42qhe09d8sh-9000-btu/,https://jtclima.bg/wp-content/uploads/2025/01/CoolEasy-c.png,Стенни климатици,инверторен климатик,Стенни климатици,949.00 EUR,,инверторен климатик;Стенни климатици;Carrier,,,,,,,,,
17082,,LG HN1636HC.NK0,https://jtclima.bg/produkti/termopompi/%d0%bc%d0%be%d0%bd%d0%be%d0%b1%d0%bb%d0%be%d0%ba/lg-%d0%bc%d0%be%d0%bd%d0%be%d0%b1%d0%bb%d0%be%d0%ba/lg-therma-v-%d1%82%d0%b5%d1%80%d0%bc%d0%be%d0%bf%d0%be%d0%bc%d0%bf%d0%b0-%d0%bc%d0%be%d0%bd%d0%be%d0%b1%d0%bb%d0%be%d0%ba-%d1%85%d0%b8%d0%b4%d1%80%d0%be-%d0%b1%d0%be%d0%ba%d1%81-hm163hf-ub60-hn1636/,https://jtclima.bg/wp-content/uploads/2025/09/image-1-scaled.png,Термопомпи,термопомпа,Термопомпи,9999.00 EUR,8399.00 EUR,термопомпа моноблок-хидро бокс /;Термопомпи;Термопомпа моноблок;LG;Термопомпи LG,,,,,,,,,
17080,,LG HN1616HC.NK0,https://jtclima.bg/produkti/termopompi/%d0%bc%d0%be%d0%bd%d0%be%d0%b1%d0%bb%d0%be%d0%ba/lg-%d0%bc%d0%be%d0%bd%d0%be%d0%b1%d0%bb%d0%be%d0%ba/lg-therma-v-%d1%82%d0%b5%d1%80%d0%bc%d0%be%d0%bf%d0%be%d0%bc%d0%bf%d0%b0-%d0%bc%d0%be%d0%bd%d0%be%d0%b1%d0%bb%d0%be%d0%ba-%d1%85%d0%b8%d0%b4%d1%80%d0%be-%d0%b1%d0%be%d0%ba%d1%81-hm161hf-ub60-hn161/,https://jtclima.bg/wp-content/uploads/2025/09/image-1-scaled.png,Термопомпи,термопомпа,Термопомпи,10069.00 EUR,8449.00 EUR,термопомпа моноблок-хидро бокс /;Термопомпи;Термопомпа моноблок;LG;Термопомпи LG,,,,,,,,,
17078,,LG HN1639HC.NK0,https://jtclima.bg/produkti/termopompi/%d0%bc%d0%be%d0%bd%d0%be%d0%b1%d0%bb%d0%be%d0%ba/lg-%d0%bc%d0%be%d0%bd%d0%be%d0%b1%d0%bb%d0%be%d0%ba/lg-therma-v-%d1%82%d0%b5%d1%80%d0%bc%d0%be%d0%bf%d0%be%d0%bc%d0%bf%d0%b0-%d0%bc%d0%be%d0%bd%d0%be%d0%b1%d0%bb%d0%be%d0%ba-%d1%85%d0%b8%d0%b4%d1%80%d0%be-%d0%b1%d0%be%d0%ba%d1%81-hm143hf-ub60-hn1639/,https://jtclima.bg/wp-content/uploads/2025/09/image-1-scaled.png,Термопомпи,термопомпа,Термопомпи,9779.00 EUR,8199.00 EUR,термопомпа моноблок-хидро бокс /;Термопомпи;Термопомпа моноблок;LG;Термопомпи LG,,,,,,,,,
17065,,LG PHC0,https://jtclima.bg/produkti/termopompi/%d0%bc%d0%be%d0%bd%d0%be%d0%b1%d0%bb%d0%be%d0%ba/lg-%d0%bc%d0%be%d0%bd%d0%be%d0%b1%d0%bb%d0%be%d0%ba/lg-therma-v-%d1%82%d0%b5%d1%80%d0%bc%d0%be%d0%bf%d0%be%d0%bc%d0%bf%d0%b0-%d0%bc%d0%be%d0%bd%d0%be%d0%b1%d0%bb%d0%be%d0%ba-%d0%ba%d0%be%d0%bd%d1%82%d1%80%d0%be%d0%bb-%d0%b1%d0%be%d0%ba%d1%81-hm163hf/,https://jtclima.bg/wp-content/uploads/2025/01/image-2-scaled.png,Термопомпи,термопомпа,Термопомпи,9489.00 EUR,7969.00 EUR,термопомпа моноблок-контрол бокс /;Термопомпи;Термопомпа моноблок;LG;Термопомпи LG,,,,,,,,,
17074,,LG HN1616HC.NK0,https://jtclima.bg/produkti/termopompi/%d0%bc%d0%be%d0%bd%d0%be%d0%b1%d0%bb%d0%be%d0%ba/lg-%d0%bc%d0%be%d0%bd%d0%be%d0%b1%d0%bb%d0%be%d0%ba/lg-therma-v-%d1%82%d0%b5%d1%80%d0%bc%d0%be%d0%bf%d0%be%d0%bc%d0%bf%d0%b0-%d0%bc%d0%be%d0%bd%d0%be%d0%b1%d0%bb%d0%be%d0%ba-%d1%85%d0%b8%d0%b4%d1%80%d0%be-%d0%b1%d0%be%d0%ba%d1%81-hm141hf-ub60-hn1616/,https://jtclima.bg/wp-content/uploads/2025/09/image-1-scaled.png,Термопомпи,термопомпа,Термопомпи,9409.00 EUR,7899.00 EUR,термопомпа моноблок-хидро бокс /;Термопомпи;Термопомпа моноблок;LG;Термопомпи LG,,,,,,,,,
17073,,LG HN1639HC.NK0,https://jtclima.bg/produkti/termopompi/%d0%bc%d0%be%d0%bd%d0%be%d0%b1%d0%bb%d0%be%d0%ba/lg-%d0%bc%d0%be%d0%bd%d0%be%d0%b1%d0%bb%d0%be%d0%ba/lg-therma-v-%d1%82%d0%b5%d1%80%d0%bc%d0%be%d0%bf%d0%be%d0%bc%d0%bf%d0%b0-%d0%bc%d0%be%d0%bd%d0%be%d0%b1%d0%bb%d0%be%d0%ba-%d1%85%d0%b8%d0%b4%d1%80%d0%be-%d0%b1%d0%be%d0%ba%d1%81-hm123hf-ub60-hn1639/,https://jtclima.bg/wp-content/uploads/2025/09/image-1-scaled.png,Термопомпи,термопомпа,Термопомпи,9599.00 EUR,8059.00 EUR,термопомпа моноблок-хидро бокс /;Термопомпи;Термопомпа моноблок;LG;Термопомпи LG,,,,,,,,,
17070,,LG HN1616HC.NK0,https://jtclima.bg/produkti/termopompi/%d0%bc%d0%be%d0%bd%d0%be%d0%b1%d0%bb%d0%be%d0%ba/lg-%d0%bc%d0%be%d0%bd%d0%be%d0%b1%d0%bb%d0%be%d0%ba/lg-therma-v-%d1%82%d0%b5%d1%80%d0%bc%d0%be%d0%bf%d0%be%d0%bc%d0%bf%d0%b0-%d0%bc%d0%be%d0%bd%d0%be%d0%b1%d0%bb%d0%be%d0%ba-%d1%85%d0%b8%d0%b4%d1%80%d0%be-%d0%b1%d0%be%d0%ba%d1%81-hm121hf-ub60-hn1616/,https://jtclima.bg/wp-content/uploads/2025/09/image-1-scaled.png,Термопомпи,термопомпа,Термопомпи,9199.00 EUR,7729.00 EUR,термопомпа моноблок-хидро бокс /;Термопомпи;Термопомпа моноблок;LG;Термопомпи LG,,,,,,,,,
17062,,LG PHC0,https://jtclima.bg/produkti/termopompi/%d0%bc%d0%be%d0%bd%d0%be%d0%b1%d0%bb%d0%be%d0%ba/lg-%d0%bc%d0%be%d0%bd%d0%be%d0%b1%d0%bb%d0%be%d0%ba/lg-therma-v-%d1%82%d0%b5%d1%80%d0%bc%d0%be%d0%bf%d0%be%d0%bc%d0%bf%d0%b0-%d0%bc%d0%be%d0%bd%d0%be%d0%b1%d0%bb%d0%be%d0%ba-%d0%ba%d0%be%d0%bd%d1%82%d1%80%d0%be%d0%bb-%d0%b1%d0%be%d0%ba%d1%81-hm161hf/,https://jtclima.bg/wp-content/uploads/2025/01/image-2-scaled.png,Термопомпи,термопомпа,Термопомпи,9629.00 EUR,8089.00 EUR,термопомпа моноблок-контрол бокс /;Термопомпи;Термопомпа моноблок;LG;Термопомпи LG,,,,,,,,,
17061,,LG PHC0,https://jtclima.bg/produkti/termopompi/%d0%bc%d0%be%d0%bd%d0%be%d0%b1%d0%bb%d0%be%d0%ba/lg-%d0%bc%d0%be%d0%bd%d0%be%d0%b1%d0%bb%d0%be%d0%ba/lg-therma-v-%d1%82%d0%b5%d1%80%d0%bc%d0%be%d0%bf%d0%be%d0%bc%d0%bf%d0%b0-%d0%bc%d0%be%d0%bd%d0%be%d0%b1%d0%bb%d0%be%d0%ba-%d0%ba%d0%be%d0%bd%d1%82%d1%80%d0%be%d0%bb-%d0%b1%d0%be%d0%ba%d1%81-hm143hf/,https://jtclima.bg/wp-content/uploads/2025/01/image-2-scaled.png,Термопомпи,термопомпа,Термопомпи,9269.00 EUR,7779.00 EUR,термопомпа моноблок-контрол бокс /;Термопомпи;Термопомпа моноблок;LG;Термопомпи LG,,,,,,,,,
17058,,LG PHC0,https://jtclima.bg/produkti/termopompi/%d0%bc%d0%be%d0%bd%d0%be%d0%b1%d0%bb%d0%be%d0%ba/lg-%d0%bc%d0%be%d0%bd%d0%be%d0%b1%d0%bb%d0%be%d0%ba/lg-therma-v-%d1%82%d0%b5%d1%80%d0%bc%d0%be%d0%bf%d0%be%d0%bc%d0%bf%d0%b0-%d0%bc%d0%be%d0%bd%d0%be%d0%b1%d0%bb%d0%be%d0%ba-%d0%ba%d0%be%d0%bd%d1%82%d1%80%d0%be%d0%bb-%d0%b1%d0%be%d0%ba%d1%81-hm141hf-u/,https://jtclima.bg/wp-content/uploads/2025/01/image-2-scaled.png,Термопомпи,термопомпа,Термопомпи,8969.00 EUR,7529.00 EUR,термопомпа моноблок-контрол бокс /;Термопомпи;Термопомпа моноблок;LG;Термопомпи LG,,,,,,,,,
17057,,LG PHC0,https://jtclima.bg/produkti/termopompi/%d0%bc%d0%be%d0%bd%d0%be%d0%b1%d0%bb%d0%be%d0%ba/lg-%d0%bc%d0%be%d0%bd%d0%be%d0%b1%d0%bb%d0%be%d0%ba/lg-therma-v-%d1%82%d0%b5%d1%80%d0%bc%d0%be%d0%bf%d0%be%d0%bc%d0%bf%d0%b0-%d0%bc%d0%be%d0%bd%d0%be%d0%b1%d0%bb%d0%be%d0%ba-%d0%ba%d0%be%d0%bd%d1%82%d1%80%d0%be%d0%bb-%d0%b1%d0%be%d0%ba%d1%81-hm123hf/,https://jtclima.bg/wp-content/uploads/2025/01/image-2-scaled.png,Термопомпи,термопомпа,Термопомпи,9099.00 EUR,7729.00 EUR,термопомпа моноблок-контрол бокс /;Термопомпи;Термопомпа моноблок;LG;Термопомпи LG,,,,,,,,,
17055,,LG PHC0,https://jtclima.bg/produkti/termopompi/%d0%bc%d0%be%d0%bd%d0%be%d0%b1%d0%bb%d0%be%d0%ba/lg-%d0%bc%d0%be%d0%bd%d0%be%d0%b1%d0%bb%d0%be%d0%ba/lg-therma-v-%d1%82%d0%b5%d1%80%d0%bc%d0%be%d0%bf%d0%be%d0%bc%d0%bf%d0%b0-%d0%bc%d0%be%d0%bd%d0%be%d0%b1%d0%bb%d0%be%d0%ba-%d0%ba%d0%be%d0%bd%d1%82%d1%80%d0%be%d0%bb-%d0%b1%d0%be%d0%ba%d1%81-hm121hf/,https://jtclima.bg/wp-content/uploads/2025/01/image-2-scaled.png,Термопомпи,термопомпа,Термопомпи,8799.00 EUR,7479.00 EUR,термопомпа моноблок-контрол бокс /;Термопомпи;Термопомпа моноблок;LG;Термопомпи LG,,,,,,,,,
17015,,Gree 400V,https://jtclima.bg/produkti/termopompi/%d1%82%d0%b5%d1%80%d0%bc%d0%be%d0%bf%d0%be%d0%bc%d0%bf%d0%b8-%d1%81-%d0%b2%d0%b3%d1%80%d0%b0%d0%b4%d0%b5%d0%bd-%d0%b1%d0%be%d0%b9%d0%bb%d0%b5%d1%80/gree-%d1%82%d0%b5%d1%80%d0%bc%d0%be%d0%bf%d0%be%d0%bc%d0%bf%d0%b8-%d1%81-%d0%b2%d0%b3%d1%80%d0%b0%d0%b4%d0%b5%d0%bd-%d0%b1%d0%be%d0%b9%d0%bb%d0%b5%d1%80/gree-%d0%b8%d0%bd%d0%b2%d0%b5%d1%80%d1%82%d0%be%d1%80%d0%bd%d0%b0-%d1%82%d0%b5%d1%80%d0%bc%d0%be%d0%bf%d0%be%d0%bc%d0%bf%d0%b0-%d1%81-%d0%b2%d0%b3%d1%80%d0%b0%d0%b4%d0%b5%d0%bd-%d0%b1%d0%be%d0%b9-3/,https://jtclima.bg/wp-content/uploads/2024/12/termopompa-s-vodosydyrjatel-gree-versati-iii-grs-cq10-pd-g-nh-h-e.png,Термопомпи,инверторна термопомпа с,Термопомпи,8592.00 EUR,7904.00 EUR,инверторна термопомпа с вграден бойлер;Термопомпи;Gree;Термопомпи с вграден бойлер;Термопомпи Gree,,,,,,,,,
17013,,Gree GRS-CQ16PdG/NhH2-E,https://jtclima.bg/produkti/termopompi/%d1%82%d0%b5%d1%80%d0%bc%d0%be%d0%bf%d0%be%d0%bc%d0%bf%d0%b8-%d1%81-%d0%b2%d0%b3%d1%80%d0%b0%d0%b4%d0%b5%d0%bd-%d0%b1%d0%be%d0%b9%d0%bb%d0%b5%d1%80/gree-%d1%82%d0%b5%d1%80%d0%bc%d0%be%d0%bf%d0%be%d0%bc%d0%bf%d0%b8-%d1%81-%d0%b2%d0%b3%d1%80%d0%b0%d0%b4%d0%b5%d0%bd-%d0%b1%d0%be%d0%b9%d0%bb%d0%b5%d1%80/gree-%d0%b8%d0%bd%d0%b2%d0%b5%d1%80%d1%82%d0%be%d1%80%d0%bd%d0%b0-%d1%82%d0%b5%d1%80%d0%bc%d0%be%d0%bf%d0%be%d0%bc%d0%bf%d0%b0-%d1%81-%d0%b2%d0%b3%d1%80%d0%b0%d0%b4%d0%b5%d0%bd-%d0%b1%d0%be%d0%b9-2/,https://jtclima.bg/wp-content/uploads/2024/12/termopompa-s-vodosydyrjatel-gree-versati-iii-grs-cq10-pd-g-nh-h-e.png,Термопомпи,инверторна термопомпа с,Термопомпи,8382.00 EUR,7711.00 EUR,инверторна термопомпа с вграден бойлер;Термопомпи;Gree;Термопомпи с вграден бойлер;Термопомпи Gree,,,,,,,,,
17010,,Gree GRS-CQ10PdG/NhH-E,https://jtclima.bg/produkti/termopompi/%d1%82%d0%b5%d1%80%d0%bc%d0%be%d0%bf%d0%be%d0%bc%d0%bf%d0%b8-%d1%81-%d0%b2%d0%b3%d1%80%d0%b0%d0%b4%d0%b5%d0%bd-%d0%b1%d0%be%d0%b9%d0%bb%d0%b5%d1%80/gree-%d1%82%d0%b5%d1%80%d0%bc%d0%be%d0%bf%d0%be%d0%bc%d0%bf%d0%b8-%d1%81-%d0%b2%d0%b3%d1%80%d0%b0%d0%b4%d0%b5%d0%bd-%d0%b1%d0%be%d0%b9%d0%bb%d0%b5%d1%80/gree-%d0%b8%d0%bd%d0%b2%d0%b5%d1%80%d1%82%d0%be%d1%80%d0%bd%d0%b0-%d1%82%d0%b5%d1%80%d0%bc%d0%be%d0%bf%d0%be%d0%bc%d0%bf%d0%b0-%d1%81-%d0%b2%d0%b3%d1%80%d0%b0%d0%b4%d0%b5%d0%bd-%d0%b1%d0%be%d0%b9/,https://jtclima.bg/wp-content/uploads/2024/12/termopompa-s-vodosydyrjatel-gree-versati-iii-grs-cq10-pd-g-nh-h-e.png,Термопомпи,инверторна термопомпа с,Термопомпи,6546.00 EUR,6022.00 EUR,инверторна термопомпа с вграден бойлер;Термопомпи;Gree;Термопомпи с вграден бойлер;Термопомпи Gree,,,,,,,,,
17006,,R-AQUA CHP-018C3,https://jtclima.bg/produkti/termopompi/%d0%bc%d0%be%d0%bd%d0%be%d0%b1%d0%bb%d0%be%d0%ba/gree-%d0%bc%d0%be%d0%bd%d0%be%d0%b1%d0%bb%d0%be%d0%ba/gree-%d0%b8%d0%bd%d0%b2%d0%b5%d1%80%d1%82%d0%be%d1%80%d0%bd%d0%b0-%d1%82%d0%b5%d1%80%d0%bc%d0%be%d0%bf%d0%be%d0%bc%d0%bf%d0%b0-%d0%bc%d0%be%d0%bd%d0%be%d0%b1%d0%bb%d0%be%d0%ba-r-aqua-chp-018c3-400v/,https://jtclima.bg/wp-content/uploads/2024/12/Екранна-снимка-2024-12-15-192836.png,Gree,инверторна термопомпа,Gree,5669.00 EUR,5102.00 EUR,инверторна термопомпа моноблок;Gree;Термопомпи;Термопомпа моноблок;Термопомпи Gree,,,,,,,,,
17004,,R-AQUA CHP-018C1,https://jtclima.bg/produkti/termopompi/%d0%bc%d0%be%d0%bd%d0%be%d0%b1%d0%bb%d0%be%d0%ba/gree-%d0%bc%d0%be%d0%bd%d0%be%d0%b1%d0%bb%d0%be%d0%ba/gree-%d0%b8%d0%bd%d0%b2%d0%b5%d1%80%d1%82%d0%be%d1%80%d0%bd%d0%b0-%d1%82%d0%b5%d1%80%d0%bc%d0%be%d0%bf%d0%be%d0%bc%d0%bf%d0%b0-%d0%bc%d0%be%d0%bd%d0%be%d0%b1%d0%bb%d0%be%d0%ba-r-aqua-chp-018c1-220v/,https://jtclima.bg/wp-content/uploads/2024/12/Екранна-снимка-2024-12-15-192836.png,Термопомпи,инверторна термопомпа,Термопомпи,5535.00 EUR,4981.00 EUR,инверторна термопомпа моноблок;Термопомпи;Термопомпа моноблок;Gree;Термопомпи Gree,,,,,,,,,
17002,,R-AQUA CHP-012C1,https://jtclima.bg/produkti/termopompi/%d0%bc%d0%be%d0%bd%d0%be%d0%b1%d0%bb%d0%be%d0%ba/gree-%d0%bc%d0%be%d0%bd%d0%be%d0%b1%d0%bb%d0%be%d0%ba/gree-%d0%b8%d0%bd%d0%b2%d0%b5%d1%80%d1%82%d0%be%d1%80%d0%bd%d0%b0-%d1%82%d0%b5%d1%80%d0%bc%d0%be%d0%bf%d0%be%d0%bc%d0%bf%d0%b0-%d0%bc%d0%be%d0%bd%d0%be%d0%b1%d0%bb%d0%be%d0%ba-r-aqua-chp-012c1-220v/,https://jtclima.bg/wp-content/uploads/2024/12/Екранна-снимка-2024-12-15-192836.png,Термопомпи,инверторна термопомпа,Термопомпи,3964.00 EUR,3647.00 EUR,инверторна термопомпа моноблок;Термопомпи;Термопомпа моноблок;Gree;Термопомпи Gree,,,,,,,,,
16992,,R-AQUA CHP-006C1,https://jtclima.bg/produkti/termopompi/%d0%bc%d0%be%d0%bd%d0%be%d0%b1%d0%bb%d0%be%d0%ba/gree-%d0%bc%d0%be%d0%bd%d0%be%d0%b1%d0%bb%d0%be%d0%ba/gree-%d0%b8%d0%bd%d0%b2%d0%b5%d1%80%d1%82%d0%be%d1%80%d0%bd%d0%b0-%d1%82%d0%b5%d1%80%d0%bc%d0%be%d0%bf%d0%be%d0%bc%d0%bf%d0%b0-%d0%bc%d0%be%d0%bd%d0%be%d0%b1%d0%bb%d0%be%d0%ba-r-aqua-chp-006c1-220v/,https://jtclima.bg/wp-content/uploads/2024/12/Екранна-снимка-2024-12-15-192836.png,Термопомпа моноблок,инверторна термопомпа,Термопомпа моноблок,3270.00 EUR,3008.00 EUR,инверторна термопомпа моноблок;Термопомпа моноблок;Gree;Термопомпи;Термопомпи Gree,,,,,,,,,
16990,,Gree GRS-CQ16Pd/NhG4-M,https://jtclima.bg/produkti/termopompi/%d0%bc%d0%be%d0%bd%d0%be%d0%b1%d0%bb%d0%be%d0%ba/gree-%d0%bc%d0%be%d0%bd%d0%be%d0%b1%d0%bb%d0%be%d0%ba/gree-%d0%b8%d0%bd%d0%b2%d0%b5%d1%80%d1%82%d0%be%d1%80%d0%bd%d0%b0-%d1%82%d0%b5%d1%80%d0%bc%d0%be%d0%bf%d0%be%d0%bc%d0%bf%d0%b0-%d0%bc%d0%be%d0%bd%d0%be%d0%b1%d0%bb%d0%be%d0%ba-versati-iv-grs-cq16pd/,https://jtclima.bg/wp-content/uploads/2024/12/Versati_IV_mono.jpg,Термопомпи,инверторна термопомпа,Термопомпи,4446.00 EUR,4134.00 EUR,инверторна термопомпа моноблок;Термопомпи;Термопомпа моноблок;Gree;Термопомпи Gree,,,,,,,,,
16988,,Gree GRS-CQ16Pd/NhG4-E,https://jtclima.bg/produkti/termopompi/%d0%bc%d0%be%d0%bd%d0%be%d0%b1%d0%bb%d0%be%d0%ba/gree-%d0%bc%d0%be%d0%bd%d0%be%d0%b1%d0%bb%d0%be%d0%ba/gree-%d0%b8%d0%bd%d0%b2%d0%b5%d1%80%d1%82%d0%be%d1%80%d0%bd%d0%b0-%d1%82%d0%b5%d1%80%d0%bc%d0%be%d0%bf%d0%be%d0%bc%d0%bf%d0%b0-%d0%bc%d0%be%d0%bd%d0%be%d0%b1%d0%bb%d0%be%d0%ba-versati-iv-grs-cq16pd-n/,https://jtclima.bg/wp-content/uploads/2024/12/Versati_IV_mono.jpg,Термопомпи,инверторна термопомпа,Термопомпи,4344.00 EUR,4039.00 EUR,инверторна термопомпа моноблок;Термопомпи;Термопомпа моноблок;Gree;Термопомпи Gree,,,,,,,,,
16986,,Gree GRS-CQ10Pd/NhG4-E,https://jtclima.bg/produkti/termopompi/%d0%bc%d0%be%d0%bd%d0%be%d0%b1%d0%bb%d0%be%d0%ba/gree-%d0%bc%d0%be%d0%bd%d0%be%d0%b1%d0%bb%d0%be%d0%ba/gree-%d0%b8%d0%bd%d0%b2%d0%b5%d1%80%d1%82%d0%be%d1%80%d0%bd%d0%b0-%d1%82%d0%b5%d1%80%d0%bc%d0%be%d0%bf%d0%be%d0%bc%d0%bf%d0%b0-%d0%bc%d0%be%d0%bd%d0%be%d0%b1%d0%bb%d0%be%d0%ba-versati-iv-grs-cq10pd-n/,https://jtclima.bg/wp-content/uploads/2024/12/Versati_IV_mono.jpg,Термопомпи,инверторна термопомпа,Термопомпи,4038.00 EUR,3755.00 EUR,инверторна термопомпа моноблок;Термопомпи;Термопомпа моноблок;Gree;Термопомпи Gree,,,,,,,,,
16983,,Gree GRS-CQ6.0Pd/NhG4-E,https://jtclima.bg/produkti/termopompi/%d0%bc%d0%be%d0%bd%d0%be%d0%b1%d0%bb%d0%be%d0%ba/gree-%d0%bc%d0%be%d0%bd%d0%be%d0%b1%d0%bb%d0%be%d0%ba/gree-%d0%b8%d0%bd%d0%b2%d0%b5%d1%80%d1%82%d0%be%d1%80%d0%bd%d0%b0-%d1%82%d0%b5%d1%80%d0%bc%d0%be%d0%bf%d0%be%d0%bc%d0%bf%d0%b0-%d0%bc%d0%be%d0%bd%d0%be%d0%b1%d0%bb%d0%be%d0%ba-versati-iv-grs-cq6-0pd/,https://jtclima.bg/wp-content/uploads/2024/12/Versati_IV_mono.jpg,Термопомпи,инверторна термопомпа,Термопомпи,3246.00 EUR,3018.00 EUR,инверторна термопомпа моноблок;Термопомпи;Термопомпа моноблок;Gree;Термопомпи Gree,,,,,,,,,
16965,,LG PHC0,https://jtclima.bg/produkti/termopompi/%d0%bc%d0%be%d0%bd%d0%be%d0%b1%d0%bb%d0%be%d0%ba/lg-%d0%bc%d0%be%d0%bd%d0%be%d0%b1%d0%bb%d0%be%d0%ba/lg-therma-v-%d1%82%d0%b5%d1%80%d0%bc%d0%be%d0%bf%d0%be%d0%bc%d0%bf%d0%b0-%d0%bc%d0%be%d0%bd%d0%be%d0%b1%d0%bb%d0%be%d0%ba-%d0%ba%d0%be%d0%bd%d1%82%d1%80%d0%be%d0%bb-%d0%b1%d0%be%d0%ba%d1%81-hm093hfx/,https://jtclima.bg/wp-content/uploads/2025/01/image-2-scaled.png,Термопомпи,термопомпа,Термопомпи,8029.00 EUR,6819.00 EUR,термопомпа моноблок-контрол бокс /;Термопомпи;Термопомпа моноблок;LG;Термопомпи LG,,,,,,,,,
16935,,"Viessmann 221.C14,7",https://jtclima.bg/produkti/termopompi/%d1%82%d0%b5%d1%80%d0%bc%d0%be%d0%bf%d0%be%d0%bc%d0%bf%d0%b8-%d1%81-%d0%b2%d0%b3%d1%80%d0%b0%d0%b4%d0%b5%d0%bd-%d0%b1%d0%be%d0%b9%d0%bb%d0%b5%d1%80/viessmann-%d1%82%d0%b5%d1%80%d0%bc%d0%be%d0%bf%d0%be%d0%bc%d0%bf%d0%b8-%d1%81-%d0%b2%d0%b3%d1%80%d0%b0%d0%b4%d0%b5%d0%bd-%d0%b1%d0%be%d0%b9%d0%bb%d0%b5%d1%80/viessmann-%d1%82%d0%b5%d1%80%d0%bc%d0%be%d0%bf%d0%be%d0%bc%d0%bf%d0%b0-vitocal-%d1%81%d0%bf%d0%bb%d0%b8%d1%82-water-tank-vitocal-222-s-awbt-e-ac-221-c16-r410a-400-v/,https://jtclima.bg/wp-content/uploads/2024/12/Viessmann-Vitocal-222S.jpg,Термопомпи,термопомпа сплит,Термопомпи,12282.00 EUR,,термопомпа сплит;Термопомпи;Термопомпи с вграден бойлер;Viessmann;Термопомпи Viessmann,,,,,,,,,
16933,,"Viessmann 221.C13,7",https://jtclima.bg/produkti/termopompi/%d1%82%d0%b5%d1%80%d0%bc%d0%be%d0%bf%d0%be%d0%bc%d0%bf%d0%b8-%d1%81-%d0%b2%d0%b3%d1%80%d0%b0%d0%b4%d0%b5%d0%bd-%d0%b1%d0%be%d0%b9%d0%bb%d0%b5%d1%80/viessmann-%d1%82%d0%b5%d1%80%d0%bc%d0%be%d0%bf%d0%be%d0%bc%d0%bf%d0%b8-%d1%81-%d0%b2%d0%b3%d1%80%d0%b0%d0%b4%d0%b5%d0%bd-%d0%b1%d0%be%d0%b9%d0%bb%d0%b5%d1%80/viessmann-%d1%82%d0%b5%d1%80%d0%bc%d0%be%d0%bf%d0%be%d0%bc%d0%bf%d0%b0-vitocal-%d1%81%d0%bf%d0%bb%d0%b8%d1%82-water-tank-vitocal-222-s-awbt-e-ac-221-c13-r410a-400-v/,https://jtclima.bg/wp-content/uploads/2024/12/Viessmann-Vitocal-222S.jpg,Термопомпи,термопомпа сплит,Термопомпи,11506.00 EUR,,термопомпа сплит;Термопомпи;Термопомпи с вграден бойлер;Viessmann;Термопомпи Viessmann,,,,,,,,,
16931,,"Viessmann 221.C14,7",https://jtclima.bg/produkti/termopompi/%d1%82%d0%b5%d1%80%d0%bc%d0%be%d0%bf%d0%be%d0%bc%d0%bf%d0%b8-%d1%81-%d0%b2%d0%b3%d1%80%d0%b0%d0%b4%d0%b5%d0%bd-%d0%b1%d0%be%d0%b9%d0%bb%d0%b5%d1%80/viessmann-%d1%82%d0%b5%d1%80%d0%bc%d0%be%d0%bf%d0%be%d0%bc%d0%bf%d0%b8-%d1%81-%d0%b2%d0%b3%d1%80%d0%b0%d0%b4%d0%b5%d0%bd-%d0%b1%d0%be%d0%b9%d0%bb%d0%b5%d1%80/viessmann-%d1%82%d0%b5%d1%80%d0%bc%d0%be%d0%bf%d0%be%d0%bc%d0%bf%d0%b0-vitocal-%d1%81%d0%bf%d0%bb%d0%b8%d1%82-water-tank-vitocal-222-s-awbt-e-ac-221-c13-r410a-220-v/,https://jtclima.bg/wp-content/uploads/2024/12/Viessmann-Vitocal-222S.jpg,Термопомпи,термопомпа сплит,Термопомпи,12008.00 EUR,,термопомпа сплит;Термопомпи;Термопомпи с вграден бойлер;Viessmann;Термопомпи Viessmann,,,,,,,,,
16927,,"Viessmann 221.C13,7",https://jtclima.bg/produkti/termopompi/%d1%82%d0%b5%d1%80%d0%bc%d0%be%d0%bf%d0%be%d0%bc%d0%bf%d0%b8-%d1%81-%d0%b2%d0%b3%d1%80%d0%b0%d0%b4%d0%b5%d0%bd-%d0%b1%d0%be%d0%b9%d0%bb%d0%b5%d1%80/viessmann-%d1%82%d0%b5%d1%80%d0%bc%d0%be%d0%bf%d0%be%d0%bc%d0%bf%d0%b8-%d1%81-%d0%b2%d0%b3%d1%80%d0%b0%d0%b4%d0%b5%d0%bd-%d0%b1%d0%be%d0%b9%d0%bb%d0%b5%d1%80/viessmann-%d1%82%d0%b5%d1%80%d0%bc%d0%be%d0%bf%d0%be%d0%bc%d0%bf%d0%b0-vitocal-split-water-tank-vitocal-222-s-awbt-e-ac-221-c10-r410a-220v/,https://jtclima.bg/wp-content/uploads/2024/12/Viessmann-Vitocal-222S.jpg,Термопомпи,термопомпа сплит,Термопомпи,11258.00 EUR,,термопомпа сплит;Термопомпи;Термопомпи с вграден бойлер;Viessmann;Термопомпи Viessmann,,,,,,,,,
16923,,"Viessmann 221.C12,6",https://jtclima.bg/produkti/termopompi/%d1%82%d0%b5%d1%80%d0%bc%d0%be%d0%bf%d0%be%d0%bc%d0%bf%d0%b8-%d1%81-%d0%b2%d0%b3%d1%80%d0%b0%d0%b4%d0%b5%d0%bd-%d0%b1%d0%be%d0%b9%d0%bb%d0%b5%d1%80/viessmann-%d1%82%d0%b5%d1%80%d0%bc%d0%be%d0%bf%d0%be%d0%bc%d0%bf%d0%b8-%d1%81-%d0%b2%d0%b3%d1%80%d0%b0%d0%b4%d0%b5%d0%bd-%d0%b1%d0%be%d0%b9%d0%bb%d0%b5%d1%80/viessmann-%d1%82%d0%b5%d1%80%d0%bc%d0%be%d0%bf%d0%be%d0%bc%d0%bf%d0%b0-vitocal-%d1%81%d0%bf%d0%bb%d0%b8%d1%82-water-tank-vitocal-200-s-awbt-e-ac-221-c08-r410a-220/,https://jtclima.bg/wp-content/uploads/2024/12/Viessmann-Vitocal-222S.jpg,Термопомпи,термопомпа сплит,Термопомпи,10606.00 EUR,,термопомпа сплит;Термопомпи;Термопомпи с вграден бойлер;Viessmann;Термопомпи Viessmann,,,,,,,,,
16918,,"Viessmann 201.D14,7",https://jtclima.bg/produkti/termopompi/%d1%85%d0%b8%d0%b4%d1%80%d0%be%d1%81%d0%bf%d0%bb%d0%b8%d1%82-%d1%82%d0%b5%d1%80%d0%bc%d0%be%d0%bf%d0%be%d0%bc%d0%bf%d0%b8/viessmann-%d1%85%d0%b8%d0%b4%d1%80%d0%be%d1%81%d0%bf%d0%bb%d0%b8%d1%82-%d1%82%d0%b5%d1%80%d0%bc%d0%be%d0%bf%d0%be%d0%bc%d0%bf%d0%b8/viessmann-%d1%82%d0%b5%d1%80%d0%bc%d0%be%d0%bf%d0%be%d0%bc%d0%bf%d0%b0-vitocal-%d1%81%d0%bf%d0%bb%d0%b8%d1%82-vitocal-200-s-awb-m-e-ac-201-d16-r410a-400-v/,https://jtclima.bg/wp-content/uploads/2024/12/Viessmann-Vitocal-200S.jpg,Термопомпи,термопомпа сплит,Термопомпи,10033.00 EUR,,термопомпа сплит;Термопомпи;Термопомпа сплит система;Viessmann;Термопомпи Viessmann,,,,,,,,,
16915,,"Viessmann 201.D14,7",https://jtclima.bg/produkti/termopompi/%d1%85%d0%b8%d0%b4%d1%80%d0%be%d1%81%d0%bf%d0%bb%d0%b8%d1%82-%d1%82%d0%b5%d1%80%d0%bc%d0%be%d0%bf%d0%be%d0%bc%d0%bf%d0%b8/viessmann-%d1%85%d0%b8%d0%b4%d1%80%d0%be%d1%81%d0%bf%d0%bb%d0%b8%d1%82-%d1%82%d0%b5%d1%80%d0%bc%d0%be%d0%bf%d0%be%d0%bc%d0%bf%d0%b8/viessmann-%d1%82%d0%b5%d1%80%d0%bc%d0%be%d0%bf%d0%be%d0%bc%d0%bf%d0%b0-vitocal-%d1%81%d0%bf%d0%bb%d0%b8%d1%82-vitocal-200-s-awb-m-e-ac-201-d16-r410a-220-v/,https://jtclima.bg/wp-content/uploads/2024/12/Viessmann-Vitocal-200S.jpg,Термопомпи,термопомпа сплит,Термопомпи,9760.00 EUR,,термопомпа сплит;Термопомпи;Термопомпа сплит система;Viessmann;Термопомпи Viessmann,,,,,,,,,
16913,,"Viessmann 201.D13,7",https://jtclima.bg/produkti/termopompi/%d1%85%d0%b8%d0%b4%d1%80%d0%be%d1%81%d0%bf%d0%bb%d0%b8%d1%82-%d1%82%d0%b5%d1%80%d0%bc%d0%be%d0%bf%d0%be%d0%bc%d0%bf%d0%b8/viessmann-%d1%85%d0%b8%d0%b4%d1%80%d0%be%d1%81%d0%bf%d0%bb%d0%b8%d1%82-%d1%82%d0%b5%d1%80%d0%bc%d0%be%d0%bf%d0%be%d0%bc%d0%bf%d0%b8/viessmann-%d1%82%d0%b5%d1%80%d0%bc%d0%be%d0%bf%d0%be%d0%bc%d0%bf%d0%b0-vitocal-%d1%81%d0%bf%d0%bb%d0%b8%d1%82-vitocal-200-s-awb-m-e-ac-201-d13-r410a-400-v/,https://jtclima.bg/wp-content/uploads/2024/12/Viessmann-Vitocal-200S.jpg,Термопомпи,термопомпа сплит,Термопомпи,9257.00 EUR,,термопомпа сплит;Термопомпи;Термопомпа сплит система;Viessmann;Термопомпи Viessmann,,,,,,,,,
16911,,"Viessmann 201.D12,6",https://jtclima.bg/produkti/termopompi/%d1%85%d0%b8%d0%b4%d1%80%d0%be%d1%81%d0%bf%d0%bb%d0%b8%d1%82-%d1%82%d0%b5%d1%80%d0%bc%d0%be%d0%bf%d0%be%d0%bc%d0%bf%d0%b8/viessmann-%d1%85%d0%b8%d0%b4%d1%80%d0%be%d1%81%d0%bf%d0%bb%d0%b8%d1%82-%d1%82%d0%b5%d1%80%d0%bc%d0%be%d0%bf%d0%be%d0%bc%d0%bf%d0%b8/viessmann-%d1%82%d0%b5%d1%80%d0%bc%d0%be%d0%bf%d0%be%d0%bc%d0%bf%d0%b0-vitocal-%d1%81%d0%bf%d0%bb%d0%b8%d1%82-vitocal-200-s-awb-m-e-ac-201-d10-r410a-400-v/,https://jtclima.bg/wp-content/uploads/2024/12/Viessmann-Vitocal-200S.jpg,Термопомпи,термопомпа сплит,Термопомпи,8605.00 EUR,,термопомпа сплит;Термопомпи;Термопомпа сплит система;Viessmann;Термопомпи Viessmann,,,,,,,,,
16909,,"Viessmann 201.D13,7",https://jtclima.bg/produkti/termopompi/%d1%85%d0%b8%d0%b4%d1%80%d0%be%d1%81%d0%bf%d0%bb%d0%b8%d1%82-%d1%82%d0%b5%d1%80%d0%bc%d0%be%d0%bf%d0%be%d0%bc%d0%bf%d0%b8/viessmann-%d1%85%d0%b8%d0%b4%d1%80%d0%be%d1%81%d0%bf%d0%bb%d0%b8%d1%82-%d1%82%d0%b5%d1%80%d0%bc%d0%be%d0%bf%d0%be%d0%bc%d0%bf%d0%b8/viessmann-%d1%82%d0%b5%d1%80%d0%bc%d0%be%d0%bf%d0%be%d0%bc%d0%bf%d0%b0-vitocal-%d1%81%d0%bf%d0%bb%d0%b8%d1%82-vitocal-200-s-awb-m-e-ac-201-d13-r410a-220-v/,https://jtclima.bg/wp-content/uploads/2024/12/Viessmann-Vitocal-200S.jpg,Термопомпи,термопомпа сплит,Термопомпи,9010.00 EUR,,термопомпа сплит;Термопомпи;Термопомпа сплит система;Viessmann;Термопомпи Viessmann,,,,,,,,,
16907,,"Viessmann 201.D12,6",https://jtclima.bg/produkti/termopompi/%d1%85%d0%b8%d0%b4%d1%80%d0%be%d1%81%d0%bf%d0%bb%d0%b8%d1%82-%d1%82%d0%b5%d1%80%d0%bc%d0%be%d0%bf%d0%be%d0%bc%d0%bf%d0%b8/viessmann-%d1%85%d0%b8%d0%b4%d1%80%d0%be%d1%81%d0%bf%d0%bb%d0%b8%d1%82-%d1%82%d0%b5%d1%80%d0%bc%d0%be%d0%bf%d0%be%d0%bc%d0%bf%d0%b8/viessmann-%d1%82%d0%b5%d1%80%d0%bc%d0%be%d0%bf%d0%be%d0%bc%d0%bf%d0%b0-vitocal-%d1%81%d0%bf%d0%bb%d0%b8%d1%82-vitocal-200-s-awb-m-e-ac-201-d10-r410a-220-v/,https://jtclima.bg/wp-content/uploads/2024/12/Viessmann-Vitocal-200S.jpg,Термопомпи,термопомпа сплит,Термопомпи,8357.00 EUR,,термопомпа сплит;Термопомпи;Термопомпа сплит система;Viessmann;Термопомпи Viessmann,,,,,,,,,
16905,,"Viessmann D9,0",https://jtclima.bg/produkti/termopompi/%d1%85%d0%b8%d0%b4%d1%80%d0%be%d1%81%d0%bf%d0%bb%d0%b8%d1%82-%d1%82%d0%b5%d1%80%d0%bc%d0%be%d0%bf%d0%be%d0%bc%d0%bf%d0%b8/viessmann-%d1%85%d0%b8%d0%b4%d1%80%d0%be%d1%81%d0%bf%d0%bb%d0%b8%d1%82-%d1%82%d0%b5%d1%80%d0%bc%d0%be%d0%bf%d0%be%d0%bc%d0%bf%d0%b8/viessmann-%d1%82%d0%b5%d1%80%d0%bc%d0%be%d0%bf%d0%be%d0%bc%d0%bf%d0%b0-vitocal-%d1%81%d0%bf%d0%bb%d0%b8%d1%82-vitocal-200-s-awb-m-e-ac-201-d04-r410a-220-v-2/,https://jtclima.bg/wp-content/uploads/2024/12/4613890VAN01301_1_236307-scaled.jpg,Термопомпи,термопомпа сплит,Термопомпи,7440.00 EUR,,термопомпа сплит;Термопомпи;Термопомпа сплит система;Viessmann;Термопомпи Viessmann,,,,,,,,,
16899,,"Viessmann D10,4",https://jtclima.bg/produkti/termopompi/%d1%85%d0%b8%d0%b4%d1%80%d0%be%d1%81%d0%bf%d0%bb%d0%b8%d1%82-%d1%82%d0%b5%d1%80%d0%bc%d0%be%d0%bf%d0%be%d0%bc%d0%bf%d0%b8/viessmann-%d1%85%d0%b8%d0%b4%d1%80%d0%be%d1%81%d0%bf%d0%bb%d0%b8%d1%82-%d1%82%d0%b5%d1%80%d0%bc%d0%be%d0%bf%d0%be%d0%bc%d0%bf%d0%b8/viessmann-%d1%82%d0%b5%d1%80%d0%bc%d0%be%d0%bf%d0%be%d0%bc%d0%bf%d0%b0-vitocal-%d1%81%d0%bf%d0%bb%d0%b8%d1%82-vitocal-200-s-awb-m-e-ac-201-d04-r410a-220-v/,https://jtclima.bg/wp-content/uploads/2024/12/4613890VAN01301_1_236307-scaled.jpg,Термопомпи,термопомпа сплит,Термопомпи,7912.00 EUR,,термопомпа сплит;Термопомпи;Термопомпа сплит система;Viessmann;Термопомпи Viessmann,,,,,,,,,
16889,,"Viessmann 111.A16,7",https://jtclima.bg/produkti/termopompi/%d1%82%d0%b5%d1%80%d0%bc%d0%be%d0%bf%d0%be%d0%bc%d0%bf%d0%b8-%d1%81-%d0%b2%d0%b3%d1%80%d0%b0%d0%b4%d0%b5%d0%bd-%d0%b1%d0%be%d0%b9%d0%bb%d0%b5%d1%80/viessmann-%d1%82%d0%b5%d1%80%d0%bc%d0%be%d0%bf%d0%be%d0%bc%d0%bf%d0%b8-%d1%81-%d0%b2%d0%b3%d1%80%d0%b0%d0%b4%d0%b5%d0%bd-%d0%b1%d0%be%d0%b9%d0%bb%d0%b5%d1%80/viessmann-%d1%82%d0%b5%d1%80%d0%bc%d0%be%d0%bf%d0%be%d0%bc%d0%bf%d0%b0-vitocal-%d1%81%d0%bf%d0%bb%d0%b8%d1%82-water-tank-s-t-awbt-m-ac-111-a16-r410a-400-v/,https://jtclima.bg/wp-content/uploads/2024/12/Viessmann-Vitocal-111.jpg,Термопомпи,термопомпа сплит,Термопомпи,10349.00 EUR,9831.00 EUR,термопомпа сплит;Термопомпи;Термопомпи с вграден бойлер;Viessmann;Термопомпи Viessmann,,,,,,,,,
16887,,"Viessmann 111.A17,1",https://jtclima.bg/produkti/termopompi/%d1%82%d0%b5%d1%80%d0%bc%d0%be%d0%bf%d0%be%d0%bc%d0%bf%d0%b8-%d1%81-%d0%b2%d0%b3%d1%80%d0%b0%d0%b4%d0%b5%d0%bd-%d0%b1%d0%be%d0%b9%d0%bb%d0%b5%d1%80/viessmann-%d1%82%d0%b5%d1%80%d0%bc%d0%be%d0%bf%d0%be%d0%bc%d0%bf%d0%b8-%d1%81-%d0%b2%d0%b3%d1%80%d0%b0%d0%b4%d0%b5%d0%bd-%d0%b1%d0%be%d0%b9%d0%bb%d0%b5%d1%80/viessmann-%d1%82%d0%b5%d1%80%d0%bc%d0%be%d0%bf%d0%be%d0%bc%d0%bf%d0%b0-vitocal-%d1%81%d0%bf%d0%bb%d0%b8%d1%82-water-tank-s-t-awbt-m-ac-111-a16-r410a-220/,https://jtclima.bg/wp-content/uploads/2024/12/Viessmann-Vitocal-111.jpg,Термопомпи,термопомпа сплит,Термопомпи,10112.00 EUR,9606.00 EUR,термопомпа сплит;Термопомпи;Термопомпи с вграден бойлер;Viessmann;Термопомпи Viessmann,,,,,,,,,
16885,,"Viessmann 111.A15,0",https://jtclima.bg/produkti/termopompi/%d1%82%d0%b5%d1%80%d0%bc%d0%be%d0%bf%d0%be%d0%bc%d0%bf%d0%b8-%d1%81-%d0%b2%d0%b3%d1%80%d0%b0%d0%b4%d0%b5%d0%bd-%d0%b1%d0%be%d0%b9%d0%bb%d0%b5%d1%80/viessmann-%d1%82%d0%b5%d1%80%d0%bc%d0%be%d0%bf%d0%be%d0%bc%d0%bf%d0%b8-%d1%81-%d0%b2%d0%b3%d1%80%d0%b0%d0%b4%d0%b5%d0%bd-%d0%b1%d0%be%d0%b9%d0%bb%d0%b5%d1%80/viessmann-%d1%82%d0%b5%d1%80%d0%bc%d0%be%d0%bf%d0%be%d0%bc%d0%bf%d0%b0-vitocal-%d1%81%d0%bf%d0%bb%d0%b8%d1%82-water-tank-s-t-awbt-m-ac-111-a14-r410a-220-v/,https://jtclima.bg/wp-content/uploads/2024/12/Viessmann-Vitocal-111.jpg,Термопомпи,термопомпа сплит,Термопомпи,9524.00 EUR,9047.00 EUR,термопомпа сплит;Термопомпи;Термопомпи с вграден бойлер;Viessmann;Термопомпи Viessmann,,,,,,,,,
16883,,"Viessmann 111.A15,0",https://jtclima.bg/produkti/termopompi/%d1%82%d0%b5%d1%80%d0%bc%d0%be%d0%bf%d0%be%d0%bc%d0%bf%d0%b8-%d1%81-%d0%b2%d0%b3%d1%80%d0%b0%d0%b4%d0%b5%d0%bd-%d0%b1%d0%be%d0%b9%d0%bb%d0%b5%d1%80/viessmann-%d1%82%d0%b5%d1%80%d0%bc%d0%be%d0%bf%d0%be%d0%bc%d0%bf%d0%b8-%d1%81-%d0%b2%d0%b3%d1%80%d0%b0%d0%b4%d0%b5%d0%bd-%d0%b1%d0%be%d0%b9%d0%bb%d0%b5%d1%80/viessmann-%d1%82%d0%b5%d1%80%d0%bc%d0%be%d0%bf%d0%be%d0%bc%d0%bf%d0%b0-vitocal-%d1%81%d0%bf%d0%bb%d0%b8%d1%82-water-tank-s-t-awbt-m-ac-111-a14-r410a-400v/,https://jtclima.bg/wp-content/uploads/2024/12/Viessmann-Vitocal-111.jpg,Термопомпи,термопомпа сплит,Термопомпи,9708.00 EUR,9222.00 EUR,термопомпа сплит;Термопомпи;Термопомпи с вграден бойлер;Viessmann;Термопомпи Viessmann,,,,,,,,,
16881,,"Viessmann 111.A13,0",https://jtclima.bg/produkti/termopompi/%d1%82%d0%b5%d1%80%d0%bc%d0%be%d0%bf%d0%be%d0%bc%d0%bf%d0%b8-%d1%81-%d0%b2%d0%b3%d1%80%d0%b0%d0%b4%d0%b5%d0%bd-%d0%b1%d0%be%d0%b9%d0%bb%d0%b5%d1%80/viessmann-%d1%82%d0%b5%d1%80%d0%bc%d0%be%d0%bf%d0%be%d0%bc%d0%bf%d0%b8-%d1%81-%d0%b2%d0%b3%d1%80%d0%b0%d0%b4%d0%b5%d0%bd-%d0%b1%d0%be%d0%b9%d0%bb%d0%b5%d1%80/viessmann-%d1%82%d0%b5%d1%80%d0%bc%d0%be%d0%bf%d0%be%d0%bc%d0%bf%d0%b0-vitocal-%d1%81%d0%bf%d0%bb%d0%b8%d1%82-water-tank-s-t-awbt-m-ac-111-a12-r410a-400-v/,https://jtclima.bg/wp-content/uploads/2024/12/Viessmann-Vitocal-111.jpg,Термопомпи,термопомпа сплит,Термопомпи,9134.00 EUR,8677.00 EUR,термопомпа сплит;Термопомпи;Термопомпи с вграден бойлер;Viessmann;Термопомпи Viessmann,,,,,,,,,
16877,,"Viessmann 111.A13,0",https://jtclima.bg/produkti/termopompi/%d1%82%d0%b5%d1%80%d0%bc%d0%be%d0%bf%d0%be%d0%bc%d0%bf%d0%b8-%d1%81-%d0%b2%d0%b3%d1%80%d0%b0%d0%b4%d0%b5%d0%bd-%d0%b1%d0%be%d0%b9%d0%bb%d0%b5%d1%80/viessmann-%d1%82%d0%b5%d1%80%d0%bc%d0%be%d0%bf%d0%be%d0%bc%d0%bf%d0%b8-%d1%81-%d0%b2%d0%b3%d1%80%d0%b0%d0%b4%d0%b5%d0%bd-%d0%b1%d0%be%d0%b9%d0%bb%d0%b5%d1%80/viessmann-%d1%82%d0%b5%d1%80%d0%bc%d0%be%d0%bf%d0%be%d0%bc%d0%bf%d0%b0-vitocal-%d1%81%d0%bf%d0%bb%d0%b8%d1%82-water-tank-s-t-awbt-m-ac-111-a08-r410a-220/,https://jtclima.bg/wp-content/uploads/2024/12/Viessmann-Vitocal-111.jpg,Термопомпи,термопомпа сплит,Термопомпи,8920.00 EUR,8474.00 EUR,термопомпа сплит;Термопомпи;Термопомпи с вграден бойлер;Viessmann;Термопомпи Viessmann,,,,,,,,,
16874,,"Viessmann 101.A16,7",https://jtclima.bg/produkti/termopompi/%d1%85%d0%b8%d0%b4%d1%80%d0%be%d1%81%d0%bf%d0%bb%d0%b8%d1%82-%d1%82%d0%b5%d1%80%d0%bc%d0%be%d0%bf%d0%be%d0%bc%d0%bf%d0%b8/viessmann-%d1%85%d0%b8%d0%b4%d1%80%d0%be%d1%81%d0%bf%d0%bb%d0%b8%d1%82-%d1%82%d0%b5%d1%80%d0%bc%d0%be%d0%bf%d0%be%d0%bc%d0%bf%d0%b8/viessmann-%d1%82%d0%b5%d1%80%d0%bc%d0%beviessmann-%d1%82%d0%b5%d1%80%d0%bc%d0%be%d0%bf%d0%be%d0%bc%d0%bf%d0%b0-vitocal-%d1%81%d0%bf%d0%bb%d0%b8%d1%82/,https://jtclima.bg/wp-content/uploads/2024/12/Viessmann-Vitocal-100.jpg,Термопомпи,термопомпа сплит,Термопомпи,7780.00 EUR,7391.00 EUR,термопомпа сплит;Термопомпи;Термопомпа сплит система;Viessmann;Термопомпи Viessmann,,,,,,,,,
16872,,"Viessmann 101.A17,1",https://jtclima.bg/produkti/termopompi/%d1%85%d0%b8%d0%b4%d1%80%d0%be%d1%81%d0%bf%d0%bb%d0%b8%d1%82-%d1%82%d0%b5%d1%80%d0%bc%d0%be%d0%bf%d0%be%d0%bc%d0%bf%d0%b8/viessmann-%d1%85%d0%b8%d0%b4%d1%80%d0%be%d1%81%d0%bf%d0%bb%d0%b8%d1%82-%d1%82%d0%b5%d1%80%d0%bc%d0%be%d0%bf%d0%be%d0%bc%d0%bf%d0%b8/viessmann-%d1%82%d0%b5%d1%80%d0%bc%d0%be%d0%bf%d0%be%d0%bc%d0%bf%d0%b0-vitocal-%d1%81%d0%bf%d0%bb%d0%b8%d1%82-100-s-awb-m-e-ac-101-a16-r410a-220/,https://jtclima.bg/wp-content/uploads/2024/12/Viessmann-Vitocal-100.jpg,Термопомпи,термопомпа сплит,Термопомпи,7543.00 EUR,7165.00 EUR,термопомпа сплит;Термопомпи;Термопомпа сплит система;Viessmann;Термопомпи Viessmann,,,,,,,,,
16868,,"Viessmann 101.A15,0",https://jtclima.bg/produkti/termopompi/%d1%85%d0%b8%d0%b4%d1%80%d0%be%d1%81%d0%bf%d0%bb%d0%b8%d1%82-%d1%82%d0%b5%d1%80%d0%bc%d0%be%d0%bf%d0%be%d0%bc%d0%bf%d0%b8/viessmann-%d1%85%d0%b8%d0%b4%d1%80%d0%be%d1%81%d0%bf%d0%bb%d0%b8%d1%82-%d1%82%d0%b5%d1%80%d0%bc%d0%be%d0%bf%d0%be%d0%bc%d0%bf%d0%b8/viessmann-%d1%82%d0%b5%d1%80%d0%bc%d0%be%d0%bf%d0%be%d0%bc%d0%bf%d0%b0-vitocal-%d1%81%d0%bf%d0%bb%d0%b8%d1%82-100-s-awb-m-e-ac-101-a14-r410a-400/,https://jtclima.bg/wp-content/uploads/2024/12/Viessmann-Vitocal-100.jpg,Термопомпи,термопомпа сплит,Термопомпи,7139.00 EUR,6782.00 EUR,термопомпа сплит;Термопомпи;Термопомпа сплит система;Viessmann;Термопомпи Viessmann,,,,,,,,,
16866,,"Viessmann 101.A15,0",https://jtclima.bg/produkti/termopompi/%d1%85%d0%b8%d0%b4%d1%80%d0%be%d1%81%d0%bf%d0%bb%d0%b8%d1%82-%d1%82%d0%b5%d1%80%d0%bc%d0%be%d0%bf%d0%be%d0%bc%d0%bf%d0%b8/viessmann-%d1%85%d0%b8%d0%b4%d1%80%d0%be%d1%81%d0%bf%d0%bb%d0%b8%d1%82-%d1%82%d0%b5%d1%80%d0%bc%d0%be%d0%bf%d0%be%d0%bc%d0%bf%d0%b8/viessmann-%d1%82%d0%b5%d1%80%d0%bc%d0%be%d0%bf%d0%be%d0%bc%d0%bf%d0%b0-vitocal-%d1%81%d0%bf%d0%bb%d0%b8%d1%82-100-s-awb-m-e-ac-101-a14-r410a-220/,https://jtclima.bg/wp-content/uploads/2024/12/Viessmann-Vitocal-100.jpg,Термопомпи,термопомпа сплит,Термопомпи,6955.00 EUR,6607.00 EUR,термопомпа сплит;Термопомпи;Термопомпа сплит система;Viessmann;Термопомпи Viessmann,,,,,,,,,
16864,,"Viessmann 101.A14,8",https://jtclima.bg/produkti/termopompi/%d1%85%d0%b8%d0%b4%d1%80%d0%be%d1%81%d0%bf%d0%bb%d0%b8%d1%82-%d1%82%d0%b5%d1%80%d0%bc%d0%be%d0%bf%d0%be%d0%bc%d0%bf%d0%b8/viessmann-%d1%85%d0%b8%d0%b4%d1%80%d0%be%d1%81%d0%bf%d0%bb%d0%b8%d1%82-%d1%82%d0%b5%d1%80%d0%bc%d0%be%d0%bf%d0%be%d0%bc%d0%bf%d0%b8/viessmann-%d1%82%d0%b5%d1%80%d0%bc%d0%be%d0%bf%d0%be%d0%bc%d0%bf%d0%b0-vitocal-%d1%81%d0%bf%d0%bb%d0%b8%d1%82-100-s-awb-m-e-ac-101-a12-r410a-400/,https://jtclima.bg/wp-content/uploads/2024/12/Viessmann-Vitocal-100.jpg,Термопомпи,термопомпа сплит,Термопомпи,6565.00 EUR,6236.00 EUR,термопомпа сплит;Термопомпи;Термопомпа сплит система;Viessmann;Термопомпи Viessmann,,,,,,,,,
16859,,"Viessmann 101.A12,0",https://jtclima.bg/produkti/termopompi/%d1%85%d0%b8%d0%b4%d1%80%d0%be%d1%81%d0%bf%d0%bb%d0%b8%d1%82-%d1%82%d0%b5%d1%80%d0%bc%d0%be%d0%bf%d0%be%d0%bc%d0%bf%d0%b8/viessmann-%d1%85%d0%b8%d0%b4%d1%80%d0%be%d1%81%d0%bf%d0%bb%d0%b8%d1%82-%d1%82%d0%b5%d1%80%d0%bc%d0%be%d0%bf%d0%be%d0%bc%d0%bf%d0%b8/viessmann-%d1%82%d0%b5%d1%80%d0%bc%d0%be%d0%bf%d0%be%d0%bc%d0%bf%d0%b0-vitocal-%d1%81%d0%bf%d0%bb%d0%b8%d1%82-100-s-awb-m-e-ac-101-a12/,https://jtclima.bg/wp-content/uploads/2024/12/Viessmann-Vitocal-100.jpg,Термопомпи,термопомпа сплит,Термопомпи,5038.00 EUR,4786.00 EUR,термопомпа сплит;Термопомпи;Термопомпа сплит система;Viessmann;Термопомпи Viessmann,,,,,,,,,
16857,,"Viessmann 101.A7,7",https://jtclima.bg/produkti/termopompi/%d1%85%d0%b8%d0%b4%d1%80%d0%be%d1%81%d0%bf%d0%bb%d0%b8%d1%82-%d1%82%d0%b5%d1%80%d0%bc%d0%be%d0%bf%d0%be%d0%bc%d0%bf%d0%b8/viessmann-%d1%85%d0%b8%d0%b4%d1%80%d0%be%d1%81%d0%bf%d0%bb%d0%b8%d1%82-%d1%82%d0%b5%d1%80%d0%bc%d0%be%d0%bf%d0%be%d0%bc%d0%bf%d0%b8/viessmann-%d1%82%d0%b5%d1%80%d0%bc%d0%be%d0%bf%d0%be%d0%bc%d0%bf%d0%b0-vitocal-%d1%81%d0%bf%d0%bb%d0%b8%d1%82-100-s-awb-m-e-ac-101-a08/,https://jtclima.bg/wp-content/uploads/2024/12/Viessmann-Vitocal-100.jpg,Термопомпи,термопомпа сплит,Термопомпи,4799.00 EUR,4559.00 EUR,термопомпа сплит;Термопомпи;Термопомпа сплит система;Viessmann;Термопомпи Viessmann,,,,,,,,,
16852,,"Viessmann 101.A6,0",https://jtclima.bg/produkti/termopompi/%d1%85%d0%b8%d0%b4%d1%80%d0%be%d1%81%d0%bf%d0%bb%d0%b8%d1%82-%d1%82%d0%b5%d1%80%d0%bc%d0%be%d0%bf%d0%be%d0%bc%d0%bf%d0%b8/viessmann-%d1%85%d0%b8%d0%b4%d1%80%d0%be%d1%81%d0%bf%d0%bb%d0%b8%d1%82-%d1%82%d0%b5%d1%80%d0%bc%d0%be%d0%bf%d0%be%d0%bc%d0%bf%d0%b8/viessmann-%d1%82%d0%b5%d1%80%d0%bc%d0%be%d0%bf%d0%be%d0%bc%d0%bf%d0%b0-vitocal-%d1%81%d0%bf%d0%bb%d0%b8%d1%82-100-s-awb-m-e-ac-101-a06/,https://jtclima.bg/wp-content/uploads/2024/12/Viessmann-Vitocal-100.jpg,Термопомпи,термопомпа сплит,Термопомпи,4799.00 EUR,4559.00 EUR,термопомпа сплит;Термопомпи;Термопомпа сплит система;Viessmann;Термопомпи Viessmann,,,,,,,,,
16849,,LG,https://jtclima.bg/produkti/termopompi/%d1%82%d0%b5%d1%80%d0%bc%d0%be%d0%bf%d0%be%d0%bc%d0%bf%d0%b8-%d1%81-%d0%b2%d0%b3%d1%80%d0%b0%d0%b4%d0%b5%d0%bd-%d0%b1%d0%be%d0%b9%d0%bb%d0%b5%d1%80/lg-%d1%82%d0%b5%d1%80%d0%bc%d0%be%d0%bf%d0%be%d0%bc%d0%bf%d0%b8-%d1%81-%d0%b2%d0%b3%d1%80%d0%b0%d0%b4%d0%b5%d0%bd-%d0%b1%d0%be%d0%b9%d0%bb%d0%b5%d1%80/lg-therma-v-%d1%82%d0%b5%d1%80%d0%bc%d0%be%d0%bf%d0%be%d0%bc%d0%bf%d0%b0-%d1%81%d0%bf%d0%bb%d0%b8%d1%82-%d1%81-%d0%b1%d0%b3%d1%80%d0%b0%d0%b4%d0%b5%d0%bd-%d0%b1%d0%be%d0%b9%d0%bb%d0%b5%d1%80-hu061mr/,https://jtclima.bg/wp-content/uploads/2024/12/termop-lg-therma-mr-1.jpg,Термопомпи,термопомпа сплит с,Термопомпи,7699.00 EUR,6239.00 EUR,термопомпа сплит с бграден бойлер;Термопомпи;Термопомпи с вграден бойлер;LG;Термопомпи LG,,,,,,,,,
16841,,LG,https://jtclima.bg/produkti/termopompi/%d1%82%d0%b5%d1%80%d0%bc%d0%be%d0%bf%d0%be%d0%bc%d0%bf%d0%b8-%d1%81-%d0%b2%d0%b3%d1%80%d0%b0%d0%b4%d0%b5%d0%bd-%d0%b1%d0%be%d0%b9%d0%bb%d0%b5%d1%80/lg-%d1%82%d0%b5%d1%80%d0%bc%d0%be%d0%bf%d0%be%d0%bc%d0%bf%d0%b8-%d1%81-%d0%b2%d0%b3%d1%80%d0%b0%d0%b4%d0%b5%d0%bd-%d0%b1%d0%be%d0%b9%d0%bb%d0%b5%d1%80/lg-therma-v-%d1%82%d0%b5%d1%80%d0%bc%d0%be%d0%bf%d0%be%d0%bc%d0%bf%d0%b0-%d1%81%d0%bf%d0%bb%d0%b8%d1%82-%d1%81-%d0%b2%d0%b3%d1%80%d0%b0%d0%b4%d0%b5%d0%bd-%d0%b1%d0%be%d0%b9%d0%bb%d0%b5%d1%80-hu091mr/,https://jtclima.bg/wp-content/uploads/2024/12/termop-lg-therma-mr-1.jpg,Термопомпи,термопомпа сплит с,Термопомпи,8089.00 EUR,6559.00 EUR,термопомпа сплит с вграден бойлер;Термопомпи;Термопомпи с вграден бойлер;LG;Термопомпи LG,,,,,,,,,
16839,,LG,https://jtclima.bg/produkti/termopompi/%d1%82%d0%b5%d1%80%d0%bc%d0%be%d0%bf%d0%be%d0%bc%d0%bf%d0%b8-%d1%81-%d0%b2%d0%b3%d1%80%d0%b0%d0%b4%d0%b5%d0%bd-%d0%b1%d0%be%d0%b9%d0%bb%d0%b5%d1%80/lg-%d1%82%d0%b5%d1%80%d0%bc%d0%be%d0%bf%d0%be%d0%bc%d0%bf%d0%b8-%d1%81-%d0%b2%d0%b3%d1%80%d0%b0%d0%b4%d0%b5%d0%bd-%d0%b1%d0%be%d0%b9%d0%bb%d0%b5%d1%80/lg-therma-v-%d1%82%d0%b5%d1%80%d0%bc%d0%be%d0%bf%d0%be%d0%bc%d0%bf%d0%b0-%d1%81%d0%bf%d0%bb%d0%b8%d1%82-%d1%81-%d0%b2%d0%b3%d1%80%d0%b0%d0%b4%d0%b5%d0%bd-%d0%b1%d0%be%d0%b9%d0%bb%d0%b5%d1%80-hu071mr/,https://jtclima.bg/wp-content/uploads/2024/12/termop-lg-therma-mr-1.jpg,Термопомпи,термопомпа сплит с,Термопомпи,8029.00 EUR,6499.00 EUR,термопомпа сплит с вграден бойлер;Термопомпи;Термопомпи с вграден бойлер;LG;Термопомпи LG,,,,,,,,,
16829,,LG,https://jtclima.bg/produkti/termopompi/%d1%82%d0%b5%d1%80%d0%bc%d0%be%d0%bf%d0%be%d0%bc%d0%bf%d0%b8-%d1%81-%d0%b2%d0%b3%d1%80%d0%b0%d0%b4%d0%b5%d0%bd-%d0%b1%d0%be%d0%b9%d0%bb%d0%b5%d1%80/lg-%d1%82%d0%b5%d1%80%d0%bc%d0%be%d0%bf%d0%be%d0%bc%d0%bf%d0%b8-%d1%81-%d0%b2%d0%b3%d1%80%d0%b0%d0%b4%d0%b5%d0%bd-%d0%b1%d0%be%d0%b9%d0%bb%d0%b5%d1%80/lg-therma-v-%d1%82%d0%b5%d1%80%d0%bc%d0%be%d0%bf%d0%be%d0%bc%d0%bf%d0%b0-%d1%81%d0%bf%d0%bb%d0%b8%d1%82-%d1%81-%d0%b2%d0%b3%d1%80%d0%b0%d0%b4%d0%b5%d0%bd-%d0%b1%d0%be%d0%b9%d0%bb%d0%b5%d1%80-hu051mr/,https://jtclima.bg/wp-content/uploads/2024/12/termop-lg-therma-mr-1.jpg,Термопомпи,термопомпа сплит с,Термопомпи,7959.00 EUR,6449.00 EUR,термопомпа сплит с вграден бойлер;Термопомпи;Термопомпи с вграден бойлер;LG;Термопомпи LG,,,,,,,,,
16799,,LG,https://jtclima.bg/produkti/termopompi/%d1%85%d0%b8%d0%b4%d1%80%d0%be%d1%81%d0%bf%d0%bb%d0%b8%d1%82-%d1%82%d0%b5%d1%80%d0%bc%d0%be%d0%bf%d0%be%d0%bc%d0%bf%d0%b8/lg-%d1%85%d0%b8%d0%b4%d1%80%d0%be%d1%81%d0%bf%d0%bb%d0%b8%d1%82-%d1%82%d0%b5%d1%80%d0%bc%d0%be%d0%bf%d0%be%d0%bc%d0%bf%d0%b8/lg-therma-v-%d1%82%d0%b5%d1%80%d0%bc%d0%be%d0%bf%d0%be%d0%bc%d0%bf%d0%b0-%d1%81%d0%bf%d0%bb%d0%b8%d1%82-hu061mr-u20-hn0613m-nk5/,https://jtclima.bg/wp-content/uploads/2024/12/thumb11_1.jpg,Термопомпи,термопомпа сплит,Термопомпи,4949.00 EUR,4059.00 EUR,термопомпа сплит;Термопомпи;Термопомпа сплит система;LG;Термопомпи LG,,,,,,,,,
16791,,LG,https://jtclima.bg/produkti/termopompi/%d1%85%d0%b8%d0%b4%d1%80%d0%be%d1%81%d0%bf%d0%bb%d0%b8%d1%82-%d1%82%d0%b5%d1%80%d0%bc%d0%be%d0%bf%d0%be%d0%bc%d0%bf%d0%b8/lg-%d1%85%d0%b8%d0%b4%d1%80%d0%be%d1%81%d0%bf%d0%bb%d0%b8%d1%82-%d1%82%d0%b5%d1%80%d0%bc%d0%be%d0%bf%d0%be%d0%bc%d0%bf%d0%b8/lg-therma-v-%d1%82%d0%b5%d1%80%d0%bc%d0%be%d0%bf%d0%be%d0%bc%d0%bf%d0%b0-%d1%81%d0%bf%d0%bb%d0%b8%d1%82-hu091mr-u44-hn091mr-nk5/,https://jtclima.bg/wp-content/uploads/2024/12/thumb11_1.jpg,Термопомпи,термопомпа сплит,Термопомпи,5539.00 EUR,4539.00 EUR,термопомпа сплит;Термопомпи;Термопомпа сплит система;LG;Термопомпи LG,,,,,,,,,
16789,,LG,https://jtclima.bg/produkti/termopompi/%d1%85%d0%b8%d0%b4%d1%80%d0%be%d1%81%d0%bf%d0%bb%d0%b8%d1%82-%d1%82%d0%b5%d1%80%d0%bc%d0%be%d0%bf%d0%be%d0%bc%d0%bf%d0%b8/lg-%d1%85%d0%b8%d0%b4%d1%80%d0%be%d1%81%d0%bf%d0%bb%d0%b8%d1%82-%d1%82%d0%b5%d1%80%d0%bc%d0%be%d0%bf%d0%be%d0%bc%d0%bf%d0%b8/lg-therma-v-%d1%82%d0%b5%d1%80%d0%bc%d0%be%d0%bf%d0%be%d0%bc%d0%bf%d0%b0-split-hu071mr-u44-hn091mr-nk5/,https://jtclima.bg/wp-content/uploads/2024/12/thumb11_1.jpg,Термопомпи,термопомпа сплит,Термопомпи,5489.00 EUR,4499.00 EUR,термопомпа сплит;Термопомпи;Термопомпа сплит система;LG;Термопомпи LG,,,,,,,,,
16770,,LG,https://jtclima.bg/produkti/termopompi/%d1%85%d0%b8%d0%b4%d1%80%d0%be%d1%81%d0%bf%d0%bb%d0%b8%d1%82-%d1%82%d0%b5%d1%80%d0%bc%d0%be%d0%bf%d0%be%d0%bc%d0%bf%d0%b8/lg-%d1%85%d0%b8%d0%b4%d1%80%d0%be%d1%81%d0%bf%d0%bb%d0%b8%d1%82-%d1%82%d0%b5%d1%80%d0%bc%d0%be%d0%bf%d0%be%d0%bc%d0%bf%d0%b8/lg-therma-v-%d1%82%d0%b5%d1%80%d0%bc%d0%be%d0%bf%d0%be%d0%bc%d0%bf%d0%b0-split-hu051mr-u44-hn091mr-nk5/,https://jtclima.bg/wp-content/uploads/2024/12/thumb11_1.jpg,Термопомпи,термопомпа сплит,Термопомпи,5419.00 EUR,4439.00 EUR,термопомпа сплит;Термопомпи;Термопомпа сплит система;LG;Термопомпи LG,,,,,,,,,
16761,,Crystal PEVH-90V4DA,https://jtclima.bg/produkti/termopompi/%d0%bc%d0%be%d0%bd%d0%be%d0%b1%d0%bb%d0%be%d0%ba/crystal-%d0%bc%d0%be%d0%bd%d0%be%d0%b1%d0%bb%d0%be%d0%ba/crystal-hight-power-%d0%b8%d0%bd%d0%b2%d0%b5%d1%80%d1%82%d0%be%d1%80%d0%bd%d0%b0-%d1%82%d0%b5%d1%80%d0%bc%d0%be%d0%bf%d0%be%d0%bc%d0%bf%d0%b0-%d0%bc%d0%be%d0%bd%d0%be%d0%b1%d0%bb%d0%be%d0%ba-2/,https://jtclima.bg/wp-content/uploads/2024/12/termopompa-crystal-high-power-90-kw.webp,Термопомпи,инверторна термопомпа,Термопомпи,19941.00 EUR,18999.00 EUR,инверторна термопомпа моноблок;Термопомпи;Термопомпа моноблок;Crystal;Термопомпи Crystal,,,,,,,,,
16757,,Crystal PEVH-45V4DAR410A,https://jtclima.bg/produkti/termopompi/%d0%bc%d0%be%d0%bd%d0%be%d0%b1%d0%bb%d0%be%d0%ba/crystal-%d0%bc%d0%be%d0%bd%d0%be%d0%b1%d0%bb%d0%be%d0%ba/crystal-hight-power-%d0%b8%d0%bd%d0%b2%d0%b5%d1%80%d1%82%d0%be%d1%80%d0%bd%d0%b0-%d1%82%d0%b5%d1%80%d0%bc%d0%be%d0%bf%d0%be%d0%bc%d0%bf%d0%b0-%d0%bc%d0%be%d0%bd%d0%be%d0%b1%d0%bb%d0%be%d0%ba-45kw-pev/,https://jtclima.bg/wp-content/uploads/2024/12/termopompa-crystal-high-power-45-kw.webp,Термопомпи,инверторна термопомпа,Термопомпи,11249.00 EUR,10899.00 EUR,инверторна термопомпа моноблок;Термопомпи;Термопомпа моноблок;Crystal;Термопомпи Crystal,,,,,,,,,
16754,,Crystal R410A,https://jtclima.bg/produkti/termopompi/%d0%bc%d0%be%d0%bd%d0%be%d0%b1%d0%bb%d0%be%d0%ba/crystal-%d0%bc%d0%be%d0%bd%d0%be%d0%b1%d0%bb%d0%be%d0%ba/crystal-hight-power-%d0%b8%d0%bd%d0%b2%d0%b5%d1%80%d1%82%d0%be%d1%80%d0%bd%d0%b0-%d1%82%d0%b5%d1%80%d0%bc%d0%be%d0%bf%d0%be%d0%bc%d0%bf%d0%b0-%d0%bc%d0%be%d0%bd%d0%be%d0%b1%d0%bb%d0%be%d0%ba/,https://jtclima.bg/wp-content/uploads/2024/12/termopompa-crystal-high-power-25-30-kw.webp,Термопомпи,инверторна термопомпа,Термопомпи,7159.00 EUR,6939.00 EUR,инверторна термопомпа моноблок;Термопомпи;Термопомпа моноблок;Crystal;Термопомпи Crystal,,,,,,,,,
16748,,Crystal CLI-16S-CLO-16S,https://jtclima.bg/produkti/termopompi/%d1%85%d0%b8%d0%b4%d1%80%d0%be%d1%81%d0%bf%d0%bb%d0%b8%d1%82-%d1%82%d0%b5%d1%80%d0%bc%d0%be%d0%bf%d0%be%d0%bc%d0%bf%d0%b8/crystal-%d1%85%d0%b8%d0%b4%d1%80%d0%be%d1%81%d0%bf%d0%bb%d0%b8%d1%82-%d1%82%d0%b5%d1%80%d0%bc%d0%be%d0%bf%d0%be%d0%bc%d0%bf%d0%b8/crystal-onyx-%d0%b8%d0%bd%d0%b2%d0%b5%d1%80%d1%82%d0%be%d1%80%d0%bd%d0%b0-%d1%82%d0%b5%d1%80%d0%bc%d0%be%d0%bf%d0%be%d0%bc%d0%bf%d0%b0-%d1%81%d0%bf%d0%bb%d0%b8%d1%82-cli-16s-clo-16s/,https://jtclima.bg/wp-content/uploads/2024/12/termopomi-onyx-extri-16.webp,Термопомпи,инверторна термопомпа,Термопомпи,4597.00 EUR,4129.00 EUR,инверторна термопомпа сплит;Термопомпи;Crystal;Термопомпа сплит система;Термопомпи Crystal,,,,,,,,,
16742,,Crystal CLI-10S-CLO-10S,https://jtclima.bg/produkti/termopompi/%d1%85%d0%b8%d0%b4%d1%80%d0%be%d1%81%d0%bf%d0%bb%d0%b8%d1%82-%d1%82%d0%b5%d1%80%d0%bc%d0%be%d0%bf%d0%be%d0%bc%d0%bf%d0%b8/crystal-%d1%85%d0%b8%d0%b4%d1%80%d0%be%d1%81%d0%bf%d0%bb%d0%b8%d1%82-%d1%82%d0%b5%d1%80%d0%bc%d0%be%d0%bf%d0%be%d0%bc%d0%bf%d0%b8/crystal-onyx-%d0%b8%d0%bd%d0%b2%d0%b5%d1%80%d1%82%d0%be%d1%80%d0%bd%d0%b0-%d1%82%d0%b5%d1%80%d0%bc%d0%be%d0%bf%d0%be%d0%bc%d0%bf%d0%b0-split-cli-12s-clo-12s/,https://jtclima.bg/wp-content/uploads/2024/12/termopomi-onyx-extri-12kw.webp,Термопомпи,инверторна термопомпа,Термопомпи,3369.00 EUR,3029.00 EUR,инверторна термопомпа сплит;Термопомпи;Crystal;Термопомпа сплит система;Термопомпи Crystal,,,,,,,,,
16736,,Crystal CLI-8S-CLO-8S,https://jtclima.bg/produkti/termopompi/%d1%85%d0%b8%d0%b4%d1%80%d0%be%d1%81%d0%bf%d0%bb%d0%b8%d1%82-%d1%82%d0%b5%d1%80%d0%bc%d0%be%d0%bf%d0%be%d0%bc%d0%bf%d0%b8/crystal-%d1%85%d0%b8%d0%b4%d1%80%d0%be%d1%81%d0%bf%d0%bb%d0%b8%d1%82-%d1%82%d0%b5%d1%80%d0%bc%d0%be%d0%bf%d0%be%d0%bc%d0%bf%d0%b8/crystal-onyx-%d0%b8%d0%bd%d0%b2%d0%b5%d1%80%d1%82%d0%be%d1%80%d0%bd%d0%b0-%d1%82%d0%b5%d1%80%d0%bc%d0%be%d0%bf%d0%be%d0%bc%d0%bf%d0%b0-split-cli-8s-clo-8s/,https://jtclima.bg/wp-content/uploads/2024/12/termopomi-onyx-extri-8kw-800x800-1.webp,Термопомпи,инверторна термопомпа,Термопомпи,3063.00 EUR,2759.00 EUR,инверторна термопомпа сплит;Термопомпи;Crystal;Термопомпа сплит система;Термопомпи Crystal,,,,,,,,,
16732,,Crystal LAVA-19AM,https://jtclima.bg/produkti/termopompi/%d0%bc%d0%be%d0%bd%d0%be%d0%b1%d0%bb%d0%be%d0%ba/crystal-%d0%bc%d0%be%d0%bd%d0%be%d0%b1%d0%bb%d0%be%d0%ba/crystal-lava-%d0%b8%d0%bd%d0%b2%d0%b5%d1%80%d1%82%d0%be%d1%80%d0%bd%d0%b0-%d1%82%d0%b5%d1%80%d0%bc%d0%be%d0%bf%d0%be%d0%bc%d0%bf%d0%b0-%d0%bc%d0%be%d0%bd%d0%be%d0%b1%d0%bb%d0%be%d0%ba-lava-19am/,https://jtclima.bg/wp-content/uploads/2024/12/termopomi-lava-heatpumps-extri-19kw.webp,Термопомпи,инверторна термопомпа,Термопомпи,4449.00 EUR,3999.00 EUR,инверторна термопомпа моноблок;Термопомпи;Термопомпа моноблок;Crystal;Термопомпи Crystal,,,,,,,,,
16729,,Crystal LAVA-12AM,https://jtclima.bg/produkti/termopompi/%d0%bc%d0%be%d0%bd%d0%be%d0%b1%d0%bb%d0%be%d0%ba/crystal-%d0%bc%d0%be%d0%bd%d0%be%d0%b1%d0%bb%d0%be%d0%ba/crystal-lava-%d0%b8%d0%bd%d0%b2%d0%b5%d1%80%d1%82%d0%be%d1%80%d0%bd%d0%b0-%d1%82%d0%b5%d1%80%d0%bc%d0%be%d0%bf%d0%be%d0%bc%d0%bf%d0%b0-%d0%bc%d0%be%d0%bd%d0%be%d0%b1%d0%bb%d0%be%d0%ba-lava-12am/,https://jtclima.bg/wp-content/uploads/2024/12/termopomi-lava-heatpumps-extri-12kw.webp,Термопомпи,инверторна термопомпа,Термопомпи,3835.00 EUR,3449.00 EUR,инверторна термопомпа моноблок;Термопомпи;Термопомпа моноблок;Crystal;Термопомпи Crystal,,,,,,,,,
16726,,Crystal LAVA-09AM,https://jtclima.bg/produkti/termopompi/%d0%bc%d0%be%d0%bd%d0%be%d0%b1%d0%bb%d0%be%d0%ba/crystal-%d0%bc%d0%be%d0%bd%d0%be%d0%b1%d0%bb%d0%be%d0%ba/crystal-lava-%d0%b8%d0%bd%d0%b2%d0%b5%d1%80%d1%82%d0%be%d1%80%d0%bd%d0%b0-%d1%82%d0%b5%d1%80%d0%bc%d0%be%d0%bf%d0%be%d0%bc%d0%bf%d0%b0-%d0%bc%d0%be%d0%bd%d0%be%d0%b1%d0%bb%d0%be%d0%ba-lava-09am/,https://jtclima.bg/wp-content/uploads/2024/12/termopomi-lava-heatpumps-extri-9kw.webp,Термопомпи,инверторна термопомпа,Термопомпи,3528.00 EUR,3169.00 EUR,инверторна термопомпа моноблок;Термопомпи;Термопомпа моноблок;Crystal;Термопомпи Crystal,,,,,,,,,
16665,,Crystal LAVA-06AM,https://jtclima.bg/produkti/termopompi/%d0%bc%d0%be%d0%bd%d0%be%d0%b1%d0%bb%d0%be%d0%ba/crystal-%d0%bc%d0%be%d0%bd%d0%be%d0%b1%d0%bb%d0%be%d0%ba/crystal-lava-%d0%b8%d0%bd%d0%b2%d0%b5%d1%80%d1%82%d0%be%d1%80%d0%bd%d0%b0-%d1%82%d0%b5%d1%80%d0%bc%d0%be%d0%bf%d0%be%d0%bc%d0%bf%d0%b0-%d0%bc%d0%be%d0%bd%d0%be%d0%b1%d0%bb%d0%be%d0%ba-lava-06am/,https://jtclima.bg/wp-content/uploads/2024/12/termopomi-lava-heatpumps-extr-6kwi.webp,Термопомпи,инверторна термопомпа,Термопомпи,3017.00 EUR,2719.00 EUR,инверторна термопомпа моноблок;Термопомпи;Термопомпа моноблок;Crystal;Термопомпи Crystal,,,,,,,,,
16663,,Alpin AWHM-120J5BA3,https://jtclima.bg/produkti/termopompi/proizvoditeli/%d1%82%d0%b5%d1%80%d0%bc%d0%be%d0%bf%d0%be%d0%bc%d0%bf%d0%b8-alpin/carrier-%d0%b8%d0%bd%d0%b2%d0%b5%d1%80%d1%82%d0%be%d1%80%d0%bd%d0%b0-%d1%82%d0%b5%d1%80%d0%bc%d0%be%d0%bf%d0%be%d0%bc%d0%bf%d0%b0-%d0%bc%d0%be%d0%bd%d0%be%d0%b1%d0%bb%d0%be%d0%ba-30awh016h-9/,https://jtclima.bg/wp-content/uploads/2024/12/ETS-MAX-4-6.003-scaled.jpeg,Термопомпи Alpin,инверторна термопомпа,Термопомпи Alpin,4710.00 EUR,4380.00 EUR,инверторна термопомпа моноблок;Термопомпи Alpin;Термопомпи;Термопомпа моноблок;Alpin;Производители,,,,,,,,,
16658,,Alpin AWHM-100J5BA3,https://jtclima.bg/produkti/termopompi/proizvoditeli/%d1%82%d0%b5%d1%80%d0%bc%d0%be%d0%bf%d0%be%d0%bc%d0%bf%d0%b8-alpin/carrier-%d0%b8%d0%bd%d0%b2%d0%b5%d1%80%d1%82%d0%be%d1%80%d0%bd%d0%b0-%d1%82%d0%b5%d1%80%d0%bc%d0%be%d0%bf%d0%be%d0%bc%d0%bf%d0%b0-%d0%bc%d0%be%d0%bd%d0%be%d0%b1%d0%bb%d0%be%d0%ba-30awh016h/,https://jtclima.bg/wp-content/uploads/2024/12/ETS-MAX-4-6.003-scaled.jpeg,Термопомпи Alpin,инверторна термопомпа,Термопомпи Alpin,4135.00 EUR,3845.00 EUR,инверторна термопомпа моноблок;Термопомпи Alpin;Термопомпи;Термопомпа моноблок;Alpin;Производители,,,,,,,,,
16650,,Alpin AWHM-80J5BA3,https://jtclima.bg/produkti/termopompi/proizvoditeli/%d1%82%d0%b5%d1%80%d0%bc%d0%be%d0%bf%d0%be%d0%bc%d0%bf%d0%b8-alpin/carrier-%d0%b8%d0%bd%d0%b2%d0%b5%d1%80%d1%82%d0%be%d1%80%d0%bd%d0%b0-%d1%82%d0%b5%d1%80%d0%bc%d0%be%d0%bf%d0%be%d0%bc%d0%bf%d0%b0-%d0%bc%d0%be%d0%bd%d0%be%d0%b1%d0%bb%d0%be%d0%ba-30awh012h/,https://jtclima.bg/wp-content/uploads/2024/12/ETS-MAX-4-6.003-scaled.jpeg,Термопомпи Alpin,инверторна термопомпа,Термопомпи Alpin,3930.00 EUR,3654.00 EUR,инверторна термопомпа моноблок;Термопомпи Alpin;Термопомпи;Термопомпа моноблок;Alpin;Производители,,,,,,,,,
16640,,Alpin AWHM-60J5BA3,https://jtclima.bg/produkti/termopompi/proizvoditeli/%d1%82%d0%b5%d1%80%d0%bc%d0%be%d0%bf%d0%be%d0%bc%d0%bf%d0%b8-alpin/carrier-%d0%b8%d0%bd%d0%b2%d0%b5%d1%80%d1%82%d0%be%d1%80%d0%bd%d0%b0-%d1%82%d0%b5%d1%80%d0%bc%d0%be%d0%bf%d0%be%d0%bc%d0%bf%d0%b0-%d0%bc%d0%be%d0%bd%d0%be%d0%b1%d0%bb%d0%be%d0%ba-30awh010h/,https://jtclima.bg/wp-content/uploads/2024/12/ETS-MAX-4-6.003-scaled.jpeg,Термопомпи Alpin,инверторна термопомпа,Термопомпи Alpin,3470.00 EUR,3227.00 EUR,инверторна термопомпа моноблок;Термопомпи Alpin;Термопомпи;Термопомпа моноблок;Alpin;Производители,,,,,,,,,
16637,,Alpin AWHM-40J5BA3,https://jtclima.bg/produkti/termopompi/proizvoditeli/%d1%82%d0%b5%d1%80%d0%bc%d0%be%d0%bf%d0%be%d0%bc%d0%bf%d0%b8-alpin/carrier-%d0%b8%d0%bd%d0%b2%d0%b5%d1%80%d1%82%d0%be%d1%80%d0%bd%d0%b0-%d1%82%d0%b5%d1%80%d0%bc%d0%be%d0%bf%d0%be%d0%bc%d0%bf%d0%b0-%d0%bc%d0%be%d0%bd%d0%be%d0%b1%d0%bb%d0%be%d0%ba-30awh006h/,https://jtclima.bg/wp-content/uploads/2024/12/ETS-MAX-4-6.003-scaled.jpeg,Термопомпи Alpin,инверторна термопомпа,Термопомпи Alpin,3160.00 EUR,2938.00 EUR,инверторна термопомпа моноблок;Термопомпи Alpin;Термопомпи;Термопомпа моноблок;Alpin;Производители,,,,,,,,,
16628,,Toshiba,https://jtclima.bg/produkti/termopompi/%d1%85%d0%b8%d0%b4%d1%80%d0%be%d1%81%d0%bf%d0%bb%d0%b8%d1%82-%d1%82%d0%b5%d1%80%d0%bc%d0%be%d0%bf%d0%be%d0%bc%d0%bf%d0%b8/toshiba-%d1%85%d0%b8%d0%b4%d1%80%d0%be%d1%81%d0%bf%d0%bb%d0%b8%d1%82-%d1%82%d0%b5%d1%80%d0%bc%d0%be%d0%bf%d0%be%d0%bc%d0%bf%d0%b8/toshiba-%d1%82%d0%b5%d1%80%d0%bc%d0%be%d0%bf%d0%be%d0%bc%d0%bf%d0%b0-estia-powerful-split-hws-p1405h8r-ehws-p1105xwht9-e/,https://jtclima.bg/wp-content/uploads/2024/12/estia-powerful-new.jpg,Термопомпи,термопомпа,Термопомпи,9669.00 EUR,8989.00 EUR,термопомпа;Термопомпи;Термопомпа сплит система;Toshiba;Термопомпи Toshiba,,,,,,,,,
16627,,Toshiba,https://jtclima.bg/produkti/termopompi/%d1%85%d0%b8%d0%b4%d1%80%d0%be%d1%81%d0%bf%d0%bb%d0%b8%d1%82-%d1%82%d0%b5%d1%80%d0%bc%d0%be%d0%bf%d0%be%d0%bc%d0%bf%d0%b8/toshiba-%d1%85%d0%b8%d0%b4%d1%80%d0%be%d1%81%d0%bf%d0%bb%d0%b8%d1%82-%d1%82%d0%b5%d1%80%d0%bc%d0%be%d0%bf%d0%be%d0%bc%d0%bf%d0%b8/toshiba-%d1%82%d0%b5%d1%80%d0%bc%d0%be%d0%bf%d0%be%d0%bc%d0%bf%d0%b0-estia-split-powerful-hws-p1105h8r-ehws-p1105xwht9-e/,https://jtclima.bg/wp-content/uploads/2024/12/estia-powerful-new.jpg,Термопомпи,термопомпа,Термопомпи,9428.00 EUR,8759.00 EUR,термопомпа;Термопомпи;Термопомпа сплит система;Toshiba;Термопомпи Toshiba,,,,,,,,,
16624,,Toshiba,https://jtclima.bg/produkti/termopompi/%d1%85%d0%b8%d0%b4%d1%80%d0%be%d1%81%d0%bf%d0%bb%d0%b8%d1%82-%d1%82%d0%b5%d1%80%d0%bc%d0%be%d0%bf%d0%be%d0%bc%d0%bf%d0%b8/toshiba-%d1%85%d0%b8%d0%b4%d1%80%d0%be%d1%81%d0%bf%d0%bb%d0%b8%d1%82-%d1%82%d0%b5%d1%80%d0%bc%d0%be%d0%bf%d0%be%d0%bc%d0%bf%d0%b8/toshiba-%d1%82%d0%b5%d1%80%d0%bc%d0%be%d0%bf%d0%be%d0%bc%d0%bf%d0%b0-estia-split-powerful-hws-p1105hr-ehws-p1105xwht9-e/,https://jtclima.bg/wp-content/uploads/2024/12/estia-powerful-new.jpg,Термопомпи,термопомпа,Термопомпи,8682.00 EUR,8069.00 EUR,термопомпа;Термопомпи;Термопомпа сплит система;Toshiba;Термопомпи Toshiba,,,,,,,,,
16620,,Toshiba,https://jtclima.bg/produkti/termopompi/%d1%85%d0%b8%d0%b4%d1%80%d0%be%d1%81%d0%bf%d0%bb%d0%b8%d1%82-%d1%82%d0%b5%d1%80%d0%bc%d0%be%d0%bf%d0%be%d0%bc%d0%bf%d0%b8/toshiba-%d1%85%d0%b8%d0%b4%d1%80%d0%be%d1%81%d0%bf%d0%bb%d0%b8%d1%82-%d1%82%d0%b5%d1%80%d0%bc%d0%be%d0%bf%d0%be%d0%bc%d0%bf%d0%b8/toshiba-%d1%82%d0%b5%d1%80%d0%bc%d0%be%d0%bf%d0%be%d0%bc%d0%bf%d0%b0-estia-split-powerful-hws-p805hr-ehws-p805xwht9-e/,https://jtclima.bg/wp-content/uploads/2024/12/estia-powerful-new.jpg,Термопомпи,термопомпа,Термопомпи,7424.00 EUR,6899.00 EUR,термопомпа;Термопомпи;Термопомпа сплит система;Toshiba;Термопомпи Toshiba,,,,,,,,,
16617,,Toshiba,https://jtclima.bg/produkti/termopompi/%d1%85%d0%b8%d0%b4%d1%80%d0%be%d1%81%d0%bf%d0%bb%d0%b8%d1%82-%d1%82%d0%b5%d1%80%d0%bc%d0%be%d0%bf%d0%be%d0%bc%d0%bf%d0%b8/toshiba-%d1%85%d0%b8%d0%b4%d1%80%d0%be%d1%81%d0%bf%d0%bb%d0%b8%d1%82-%d1%82%d0%b5%d1%80%d0%bc%d0%be%d0%bf%d0%be%d0%bc%d0%bf%d0%b8/toshiba-%d1%82%d0%b5%d1%80%d0%bc%d0%be%d0%bf%d0%be%d0%bc%d0%bf%d0%b0-estia-split-hwt-1401hw-ehwt-1401xwht9w-e/,https://jtclima.bg/wp-content/uploads/2024/12/estia-R32-HWT.png,Термопомпи,термопомпа,Термопомпи,10409.00 EUR,9679.00 EUR,термопомпа;Термопомпи;Термопомпа сплит система;Toshiba;Термопомпи Toshiba,,,,,,,,,
16616,,Toshiba,https://jtclima.bg/produkti/termopompi/%d1%85%d0%b8%d0%b4%d1%80%d0%be%d1%81%d0%bf%d0%bb%d0%b8%d1%82-%d1%82%d0%b5%d1%80%d0%bc%d0%be%d0%bf%d0%be%d0%bc%d0%bf%d0%b8/toshiba-%d1%85%d0%b8%d0%b4%d1%80%d0%be%d1%81%d0%bf%d0%bb%d0%b8%d1%82-%d1%82%d0%b5%d1%80%d0%bc%d0%be%d0%bf%d0%be%d0%bc%d0%bf%d0%b8/toshiba-%d1%82%d0%b5%d1%80%d0%bc%d0%be%d0%bf%d0%be%d0%bc%d0%bf%d0%b0-estia-split-hwt-1101hw-ehwt1101xwht9w-e/,https://jtclima.bg/wp-content/uploads/2024/12/estia-R32-HWT.png,Термопомпи,термопомпа,Термопомпи,7318.00 EUR,6799.00 EUR,термопомпа;Термопомпи;Термопомпа сплит система;Toshiba;Термопомпи Toshiba,,,,,,,,,
16613,,Toshiba,https://jtclima.bg/produkti/termopompi/%d1%85%d0%b8%d0%b4%d1%80%d0%be%d1%81%d0%bf%d0%bb%d0%b8%d1%82-%d1%82%d0%b5%d1%80%d0%bc%d0%be%d0%bf%d0%be%d0%bc%d0%bf%d0%b8/toshiba-%d1%85%d0%b8%d0%b4%d1%80%d0%be%d1%81%d0%bf%d0%bb%d0%b8%d1%82-%d1%82%d0%b5%d1%80%d0%bc%d0%be%d0%bf%d0%be%d0%bc%d0%bf%d0%b8/toshiba-%d1%82%d0%b5%d1%80%d0%bc%d0%be%d0%bf%d0%be%d0%bc%d0%bf%d0%b0-estia-split-hwt-801hw-ehwt-1101xwhm3w-e/,https://jtclima.bg/wp-content/uploads/2024/12/estia-R32-HWT.png,Термопомпи,термопомпа,Термопомпи,6462.00 EUR,6009.00 EUR,термопомпа;Термопомпи;Термопомпа сплит система;Toshiba;Термопомпи Toshiba,,,,,,,,,
16609,,Toshiba,https://jtclima.bg/produkti/termopompi/%d1%85%d0%b8%d0%b4%d1%80%d0%be%d1%81%d0%bf%d0%bb%d0%b8%d1%82-%d1%82%d0%b5%d1%80%d0%bc%d0%be%d0%bf%d0%be%d0%bc%d0%bf%d0%b8/toshiba-%d1%85%d0%b8%d0%b4%d1%80%d0%be%d1%81%d0%bf%d0%bb%d0%b8%d1%82-%d1%82%d0%b5%d1%80%d0%bc%d0%be%d0%bf%d0%be%d0%bc%d0%bf%d0%b8/toshiba-%d1%82%d0%b5%d1%80%d0%bc%d0%be%d0%bf%d0%be%d0%bc%d0%bf%d0%b0-estia-split-hwt-601hw-ehwt-601xwht6w-e/,https://jtclima.bg/wp-content/uploads/2024/12/estia-R32-HWT.png,Термопомпи,термопомпа,Термопомпи,4637.00 EUR,4309.00 EUR,термопомпа;Термопомпи;Термопомпа сплит система;Toshiba;Термопомпи Toshiba,,,,,,,,,
16605,,Hisense,https://jtclima.bg/produkti/termopompi/%d1%82%d0%b5%d1%80%d0%bc%d0%be%d0%bf%d0%be%d0%bc%d0%bf%d0%b8-%d1%81-%d0%b2%d0%b3%d1%80%d0%b0%d0%b4%d0%b5%d0%bd-%d0%b1%d0%be%d0%b9%d0%bb%d0%b5%d1%80/hisense-%d1%82%d0%b5%d1%80%d0%bc%d0%be%d0%bf%d0%be%d0%bc%d0%bf%d0%b8-%d1%81-%d0%b2%d0%b3%d1%80%d0%b0%d0%b4%d0%b5%d0%bd-%d0%b1%d0%be%d0%b9%d0%bb%d0%b5%d1%80/hisense-%d1%82%d0%b5%d1%80%d0%bc%d0%be%d0%bf%d0%be%d0%bc%d0%bf%d0%b0-hi-therma-integra-ahw-160heds1ahs-160hedsaa-23/,https://jtclima.bg/wp-content/uploads/2024/12/hisense-integra-1.png,Термопомпи,термопомпа,Термопомпи,8135.00 EUR,6752.00 EUR,термопомпа;Термопомпи;Hisense;Термопомпи с вграден бойлер,,,,,,,,,
16604,,Hisense,https://jtclima.bg/produkti/termopompi/%d1%82%d0%b5%d1%80%d0%bc%d0%be%d0%bf%d0%be%d0%bc%d0%bf%d0%b8-%d1%81-%d0%b2%d0%b3%d1%80%d0%b0%d0%b4%d0%b5%d0%bd-%d0%b1%d0%be%d0%b9%d0%bb%d0%b5%d1%80/hisense-%d1%82%d0%b5%d1%80%d0%bc%d0%be%d0%bf%d0%be%d0%bc%d0%bf%d0%b8-%d1%81-%d0%b2%d0%b3%d1%80%d0%b0%d0%b4%d0%b5%d0%bd-%d0%b1%d0%be%d0%b9%d0%bb%d0%b5%d1%80/hisense-%d1%82%d0%b5%d1%80%d0%bc%d0%be%d0%bf%d0%be%d0%bc%d0%bf%d0%b0-hi-therma-integra-ahw-120hcds1ahs-120hcdsaa-23/,https://jtclima.bg/wp-content/uploads/2024/12/hisense-integra-1.png,Термопомпи,термопомпа,Термопомпи,6780.00 EUR,5627.00 EUR,термопомпа;Термопомпи;Hisense;Термопомпи с вграден бойлер,,,,,,,,,
16600,,Hisense,https://jtclima.bg/produkti/termopompi/%d1%82%d0%b5%d1%80%d0%bc%d0%be%d0%bf%d0%be%d0%bc%d0%bf%d0%b8-%d1%81-%d0%b2%d0%b3%d1%80%d0%b0%d0%b4%d0%b5%d0%bd-%d0%b1%d0%be%d0%b9%d0%bb%d0%b5%d1%80/hisense-%d1%82%d0%b5%d1%80%d0%bc%d0%be%d0%bf%d0%be%d0%bc%d0%bf%d0%b8-%d1%81-%d0%b2%d0%b3%d1%80%d0%b0%d0%b4%d0%b5%d0%bd-%d0%b1%d0%be%d0%b9%d0%bb%d0%b5%d1%80/hisense-%d1%82%d0%b5%d1%80%d0%bc%d0%be%d0%bf%d0%be%d0%bc%d0%bf%d0%b0-hi-therma-integra-ahw-080hcds1ahs-080hcdsaa-23/,https://jtclima.bg/wp-content/uploads/2024/12/hisense-integra-1.png,Термопомпи,термопомпа,Термопомпи,5087.00 EUR,4222.00 EUR,термопомпа;Термопомпи;Hisense;Термопомпи с вграден бойлер,,,,,,,,,
16594,,Hisense,https://jtclima.bg/produkti/termopompi/%d1%82%d0%b5%d1%80%d0%bc%d0%be%d0%bf%d0%be%d0%bc%d0%bf%d0%b8-%d1%81-%d0%b2%d0%b3%d1%80%d0%b0%d0%b4%d0%b5%d0%bd-%d0%b1%d0%be%d0%b9%d0%bb%d0%b5%d1%80/hisense-%d1%82%d0%b5%d1%80%d0%bc%d0%be%d0%bf%d0%be%d0%bc%d0%bf%d0%b8-%d1%81-%d0%b2%d0%b3%d1%80%d0%b0%d0%b4%d0%b5%d0%bd-%d0%b1%d0%be%d0%b9%d0%bb%d0%b5%d1%80/hisense-%d1%82%d0%b5%d1%80%d0%bc%d0%be%d0%bf%d0%be%d0%bc%d0%bf%d0%b0-hi-therma-integra-ahw-044hcds1ahs-044hcdsaa-23/,https://jtclima.bg/wp-content/uploads/2024/12/hisense-integra-1.png,Термопомпи,термопомпа,Термопомпи,4600.00 EUR,3818.00 EUR,термопомпа;Термопомпи;Hisense;Термопомпи с вграден бойлер,,,,,,,,,
16592,,Hisense,https://jtclima.bg/produkti/termopompi/%d1%85%d0%b8%d0%b4%d1%80%d0%be%d1%81%d0%bf%d0%bb%d0%b8%d1%82-%d1%82%d0%b5%d1%80%d0%bc%d0%be%d0%bf%d0%be%d0%bc%d0%bf%d0%b8/hisense-%d1%85%d0%b8%d0%b4%d1%80%d0%be%d1%81%d0%bf%d0%bb%d0%b8%d1%82-%d1%82%d0%b5%d1%80%d0%bc%d0%be%d0%bf%d0%be%d0%bc%d0%bf%d0%b8/hisense-%d1%82%d0%b5%d1%80%d0%bc%d0%be%d0%bf%d0%be%d0%bc%d0%bf%d0%b0-hi-therma-split-ahw-160hcds1ahm-160hcdsaa/,https://jtclima.bg/wp-content/uploads/2024/12/hisense-split-1.png,Термопомпи,термопомпа,Термопомпи,5573.00 EUR,4681.00 EUR,термопомпа;Термопомпи;Термопомпа сплит система;Hisense;Термопомпи Hisense,,,,,,,,,
16590,,Hisense,https://jtclima.bg/produkti/termopompi/%d1%85%d0%b8%d0%b4%d1%80%d0%be%d1%81%d0%bf%d0%bb%d0%b8%d1%82-%d1%82%d0%b5%d1%80%d0%bc%d0%be%d0%bf%d0%be%d0%bc%d0%bf%d0%b8/hisense-%d1%85%d0%b8%d0%b4%d1%80%d0%be%d1%81%d0%bf%d0%bb%d0%b8%d1%82-%d1%82%d0%b5%d1%80%d0%bc%d0%be%d0%bf%d0%be%d0%bc%d0%bf%d0%b8/hisense-%d1%82%d0%b5%d1%80%d0%bc%d0%be%d0%bf%d0%be%d0%bc%d0%bf%d0%b0-hi-therma-split-ahw-120heds1ahm-120hedsaa/,https://jtclima.bg/wp-content/uploads/2024/12/hisense-split-1.png,Термопомпи,термопомпа,Термопомпи,5187.00 EUR,4357.00 EUR,термопомпа;Термопомпи;Термопомпа сплит система;Hisense;Термопомпи Hisense,,,,,,,,,
16586,,Hisense,https://jtclima.bg/produkti/termopompi/%d1%85%d0%b8%d0%b4%d1%80%d0%be%d1%81%d0%bf%d0%bb%d0%b8%d1%82-%d1%82%d0%b5%d1%80%d0%bc%d0%be%d0%bf%d0%be%d0%bc%d0%bf%d0%b8/hisense-%d1%85%d0%b8%d0%b4%d1%80%d0%be%d1%81%d0%bf%d0%bb%d0%b8%d1%82-%d1%82%d0%b5%d1%80%d0%bc%d0%be%d0%bf%d0%be%d0%bc%d0%bf%d0%b8/hisense-%d1%82%d0%b5%d1%80%d0%bc%d0%be%d0%bf%d0%be%d0%bc%d0%bf%d0%b0-hi-therma-split-ahw-120hcds1ahm-120hcdsaa/,https://jtclima.bg/wp-content/uploads/2024/12/hisense-split-1.png,Термопомпи,термопомпа,Термопомпи,4918.00 EUR,4131.00 EUR,термопомпа;Термопомпи;Термопомпа сплит система;Hisense;Термопомпи Hisense,,,,,,,,,
16581,,Hisense,https://jtclima.bg/produkti/termopompi/%d1%85%d0%b8%d0%b4%d1%80%d0%be%d1%81%d0%bf%d0%bb%d0%b8%d1%82-%d1%82%d0%b5%d1%80%d0%bc%d0%be%d0%bf%d0%be%d0%bc%d0%bf%d0%b8/hisense-%d1%85%d0%b8%d0%b4%d1%80%d0%be%d1%81%d0%bf%d0%bb%d0%b8%d1%82-%d1%82%d0%b5%d1%80%d0%bc%d0%be%d0%bf%d0%be%d0%bc%d0%bf%d0%b8/hisense-%d1%82%d0%b5%d1%80%d0%bc%d0%be%d0%bf%d0%be%d0%bc%d0%bf%d0%b0-hi-therma-split-ahw-080hcds1ahm-080hcdsaa/,https://jtclima.bg/wp-content/uploads/2024/12/hisense-split-1.png,Термопомпи,термопомпа,Термопомпи,4325.00 EUR,3633.00 EUR,термопомпа;Термопомпи;Термопомпа сплит система;Hisense;Термопомпи Hisense,,,,,,,,,
16579,,Hisense AHZ-160HEDS1,https://jtclima.bg/produkti/termopompi/%d0%bc%d0%be%d0%bd%d0%be%d0%b1%d0%bb%d0%be%d0%ba/hisense-%d0%bc%d0%be%d0%bd%d0%be%d0%b1%d0%bb%d0%be%d0%ba/hisense-%d1%82%d0%b5%d1%80%d0%bc%d0%be%d0%bf%d0%be%d0%bc%d0%bf%d0%b0-hi-therma-monobloc-ahz-160heds1/,https://jtclima.bg/wp-content/uploads/2024/12/hisense-mono-10-16.png,Термопомпи,термопомпа,Термопомпи,4602.00 EUR,4003.00 EUR,термопомпа;Термопомпи;Термопомпа моноблок;Hisense;Термопомпи Hisense,,,,,,,,,
16573,,Hisense AHZ-120HEDS1,https://jtclima.bg/produkti/termopompi/%d0%bc%d0%be%d0%bd%d0%be%d0%b1%d0%bb%d0%be%d0%ba/hisense-%d0%bc%d0%be%d0%bd%d0%be%d0%b1%d0%bb%d0%be%d0%ba/hisense-%d1%82%d0%b5%d1%80%d0%bc%d0%be%d0%bf%d0%be%d0%bc%d0%bf%d0%b0-hi-therma-monobloc-ahz-120heds1/,https://jtclima.bg/wp-content/uploads/2024/12/hisense-mono-10-16.png,Термопомпи,термопомпа,Термопомпи,4352.00 EUR,3699.00 EUR,термопомпа;Термопомпи;Термопомпа моноблок;Hisense;Термопомпи Hisense,,,,,,,,,
16566,,Hisense AHZ-080HCDS1,https://jtclima.bg/produkti/termopompi/%d0%bc%d0%be%d0%bd%d0%be%d0%b1%d0%bb%d0%be%d0%ba/hisense-%d0%bc%d0%be%d0%bd%d0%be%d0%b1%d0%bb%d0%be%d0%ba/hisense-%d1%82%d0%b5%d1%80%d0%bc%d0%be%d0%bf%d0%be%d0%bc%d0%bf%d0%b0-hi-therma-monobloc-ahz-080hcds1/,https://jtclima.bg/wp-content/uploads/2024/12/hisense-mono-1.png,Термопомпи,термопомпа,Термопомпи,3405.00 EUR,2894.00 EUR,термопомпа;Термопомпи;Термопомпа моноблок;Hisense;Термопомпи Hisense,,,,,,,,,
